-- phpMyAdmin SQL Dump
-- version 3.4.10.1deb1
-- http://www.phpmyadmin.net
--
-- 主机: localhost
-- 生成日期: 2014 年 09 月 14 日 16:53
-- 服务器版本: 5.5.35
-- PHP 版本: 5.3.10-1ubuntu3.10

SET SQL_MODE="NO_AUTO_VALUE_ON_ZERO";
SET time_zone = "+00:00";


/*!40101 SET @OLD_CHARACTER_SET_CLIENT=@@CHARACTER_SET_CLIENT */;
/*!40101 SET @OLD_CHARACTER_SET_RESULTS=@@CHARACTER_SET_RESULTS */;
/*!40101 SET @OLD_COLLATION_CONNECTION=@@COLLATION_CONNECTION */;
/*!40101 SET NAMES utf8 */;

--
-- 数据库: `xcz`
--

-- --------------------------------------------------------

--
-- 表的结构 `alembic_version`
--

CREATE TABLE IF NOT EXISTS `alembic_version` (
  `version_num` varchar(32) NOT NULL
) ENGINE=InnoDB DEFAULT CHARSET=utf8;

--
-- 转存表中的数据 `alembic_version`
--

INSERT INTO `alembic_version` (`version_num`) VALUES
('29414c55ae75');

-- --------------------------------------------------------

--
-- 表的结构 `author`
--

CREATE TABLE IF NOT EXISTS `author` (
  `id` int(11) NOT NULL AUTO_INCREMENT,
  `name` varchar(50) DEFAULT NULL,
  `abbr` varchar(50) DEFAULT NULL,
  `intro` text,
  `birth_year` varchar(20) DEFAULT NULL,
  `death_year` varchar(20) DEFAULT NULL,
  `dynasty_id` int(11) DEFAULT NULL,
  `updated_at` datetime DEFAULT NULL,
  PRIMARY KEY (`id`),
  KEY `dynasty_id` (`dynasty_id`),
  KEY `ix_author_abbr` (`abbr`)
) ENGINE=InnoDB  DEFAULT CHARSET=utf8 AUTO_INCREMENT=10110 ;

--
-- 转存表中的数据 `author`
--

INSERT INTO `author` (`id`, `name`, `abbr`, `intro`, `birth_year`, `death_year`, `dynasty_id`, `updated_at`) VALUES
(10001, '苏轼', 'sushi', '苏轼，北宋文学家、书画家。字子瞻，又字和仲，又称大苏，号东坡居士。眉州眉山（今属四川）人。与父苏洵、弟苏辙合称三苏。他在文学艺术方面堪称全才。其文汪洋恣肆，明白畅达，与欧阳修并称欧苏，为唐宋八大家之一；诗清新豪健，善用夸张比喻，在艺术表现方面独具风格，与黄庭坚并称苏黄；词开豪放一派，对后代很有影响，与辛弃疾并称苏辛；书法擅长行书、楷书，能自创新意，用笔丰腴跌宕，有天真烂漫之趣，与黄庭坚、米芾、蔡襄并称宋四家；画学文同，喜作枯木怪石，论画主张神似。著有《苏东坡全集》和《东坡乐府》等。', '1037', '1101', 10001, '2014-07-23 19:53:14'),
(10003, '辛弃疾', 'xinqiji', '辛弃疾，南宋词人，原字坦夫，改字幼安，别号稼轩，历城（今山东济南）人。出生时，中原已为金兵所占。21岁参加抗金义军，不久归南宋。历任湖北、江西、湖南、福建、浙东安抚使等职。一生力主抗金。曾上《美芹十论》与《九议》，条陈战守之策。其词抒写力图恢复国家统一的爱国热情，倾诉壮志难酬的悲愤，对当时执政者的屈辱求和颇多谴责；也有不少吟咏祖国河山的作品。题材广阔又善化用前人典故入词，风格沉雄豪迈又不乏细腻柔媚之处。作品集有《稼轩长短句》，今人辑有《辛稼轩诗文钞存》。 ', '1140', '1270', 10001, '2014-07-23 19:53:14'),
(10004, '归有光', 'guiyouguang', '归有光，明代官员、散文家。字熙甫，又字开甫，别号震川，又号项脊生，汉族，江苏昆山人。嘉靖十九年举人。会试落第八次，徙居嘉定安亭江上，读书谈道，学徒众多，60岁方成进士，历长兴知县、顺德通判、南京太仆寺丞，留掌内阁制敕房，与修《世宗实录》，卒于南京。归有光与唐顺之、王慎中两人均崇尚内容翔实、文字朴实的唐宋古文，并称为嘉靖三大家。由于归有光在散文创作方面的极深造诣，在当时被称为“今之欧阳修”，后人称赞其散文为“明文第一”，著有《震川集》、《三吴水利录》等。', '1506', '1571', 10007, '2014-07-23 19:53:14'),
(10005, '白居易', 'baijuyi', '白居易，字乐天，晚年又号香山居士，河南新郑（今郑州新郑）人，我国唐代伟大的现实主义诗人，中国文学史上负有盛名且影响深远的诗人和文学家。他的诗歌题材广泛，形式多样，语言平易通俗，有“诗魔”和“诗王”之称。官至翰林学士、左赞善大夫。有《白氏长庆集》传世，代表诗作有《长恨歌》、《卖炭翁》、《琵琶行》等。白居易故居纪念馆坐落于洛阳市郊。白园（白居易墓）坐落在洛阳城南香山的琵琶峰。 ', '772', '846', 10006, '2014-07-23 19:53:14'),
(10006, '老子', 'laozi', '老子即李耳，字聃，一字或曰谥伯阳。楚国苦县历乡曲仁里（今河南省鹿邑县太清宫镇）人，约生活于前571年至471年之间。是我国古代伟大的哲学家和思想家、道家学派创始人，被唐朝帝王追认为李姓始祖。老子故里苦县亦因老子先后更名为真源县、卫真县、鹿邑县，并在鹿邑留下许多与老子相关的珍贵文物。老子乃世界文化名人，世界百位历史名人之一，存世有《道德经》（又称《老子》），其作品的精华是朴素的辨证法，主张无为而治，其学说对中国哲学发展具有深刻影响。在道教中老子被尊为道祖。 ', '-571', '-458', 10005, '2014-08-20 23:31:21'),
(10007, '张岱', 'zhangdai', '张岱，又名维城，字宗子，又字石公，号陶庵、天孙，别号蝶庵居士，晚号六休居士，汉族，山阴（今浙江绍兴）人。寓居杭州。出生仕宦世家，少为富贵公子，精于茶艺鉴赏，明亡后不仕，入山著书以终。张岱为明末清初文学家、史学家，其最擅长散文，著有《琅嬛文集》《陶庵梦忆》《西湖梦寻》《三不朽图赞》《夜航船》等绝代文学名著。', '1597', '1679', 10007, '2014-07-23 19:53:14'),
(10008, '沈复', 'shenfu', '沈复 ，字三白，号梅逸，清乾隆二十八年生于长洲（今江苏苏州）。著有《浮生六记》。工诗画、散文。据《浮生六记》来看，他出身于幕僚家庭，没有参加过科举考试，曾以卖画维持生计。乾隆四十二年（公元1777年）随父亲到浙江绍兴求学。乾隆四十九年（公元1784年），乾隆皇帝巡江南，沈复随父亲恭迎圣驾。后来到苏州从事酒业。他与妻子陈芸感情甚好，因遭家庭变故，夫妻曾旅居外地，历经坎坷。妻子死后，他去四川充当幕僚。此后情况不明。', '1763', '1825', 10008, '2014-07-23 19:53:14'),
(10009, '李商隐', 'lishangyin', '李商隐，著名诗人。擅长诗歌写作，骈文文学价值也很高，他是晚唐最出色的诗人之一，和杜牧合称“小李杜”，与温庭筠合称为“温李”，因诗文与同时期的段成式、温庭筠风格相近，且三人都在家族里排行第十六，故并称为“三十六体”。其诗构思新奇，风格秾丽，尤其是一些爱情诗和无题诗写得缠绵悱恻，优美动人，广为人传诵。但部分诗歌过于隐晦迷离，难于索解，至有“诗家总爱西昆好，独恨无人作郑笺”之说。因处于牛李党争的夹缝之中，一生很不得志。死后葬于家乡沁阳（今沁阳与博爱县交界之处）。作品收录为《李义山诗集》。', '812', '858', 10006, '2014-07-23 19:53:14'),
(10011, '陶渊明', 'taoyuanming', '陶渊明，字元亮（又一说名潜，字渊明），号五柳先生，私谥靖节，东晋末期南朝宋初期诗人、文学家、辞赋家、散文家。汉族，东晋浔阳柴桑人。曾做过几年小官，后辞官回家，从此隐居，田园生活是陶渊明诗的主要题材，相关作品有《饮酒》、《归园田居》、《桃花源记》、《五柳先生传》、《归去来兮辞》等。', '352', '427', 10015, '2014-07-23 19:53:14'),
(10012, '曹操', 'caocao', '曹操，字孟德，小字阿瞒，沛国谯人，汉族。东汉末年著名政治家、军事家、文学家、书法家。三国中曹魏政权的缔造者，先为东汉大将军 、丞相，后为魏王。其子曹丕称帝后，追尊其为魏武帝。一生以汉朝大将军、丞相的名义征讨四方割据政权，为统一中国北方做出重大贡献，同时在北方屯田，对农业生产恢复有很大作用。曹操的诗作具有创新精神，开启并繁荣了建安文学，给后人留下了宝贵的精神财富，史称建安风骨。鲁迅评价其为“改造文章的祖师”。', '155', '220', 10014, '2014-07-23 19:53:14'),
(10013, '高濂', 'gaolian', '高濂，字深甫，号瑞南，钱塘（今浙江杭州）人，明万历年间的名士、戏曲家、养生家及书籍收藏家。工诗词及戏曲，藏书丰富，“少婴赢疾，复苦瞆眼”，高濂喜欢谈医道，重养生，咨访奇方秘药，用以治疗赢疾，眼疾遂愈。曾在北京鸿胪寺任官，后隐居西湖。高濂平生著作甚丰，主要有《玉簪记》、《节孝记》、《遵生八笺》、《草花谱》、《野蔌品》、《四时幽赏》、《四时逸事》、《艺花谱》、《兰谱》等。', '1573', '1620', 10007, '2014-07-23 19:53:14'),
(10014, '卢纶', 'lulun', '卢纶，字允言，唐代诗人，大历十才子之一，汉族，河中蒲（今山西省永济县）人。天宝末举进士，遇乱不第；代宗朝又应举， 屡试不第。大历六年，宰相元载举荐，授阌乡尉；后由王缙荐为集贤学士，秘书省校书郎，升监察御史。出为陕府户曹、河南密县令。后元载、王缙获罪，遭到牵连。德宗朝复为昭应令，又任河中浑瑊元帅府判官，官至检校户部郎中。有《卢户部诗集》。', '737', '799', 10006, '2014-07-23 19:53:14'),
(10015, '朱熹', 'zhuxi', '朱熹， 字元晦、一字仲晦，号晦庵、晦翁、考亭先生、云谷老人、沧洲病叟、逆翁。 汉族，祖籍南宋江南东路徽州府婺源县（今江西省婺源），出生于南剑州尤溪。19岁进士及第，曾任荆湖南路安抚使，仕至宝文阁待制。为政期间，申敕令、惩奸吏、治绩显赫。南宋著名的理学家、思想家、哲学家、教育家、诗人、闽学派的代表人物，世称朱子，是孔子、孟子以来最杰出的弘扬儒学的大师。', '1130', '1200', 10001, '2014-07-23 19:53:14'),
(10016, '岳飞', 'yuefei', '岳飞，字鹏举，汉族。北宋相州汤阴县永和乡孝悌里（今河南省安阳市汤阴县菜园镇程岗村）人。中国历史上著名战略家、军事家、民族英雄、抗金名将。岳飞在军事方面的才能则被誉为宋、辽、金、西夏时期最为杰出的军事统帅、连结河朔之谋的缔造者。同时又是两宋以来最年轻的建节封侯者。南宋中兴四将（岳飞、韩世忠、张俊、刘光世）之首。', '1103', '1142', 10001, '2014-07-23 19:53:14'),
(10017, '李煜', 'liyu', '李煜，五代十国时南唐国君，961年-975年在位，字重光，初名从嘉，号钟隐、莲峰居士。彭城（今江苏徐州）人。南唐元宗李璟第六子，于宋建隆二年（961年）继位，史称李后主。开宝八年，宋军破南唐都城，李煜降宋，被俘至汴京，封为右千牛卫上将军、违命侯。后因作感怀故国的名词《虞美人》而被宋太宗毒死。李煜虽不通政治，但其艺术才华却非凡。精书法，善绘画，通音律，诗和文均有一定造诣，尤以词的成就最高。千古杰作《虞美人》、《浪淘沙》、《乌夜啼》等词。在政治上失败的李煜，却在词坛上留下了不朽的篇章，被称为“千古词帝”。', '937', '978', 10020, '2014-07-23 19:53:14'),
(10018, '欧阳修', 'ouyangxiu', '欧阳修，字永叔，号醉翁，晚年又号“六一居士”，吉州永丰（今江西吉安永丰）人，自称庐陵人。谥号文忠，世称欧阳文忠公，北宋卓越的政治家、文学家、史学家，与（唐朝）韩愈、柳宗元、（宋朝）王安石、苏洵、苏轼、苏辙、曾巩合称“唐宋八大家”。后人又将其与韩愈、柳宗元和苏轼合称“千古文章四大家”。', '1007', '1072', 10001, '2014-07-23 19:53:14'),
(10019, '陆游', 'luyou', '陆游，南宋诗人，字务观，号放翁，越州山阴（今浙江绍兴）人。少时受家庭爱国思想熏陶，高宗时应礼部试，为秦桧所黜。孝宗时赐进士出身。中年入蜀，投身军旅生活，官至宝章阁待制。晚年退居家乡，但收复中原信念始终不渝。创作诗歌很多，今存九千多首，内容极为丰富。抒发政治抱负，反映人民疾苦，风格雄浑豪放；抒写日常生活，也多清新之作。词作量不如诗篇巨大，但和诗同样贯穿了气吞残虏的爱国主义精神。杨慎谓其词纤丽处似秦观，雄慨处似苏轼。著有《剑南诗稿》、《渭南文集》、《南唐书》、《老学庵笔记》等。 ', '1125', '1210', 10001, '2014-07-23 19:53:14'),
(10020, '纳兰性德', 'nalanxingde', '纳兰性德，满洲人，字容若，号楞伽山人，是清代最为著名的词人之一。他的诗词不但在清代词坛享有很高的声誉，在整个中国文学史上，也以“纳兰词”在词坛占有光采夺目的一席之地。他生活于满汉融合的时期，其贵族家庭之兴衰具有关联于王朝国事的典型性。他虽侍从帝王，却向往平淡的经历。这一特殊的生活环境与背景，加之他个人的超逸才华，使其诗词的创作呈现独特的个性特征和鲜明的艺术风格。', '1655', '1685', 10008, '2014-08-20 23:39:42'),
(10021, '司空曙', 'sikongshu', '司空曙，字文明，或作文初。广平（今河北永年县东南）人，大历十才子之一，唐代诗人。约唐代宗大历初前后在世。大历年进士，磊落有奇才，与李约为至交。性耿介，不干权要。家无担石，晏如也。尝因病中不给，遣其爱姬。韦辠节度剑南，辟致幕府。授洛阳主簿。未几，迁长林县丞。累官左拾遗。终水部郎中。其诗朴素真挚，情感细腻，多写自然景色和乡情旅思，诗风闲雅疏淡。', '720', '790', 10006, '2014-07-23 19:53:14'),
(10025, '毛泽东', 'maozedong', '毛泽东，字润之，笔名子任。湖南湘潭人。中国革命家、战略家、理论家、诗人，中国共产党、中国人民解放军和中华人民共和国的主要缔造者和领袖，毛泽东思想的主要创立者。从1949年到1976年，毛泽东是中华人民共和国的最高领导人。他对马克思列宁主义的发展、军事理论的贡献以及对共产党的理论贡献被称为毛泽东思想。毛泽东被视为现代世界历史中最重要的人物之一，《时代》杂志将他评为20世纪最具影响100人之一。', '1893', '1976', 10022, '2014-07-23 19:53:14'),
(10026, '诸葛亮', 'zhugeliang', '诸葛亮，字孔明，号卧龙，汉族，琅琊阳都（今山东临沂市沂南县）人，三国时期蜀汉丞相、杰出的政治家、军事家、发明家、文学家。在世时被封为武乡侯，死后追谥忠武侯，东晋政权特追封他为武兴王。诸葛亮为匡扶蜀汉政权，呕心沥血，鞠躬尽瘁，死而后已。其代表作有《前出师表》、《后出师表》、《诫子书》等。曾发明木牛流马等，并改造连弩，可一弩十矢俱发。于234年在陕西省岐山县五丈原逝世。成都、汉中、南阳等地有武侯祠，杜甫作《蜀相》赞诸葛亮。', '181', '234', 10014, '2014-07-23 19:53:14'),
(10027, '孔子', 'kongzi', '孔子，名丘，字仲尼，东周时期鲁国陬邑（今中国山东曲阜市南辛镇）人，先祖为宋国（今河南商丘）贵族。春秋末期的思想家和教育家、政治家，儒家思想的创始人。孔子集华夏上古文化之大成，在世时已被誉为“天纵之圣”、“天之木铎”，是当时社会上的最博学者之一，被后世统治者尊为孔圣人、至圣、 至圣先师、万世师表，是“世界十大文化名人”之首。孔子的儒家思想对中国和朝鲜半岛、日本、越南等地区有深远的影响。', '-551', '-479', 10005, '2014-08-21 08:01:57'),
(10029, '孟浩然', 'menghaoran', '孟浩然，唐代诗人，孟子第33代。本名不详（一说名浩），字浩然，襄州襄阳（今湖北襄阳）人，世称“孟襄阳”。浩然，少好节义，喜济人患难，工于诗。年四十游京师，唐玄宗诏咏其诗，至“不才明主弃”之语，玄宗谓：“卿自不求仕，朕未尝弃卿，奈何诬我？”因放还未仕，后隐居鹿门山，著诗二百余首。孟浩然与另一位山水田园诗人王维合称为“王孟”。 ', '689', '740', 10006, '2014-07-23 19:53:14'),
(10030, '孟郊', 'mengjiao', '孟郊，唐代诗人。字东野。汉族，湖州武康（今浙江德清）人，祖籍平昌（今山东临邑东北），先世居洛阳（今属河南）。唐代著名诗人。现存诗歌500多首，以短篇的五言古诗最多，代表作有《游子吟》。有“诗囚”之称，又与贾岛齐名，人称“郊寒岛瘦”。元和九年，在阌乡(今河南灵宝)因病去世。张籍私谥为贞曜先生。', '751', '814', 10006, '2014-07-23 19:53:14'),
(10031, '屈原', 'quyuan', '屈平，字原，通常称为屈原，又自云名正则，号灵均，汉族，战国末期楚国丹阳（今湖北秭归）人，楚武王熊通之子屈瑕的后代。屈原虽忠事楚怀王，却屡遭排挤，怀王死后又因顷襄王听信谗言而被流放，最终投汨罗江而死。屈原是中国最伟大的浪漫主义诗人之一，也是我国已知最早的著名诗人，世界文化名人。他创立了“楚辞”这种文体，也开创了“香草美人”的传统。代表作品有《离骚》、《九歌》等。', '-340', '-278', 10005, '2014-07-23 19:53:14'),
(10032, '范仲淹', 'fanzhongyan', '范仲淹，字希文，汉族，北宋著名的政治家、思想家、军事家和文学家，世称“范文正公”。生于武宁军（治所徐州）（一说河北真定府）。祖籍邠州（今陕西省彬县），先人迁居苏州吴县（今江苏苏州），唐朝宰相范履冰的后人。他为政清廉，体恤民情，刚直不阿，力主改革，屡遭奸佞诬谤，数度被贬。1052 年（皇祐四年）五月二十日病逝于徐州，终年64岁。是年十二月葬于河南伊川万安山，谥文正，封楚国公、魏国公。有《范文正公全集》传世，通行有清康熙岁寒堂刻版本，附《年谱》及《言行拾遗事录》等。', '989', '1052', 10001, '2014-07-23 19:53:14'),
(10033, '王羲之', 'wangxizhi', '王羲之，东晋书法家，字逸少，号澹斋，汉族，原籍山东琅琊（今山东临沂），后迁居会稽（绍兴），写下《兰亭集序》，晚年隐居会稽下辖剡县金庭，中国东晋书法家，有书圣之称。历任秘书郞、宁远将军、江州刺史。后为会稽内史，领右将军，人称“王右军”、“王会稽”。其子王献之书法亦佳，世人合称为“二王”。此后历代王氏家族书法人才辈出。东晋升平五年卒，葬于金庭瀑布山（又称紫藤山），其五世孙衡舍宅为金庭观，遗址犹存。', '303', '361', 10015, '2014-07-23 19:53:14'),
(10034, '王勃', 'wangbo', '王勃，唐代诗人。汉族，字子安。绛州龙门（今山西河津）人。王勃也与杨炯、卢照邻、骆宾王齐名，齐称“初唐四杰”，其中王勃是“初唐四杰”之冠。', '649', '675', 10006, '2014-07-23 19:53:14'),
(10035, '杜甫', 'dufu', '杜甫，字子美，自号少陵野老，世称“杜工部”、“杜老”、“杜少陵”等，盛唐时期伟大的现实主义诗人。汉族，巩县（今河南巩义）人。杜甫曾祖父起由湖北襄阳迁居巩县。他忧国忧民，人格高尚，约1400余首诗被保留了下来，诗艺精湛，在中国古典诗歌中的影响非常深远，备受推崇。759-766年间曾居成都，后世有杜甫草堂纪念之。杜甫被世人尊为“诗圣”，其诗被称为“诗史”。杜甫与李白合称“李杜”，为了和李商隐与杜牧即“小李杜”区别开，杜甫与李白又合称“大李杜”。 ', '712', '770', 10006, '2014-07-23 19:53:14'),
(10036, '张若虚', 'zhangruoxu', '张若虚，唐代诗人。生于扬州（今属江苏），曾任兖州兵曹。事迹略见于《旧唐书·贺知章传》。中宗神龙（705～707）中，与贺知章、贺朝、万齐融、邢巨、包融俱以文词俊秀驰名于京都，与贺知章、张旭、包融并称“吴中四士”。玄宗开元时尚在世。张若虚的诗仅存二首于《全唐诗》中。其中《春江花月夜》是一篇脍炙人口的名作，它沿用陈隋乐府旧题，抒写真挚动人的离情别绪及富有哲理意味的人生感慨，语言清新优美，韵律宛转悠扬，洗去了宫体诗的浓脂艳粉，给人以澄澈空明、清丽自然的感觉。', '660', '720', 10006, '2014-07-23 19:53:14'),
(10037, '曹植', 'caozhi', '曹植，字子建，沛国谯（今安徽省亳州市）人。三国曹魏著名文学家，建安文学代表人物。魏武帝曹操之子，魏文帝曹丕之弟，生前曾为陈王，去世后谥号“思”，因此又称陈思王。后人因他文学上的造诣而将他与曹操、曹丕合称为“三曹”，南朝宋文学家谢灵运更有“天下才有一石，曹子建独占八斗”的评价。王士祯尝论汉魏以来二千年间诗家堪称“仙才”者，曹植、李白、苏轼三人耳。', '192', '232', 10014, '2014-07-23 19:53:14'),
(10041, '李白', 'libai', '李白，字太白，号青莲居士，唐朝诗人，有“诗仙”之称，伟大的浪漫主义诗人。汉族，出生于剑南道之绵州（今四川绵阳江油市青莲乡），一说生于西域碎叶城（今吉尔吉斯斯坦托克马克），5岁随父迁至剑南道之绵州（巴西郡）昌隆县（712年更名为昌明县），祖籍陇西郡成纪县（今甘肃天水市秦安县）。其父李客，育二子（伯禽、天然）一女（平阳）。存世诗文千余篇，代表作有《蜀道难》、《将进酒》等诗篇，有《李太白集》传世。762年病逝于安徽当涂，享年61岁。其墓在安徽当涂，四川江油、湖北安陆有纪念馆。', '701', '762', 10006, '2014-07-23 19:53:14'),
(10042, '骆宾王', 'luobinwang', '骆宾王，字观光，汉族，婺州义乌人（今中国浙江义乌）。唐初诗人，与王勃、杨炯、卢照邻合称“初唐四杰”。又与富嘉谟并称“富骆”。 唐龙朔初年，骆宾王担任道王李元庆的属官。后来相继担任武功主簿和明堂主簿。唐高宗仪凤四年（679年），升任中央政府的侍御史官职。曾经被人诬陷入狱，被赦免后出任地方官临海县丞，所以后人也称他骆临海。武则天光宅元年（684年），徐敬业起兵讨伐武则天，他作为秘书，起草了著名的《讨武瞾檄文》。', '619', '687', 10006, '2014-07-23 19:53:14'),
(10043, '李清照', 'liqingzhao', '李清照，山东省济南章丘人，号易安居士。宋代女词人，婉约词派代表，有“千古第一才女”之称。早期生活优裕，与夫赵明诚共同致力于书画金石的搜集整理。金兵入据中原时，流寓南方，境遇孤苦。所作词，前期多写其悠闲生活，后期多悲叹身世，情调感伤。形式上善用白描手法，自辟途径，语言清丽。论词强调协律，崇尚典雅，提出词“别是一家”之说，反对以作诗文之法作词。能诗，留存不多，部分篇章感时咏史，情辞慷慨，与其词风不同。有《易安居士文集》《易安词》，已散佚。后人有《漱玉词》辑本。今有《李清照集校注》。', '1084', '1155', 10001, '2014-07-23 19:53:14'),
(10045, '冯延巳', 'fengtingsi', '冯延巳，又名延嗣，字正中，五代广陵（今江苏省扬州市）人。在南唐做过宰相，生活过得很优裕、舒适。他的词多写闲情逸致辞，文人的气息很浓，对北宋初期的词人有比较大的影响。宋初《钓矶立谈》评其“学问渊博，文章颖发，辩说纵横”，其词集名《阳春集》。', '903', '960', 10020, '2014-07-23 19:53:14'),
(10046, '蒋坦', 'jiangdan', '蒋坦，字平伯，号蔼卿，浙江钱塘人。秀才出身，擅长书法。道光七年与青梅竹马的表妹关瑛（秋芙）订婚，道光二十三年成婚，长年居住于杭州西湖。咸丰年间秋芙病卒。咸丰十一年，太平军攻杭州，蒋坦避祸慈溪，投靠朋友王景曾，又回钱塘，不久饿死。著有《秋灯琐忆》、《息影庵初存诗》、《集外诗》、《微波集》等。徐世昌《晚晴蓉诗汇》曰：“后秋芙死，蔼卿为制《秋灯琐忆》，皆幽闺遗事”。秋芙被林语堂形容是中国古代最可爱的两个女性之一，另一个是沈复之妻芸娘。', '1818', '1863', 10008, '2014-07-23 19:53:14'),
(10047, '刘禹锡', 'liuyuxi', '刘禹锡，字梦得，唐朝洛阳（今河南省洛阳）人唐朝文学家，哲学家，自称是汉中山靖王后裔，曾任监察御史，是王叔文政治改革集团的一员。唐代中晚期著名诗人，有“诗豪”之称。他的家庭是一个世代以儒学相传的书香门第。政治上主张革新，是王叔文派政治革新活动的中心人物之一。后来永贞革新失败被贬为朗州司马（今湖南常德）。据湖南常德历史学家、收藏家周新国先生考证刘禹锡被贬为朗州司马其间写了著名的“汉寿城春望”。', '772', '842', 10006, '2014-07-23 19:53:14'),
(10049, '姜夔', 'jiangkui', '姜夔，南宋文学家，音乐家。人品秀拔，体态清莹，气貌若不胜衣，望之若神仙中人。往来鄂、赣、皖、苏、浙间，与诗人词家杨万里、范成大、辛弃疾等交游。庆元中，曾上书乞正太常雅乐，他少年孤贫，屡试不第，终生未仕，一生转徙江湖，靠卖字和朋友接济为生。他多才多艺，精通音律，能自度曲，其词格律严密。其作品素以空灵含蓄著称，有《白石道人歌曲》等。姜夔对诗词、散文、书法、音乐，无不精善，是继苏轼之后又一难得的艺术全才。', '1154', '1221', 10001, '2014-07-23 19:53:14'),
(10050, '黄巢', 'huangchao', '黄巢，曹州冤句（今山东菏泽西南）人，唐末时人。初为盐帮首领，售私盐为业，后成农民军首领，曾自立为帝，尊号为承天应运启圣睿文宣武皇帝，国号大齐，史称黄巢之乱。黄巢退败时死于部下之手。野史有称“黄巢杀人八百万”恶名。', '835', '884', 10006, '2014-07-23 19:53:14'),
(10051, '王昌龄', 'wangchangling', '王昌龄，字少伯，山西太原人。盛唐著名边塞诗人，后人誉为“七绝圣手”。早年贫贱，困于农耕，年近不惑，始中进士。初任秘书省校书郎，又中博学宏辞，授汜水尉，因事贬岭南。与李白、高适、王维、王之涣、岑参等交厚。开元末返长安，改授江宁丞。被谤谪龙标尉。安史乱起，为刺史闾丘所杀。其诗以七绝见长，尤以登第之前赴西北边塞所作边塞诗最著，有“诗家夫子王江宁”之誉。 ', '690', '756', 10006, '2014-07-23 19:53:14'),
(10052, '树下野狐', 'shuxiayehu', '树下野狐，原名胡庚，福建人，毕业于北京大学。2001年7月开始创作的《搜神记》，开创了中国新神话主义的东方奇幻风格，被誉为“本土奇幻扛旗人”、“北大蒲松龄”、“当代新神话主义浪潮的领军人物”。', '1982', '', 10022, '2014-07-23 19:53:14'),
(10053, '张志和', 'zhangzhihe', '张志和，字子同，初名龟龄，汉族，婺州（今浙江金华）人，自号“烟波钓徒”，又号“玄真子”。唐代著名道士、词人和诗人。十六岁参加科举，以明经擢第，授左金吾卫录事参军，唐肃宗赐名为“志和”。因事获罪贬南浦尉，不久赦还。自此看破红尘，浪迹江湖，隐居祁门赤山镇。其兄张鹤龄担心他遁世不归，在越州（今绍兴市）城东筑茅屋让他居住。史载唐肃宗曾赐他奴婢各一人，张志和让他们结婚，取名渔童和樵青。著有《玄真子》集。', '730', '810', 10006, '2014-07-23 19:53:14'),
(10054, '张孝祥', 'zhangxiaoxiang', '张孝祥，字安国，别号于湖居士，汉族，历阳乌江（今安徽省和县）人，生于明州鄞县（今浙江宁波）。南宋著名词人，书法家。父亲张祁，任直秘阁、淮南转运判官。少年时阖家迁居芜湖（今安徽省芜湖市）。绍兴二十四年（1154）廷试，高宗（赵构）亲擢为进士第一。授承事郎，签书镇东军节度判官。由于上书为岳飞辩冤，为当时权相秦桧所忌，诬陷其父张祁有反谋，并将其父下狱。次年秦桧死，授秘书省正字。历任秘书郎，著作郎，集英殿修撰，中书舍人等职。1163年，张浚出兵北伐，被任为建康留守。此外还出任过抚州，平江，静江，潭州等地的地方长官。乾道五年（1169年），以显谟阁直学士致仕。是年夏于芜湖病死，葬南京江浦老山。年三十八岁。有《于湖居士文集》、《于湖词》传世。《全宋词》辑录其223首词。', '1132', '1170', 10001, '2014-08-20 21:17:22'),
(10055, '柳宗元', 'liuzongyuan', '柳宗元，字子厚，唐代河东郡（今山西永济县）人，著名杰出诗人、哲学家、儒学家乃至成就卓著的政治家，唐宋八大家之一。著名作品有《永州八记》等六百多篇文章，经后人辑为三十卷，名为《柳河东集》。因为他是河东人，人称柳河东，又因终于柳州刺史任上，又称柳柳州。柳宗元与韩愈同为中唐古文运动的领导人物，并称“韩柳”。', '773', '819', 10006, '2014-07-23 19:53:14'),
(10059, '杨慎', 'yangshen', '杨慎，明代文学家，明代三大才子之一。字用修，号升庵，后因流放滇南，故自称博南山人、金马碧鸡老兵。杨廷和之子，汉族，四川新都（今成都市新都区）人，祖籍庐陵。正德六年状元，官翰林院修撰，豫修武宗实录，禀性刚直，每事必直书。武宗微行出居庸关，上疏抗谏。世宗继位，任经筵讲官。嘉靖三年，因“大礼议”受廷杖，谪戍终老于云南永昌卫。终明一世记诵之博，著述之富，慎可推为第一。其诗虽不专主盛唐，仍有拟右倾向。贬谪以后，特多感愤。又能文、词及散曲，论古考证之作范围颇广。著作达百余种。后人辑为《升庵集》。', '1488', '1559', 10007, '2014-07-23 19:53:14'),
(10060, '柳永', 'liuyong', '柳永，北宋著名词人，婉约派最具代表性的人物。汉族，崇安（今福建武夷山）人，原名三变，字景庄，后改名永，字耆卿，排行第七，又称柳七。宋仁宗朝进士，官至屯田员外郎，故世称柳屯田。他自称“奉旨填词柳三变”，以毕生精力作词，并以“白衣卿相”自诩。其词多描绘城市风光和歌妓生活，尤长于抒写羁旅行役之情，创作慢词独多。铺叙刻画，情景交融，语言通俗，音律谐婉，在当时流传极其广泛，人称“凡有井水饮处，皆能歌柳词”，对宋词的发展有重大影响。', '987', '1053', 10001, '2014-07-23 19:53:14'),
(10062, '商汤', 'shangtang', '商汤，子姓，名履，庙号太祖，为商太祖，河南商丘人。商朝的创建者，前1617~前1588年在位，在位30年，其中17年为夏朝商国诸侯，13年为商朝国王。今人多称商汤，又称武汤、天乙、成汤、成唐，甲骨文称唐、大乙，又称高祖乙，商人部落首领。', '?', '-1588', 10019, '2014-07-23 19:53:14'),
(10064, '庄子', 'zhuangzi', '庄子，姓庄，名周，战国时期思想家和哲学家、思想家、文学家，宋国蒙（今河南商丘民权县），道家学说的创始人之一。庄子祖上系出楚国公族，后因吴起变法楚国发生内乱，先人避夷宗之罪迁至宋国蒙地。庄子生平只做过地方漆园吏，因崇尚自由而不应同宗楚威王之聘。老子思想的继承和发展者。后世将他与老子并称为“老庄”。他们的哲学思想体系，被思想学术界尊为“老庄哲学”。代表作品为《庄子》，名篇有《逍遥游》、《齐物论》等。', '-369', '-286', 10005, '2014-08-21 08:02:31'),
(10065, '司马迁', 'simaqian', '司马迁，字子长，西汉夏阳（今陕西韩城，一说山西河津）人，中国古代伟大的史学家、文学家，被后人尊为“史圣”。他最大的贡献是创作了中国第一部纪传体通史《史记》（原名《太史公书》）。《史记》记载了从上古传说中的黄帝时期，到汉武帝元狩元年，长达3000多年的历史。司马迁以其“究天人之际，通古今之变，成一家之言”的史识完成的史学巨著《史记》，是“二十五史”之首，被鲁迅誉为“史家之绝唱，无韵之《离骚》”。', '-145', '-87', 10013, '2014-08-21 08:03:04'),
(10066, '文天祥', 'wentianxiang', '字履善，一字宋瑞，号文山。吉州庐陵（今江西吉安）人。1256年（理宗宝佑四年）中榜上第一名。在贾似道当权时受排挤。1275年，元军进攻临安，宋朝廷下诏征勤王兵。任赣州知州的文天祥组成万人的义军，北上守卫。1276年任右丞相，被派往元军营谈判，被扣留。押解中在镇江逃出，得到人民的帮助，流亡至通州（今江苏南通），从海道到福建，与张世杰、陆秀夫等在福州拥生赵呈为帝，坚持抗元。1277年进兵江西收复了几个县城，使抗元形势大力好转。但不久为元军所败，退入广东。1278年在五坡岭（今广东海丰北）被俘。元将张弘范叫他写信招张世杰投降，遭拒绝，书《过零丁洋》诗以明志。1279年被送到大都（今北京），囚3年，途经威胁利诱，始终不屈。1283年1月9日（至元十九年十二月初九日）在柴市被害，从容就义。', '1236', '1283', 10001, '2014-07-23 19:53:14'),
(10067, '王安石', 'wanganshi', '王安石，字介甫，号半山，谥文，封荆国公。世人又称王荆公。北宋抚州临川人（今临川区邓家巷人），中国历史上杰出的政治家、思想家、学者、诗人、文学家、改革家，唐宋八大家之一。北宋丞相、新党领袖。欧阳修称赞王安石：“翰林风月三千首，吏部文章二百年。老去自怜心尚在，后来谁与子争先。”传世文集有《王临川集》、《临川集拾遗》等。其诗文各体兼擅，词虽不多，但亦擅长，且有名作《桂枝香》等。', '1021', '1086', 10001, '2014-08-20 23:40:40'),
(10068, '张继', 'zhangji', '张继，字懿孙，汉族，襄州人（今湖北襄阳人）。唐代诗人，他的生平不甚可知。据诸家记录，仅知他是天宝十二年（公元七五三年）的进士。大历中，以检校祠部员外郎为洪州（今江西南昌市）盐铁判官。他的诗爽朗激越，不事雕琢，比兴幽深，事理双切，对后世颇有影响。但可惜流传下来的不到50首，最著名的诗是《枫桥夜泊》。', '715', '779', 10006, '2014-07-23 19:53:14'),
(10069, '温庭筠', 'wentingyun', '温庭筠，唐代诗人、词人。本名岐，字飞卿，太原祁（今山西祁县东南）人。富有天才，文思敏捷，每入试，押官韵，八叉手而成八韵，所以也有“温八叉”之称。然恃才不羁，又好讥刺权贵，多犯忌讳，取憎于时，故屡举进士不第，长被贬抑，终生不得志。官终国子助教。精通音律。工诗，与李商隐齐名，时称“温李”。其诗辞藻华丽，秾艳精致，内容多写闺情。其词艺术成就在晚唐诸词人之上，为“花间派”首要词人，对词的发展影响较大。在词史上，与韦庄齐名，并称“温韦”。存词七十余首。后人辑有《温飞卿集》及《金奁集》。', '812', '866', 10006, '2014-07-23 19:53:14'),
(10070, '王国维', 'wangguowei', '王国维，字伯隅、静安，号观堂、永观，汉族，浙江海宁盐官镇人。清末秀才。我国近现代在文学、美学、史学、哲学、古文字学、考古学等各方面成就卓著的学术巨子，国学大师。', '1877', '1927', 10008, '2014-07-23 19:53:14'),
(10071, '蒋捷', 'jiangjie', '蒋捷，字胜欲，号竹山，宋末元初阳羡（今江苏宜兴）人。先世为宜兴巨族，咸淳十年（1274）进士。南宋亡，深怀亡国之痛，隐居不仕，人称“竹山先生”、“樱桃进士”，其气节为时人所重。长于词，与周密、王沂孙、张炎并称“宋末四大家”。其词多抒发故国之思、山河之恸 ，风格多样，而以悲凉清俊、萧寥疏爽为主。尤以造语奇巧之作，在宋季词坛上独标一格，有《竹山词》1卷，收入毛晋《宋六十名家词》本、《疆村丛书》本；又《竹山词》2卷，收入涉园景宋元明词续刊本。', '?', '?', 10001, '2014-07-23 19:53:14'),
(10072, '黄景仁', 'huangjingren', '黄景仁，清代诗人。字汉镛，一字仲则，号鹿菲子，阳湖（今江苏省常州市）人。四岁而孤，家境清贫，少年时即负诗名，为谋生计，曾四方奔波。一生怀才不遇，穷困潦倒，后授县丞，未及补官即在贫病交加中客死他乡，年仅35岁。诗负盛名，为“毗陵七子”之一。诗学李白，所作多抒发穷愁不遇、寂寞凄怆之情怀，也有愤世嫉俗的篇章。七言诗极有特色。亦能词。著有《两当轩全集》。', '1749', '1783', 10008, '2014-07-23 19:53:14'),
(10073, '刘过', 'liuguo', '刘过，南宋文学家，字改之，号龙洲道人。湖北襄阳人，后移居吉州太和（今江西泰和县）人，长于庐陵（今江西吉安）。四次应举不中，流落江湖间，布衣终身。曾为陆游、辛弃疾所赏，亦与陈亮、岳珂友善。词风与辛弃疾相近，抒发抗金抱负狂逸俊致，与刘克庄、刘辰翁享有“辛派三刘”之誉，又与刘仙伦合称为“庐陵二布衣”。有《龙洲集》、《龙洲词》。', '1154', '1206', 10001, '2014-07-23 19:53:14'),
(10074, '元好问', 'yuanhaowen', '元好问，字裕之，号遗山，太原秀容（今山西忻州）人；系出北魏鲜卑族拓跋氏，元好问过继叔父元格；七岁能诗，十四岁从学郝天挺，六载而业成；兴定五年（1221）进士，不就选；正大元年（1224 ），中博学宏词科，授儒林郎，充国史院编修，历镇平、南阳、内乡县令。八年（1231）秋，受诏入都，除尚书省掾、左司都事，转员外郎；金亡不仕，元宪宗七年卒于获鹿寓舍；工诗文，在金元之际颇负重望；诗词风格沉郁，并多伤时感事之作。其《论诗》绝句三十首在中国文学批评史上颇有地位；作有《遗山集》又名《遗山先生文集》，编有《中州集》。', '1190', '1257', 10009, '2014-07-23 19:53:14'),
(10075, '王维', 'wangwei', '王维，字摩诘，汉族，河东蒲州（今山西运城）人，祖籍山西祁县，唐朝诗人，有“诗佛”之称。开元九年（721年）中进士，任太乐丞。王维是盛唐诗人的代表，今存诗400余首，重要诗作有“相思”“山居秋暝”等。王维精通佛学，受禅宗影响很大。佛教有一部《维摩诘经》，是王维名和字的由来。王维诗书画都很有名，非常多才多艺，音乐也很精通。与孟浩然合称“王孟”。', '701', '761', 10006, '2014-07-23 19:53:14'),
(10076, '刘基', 'liuji', '刘基，字伯温，谥曰文成，汉族，青田县南田乡（今属浙江省文成县）人，故时人称他刘青田，明洪武三年（1370）封诚意伯，人们又称他刘诚意。武宗正德九年追赠太师，谥文成，后人又称他刘文成、文成公。元末明初杰出的战略家、政治家及文学家，通经史、晓天文、精兵法。他以辅佐朱元璋完成帝业、开创明朝并尽力保持国家的安定，因而驰名天下，被后人比作为诸葛武侯。朱元璋多次称刘基为：“吾之子房也。”在文学史上，刘基与宋濂、高启并称“明初诗文三大家”。', '1311', '1375', 10007, '2014-07-23 19:53:14'),
(10077, '无名氏', 'zhouwumingshi', '周朝佚名作者的统称。', '?', '?', 10005, '2014-07-23 19:53:14'),
(10078, '黄公绍', 'huanggongshao', '黄公绍，宋元之际邵武（今属福建）人，字直翁。咸淳进士。入元不仕，隐居樵溪。著《古今韵会》、以《说文》为本，参考宋元以前字书、韵书，集字书训诂之大成，原书已佚，其同时人熊忠所编《古今韵会举要》中，略能见其大概。另有《在轩集》。', '?', '?', 10001, '2014-07-23 19:53:14'),
(10079, '晏几道', 'yanjidao', '晏几道，字叔原，号小山，著名词人，抚州临川文港沙河（今属江西南昌进贤县）人，晏殊第七子。历任颍昌府许田镇监、乾宁军通判、开封府判官等。性孤傲，晚年家境中落。词风哀感缠绵、清壮顿挫。一般讲到北宋词人时，称晏殊为大晏，称晏几道为小晏。《雪浪斋日记》云：“晏叔原工小词，不愧六朝宫掖体。”《鹧鸪天》中“舞低杨柳楼心月，歌尽桃花扇底风。”两句受人赞赏。', '1030', '1106', 10001, '2014-07-23 19:53:14'),
(10080, '龚自珍', 'gongzizhen', '龚自珍，清代思想家、文学家及改良主义的先驱者。27岁中举人，38岁中进士。曾任内阁中书、宗人府主事和礼部主事等官职。主张革除弊政，抵制外国侵略，曾全力支持林则徐禁除鸦片。48岁辞官南归，次年暴卒于江苏丹阳云阳书院。他的诗文主张“更法”、“改图”，揭露清统治者的腐朽，洋溢着爱国热情，被柳亚子誉为“三百年来第一流”。著有《定庵文集》，留存文章300余篇，诗词近800首，今人辑为《龚自珍全集》。著名诗作《己亥杂诗》共315首。', '1792', '1841', 10008, '2014-07-23 19:53:14'),
(10081, '林景熙', 'linjingxi', '林景熙，字德暘，一作德阳，号霁山。温州平阳（今属浙江）人。南宋末期爱国诗人。咸淳七年（公元1271年），由上舍生释褐成进士，历任泉州教授，礼部架阁，进阶从政郎。宋亡后不仕，隐居于平阳县城白石巷。林景熙等曾冒死捡拾帝骨葬于兰亭附近。他教授生徒，从事著作，漫游江浙，是雄踞宋元之际诗坛、创作成绩卓著、最富代表性的作家，也是温州历史上成就最高的诗人。卒葬家乡青芝山。著作编为《霁山集》。', '1242', '1310', 10001, '2014-07-23 19:53:14'),
(10082, '元稹', 'yuanzhen', '元稹，字微之，别字威明，唐洛阳人（今河南洛阳）。父元宽，母郑氏。为北魏宗室鲜卑族拓跋部后裔，是什翼犍之十四世孙。早年和白居易共同提倡“新乐府”。世人常把他和白居易并称“元白”。', '779', '831', 10006, '2014-07-23 19:53:14'),
(10083, '崔护', 'cuihu', '崔护，唐代诗人。字殷功，唐代博陵（今河北定州市）人。公元796年（贞元十二年）登第（进士及第）。公元829年（大和三年）为京兆尹，同年为御史大夫、岭南节度使。终岭南节度使。其诗诗风精练婉丽，语极清新。《全唐诗》存诗六首，皆是佳作，尤以《题都城南庄》流传最广，脍炙人口，有目共赏。该诗以“人面桃花，物是人非”这样一个看似简单的人生经历道出了千万人都似曾有过的共同生活体验，为诗人赢得了不朽的诗名。', '?', '?', 10006, '2014-07-23 19:53:14'),
(10084, '舒亶', 'shudan', '舒亶，字信道，号懒堂，慈溪（今属浙江）人。治平二年（1065）试礼部第一，即状元（进士及第），授临海尉。神宗时，除神官院主簿，迁秦凤路提刑，提举两浙常平。后任监察御史里行，与李定同劾苏轼，是为「乌台诗案」。进知杂御史、判司农寺，拜给事中，权直学士院，后为御史中丞。崇宁元年（1102）知南康军，京以开边功，由直龙图阁进待制，翌年卒，年六十三。《宋史》、《东都事略》有传。今存赵万里辑《舒学士词》一卷，存词50首。', '1041', '1103', 10001, '2014-07-23 19:53:14'),
(10085, '秦观', 'qinguan', '秦观，字少游、太虚，号淮海居士，扬州高邮（今属江苏）人。北宋词人，“苏门四学士”之一。', '1049', '1100', 10001, '2014-07-23 19:53:14'),
(10086, '黄庭坚', 'huangtingjian', '黄庭坚，字鲁直，自号山谷道人，晚号涪翁，又称豫章黄先生，汉族，洪州分宁（今江西修水）人。北宋诗人、词人、书法家，为盛极一时的江西诗派开山之祖，而且，他跟杜甫、陈师道和陈与义素有“一祖三宗”（黄为其中一宗）之称。英宗治平四年(1067)进士。历官叶县尉、北京国子监教授、校书郎、著作佐郎、秘书丞、涪州别驾、黔州安置等。诗歌方面，他与苏轼并称为“苏黄”；书法方面，他则与苏轼、米芾、蔡襄并称为“宋代四大家”；词作方面，虽曾与秦观并称“秦黄”，但黄氏的词作成就却远逊于秦氏。', '1045', '1105', 10001, '2014-07-23 19:53:14'),
(10087, '周敦颐', 'zhoudunyi', '周敦颐，宋营道楼田堡（今湖南道县）人，北宋著名哲学家，是学术界公认的理学派开山鼻祖。“两汉而下，儒学几至大坏。千有余载，至宋中叶，周敦颐出于舂陵，乃得圣贤不传之学，作《太极图说》、《通书》，推明阴阳五行之理，明于天而性于人者，了若指掌。”《宋史·道学传》将周子创立理学学派提高到了极高的地位。', '1017', '1073', 10001, '2014-07-23 19:53:14'),
(10088, '苏味道', 'suweidao', '苏味道，唐代政治家、文学家。赵州栾城（今河北石家庄市栾城县）人，少有才华，20岁举进士 ，累迁咸阳尉。武则天时居相位数年，苟合取容，处事依违两可，时称“苏模棱”。因阿附张易之，中宗时贬郿州刺史，死于任所。与杜审言、崔融、李峤并称为文章四友，与李峤并称苏李。对唐代律诗发展有推动作用，诗多应制之作，浮艳雍容。但《正月十五夜》（一作《上元》）咏长安元宵夜花灯盛况，为传世之作。原有集，今佚。《全唐诗》录其诗16首。苏味道死后葬今栾城苏邱村，其一子留四川眉山，宋代“三苏”为其后裔。', '648', '705', 10006, '2014-07-23 19:53:14'),
(10090, '张养浩', 'zhangyanghao', '张养浩，字希孟，号云庄，济南（今属山东）人，唐朝名相张九龄的弟弟张九皋的第23代孙。元代散曲家。少年知名，19岁被荐为东平学正，历官堂邑县尹、监察御史、翰林学士、礼部尚书、参议中书省事等官职。在任监察御史时，因批评时政而为权贵所忌，被免官。后复官至礼部尚书，参议中书省事。后因其父年迈，无人照顾，于英宗至治二年（1322年）辞官家居，此后屡召不赴。文宗天历二年（1329年），关中大旱，特拜陕西行台中丞，办理赈灾，见饥民困苦万分，难以周济，竟为之痛哭，遂“散其家之所有” ，“登车就道”，不久便积劳成疾病卒。追封滨国公，谥文忠。', '1269', '1329', 10009, '2014-07-23 19:53:14'),
(10091, '马致远', 'mazhiyuan', '马致远，字千里，号东篱，（一说字致远，晚号“东篱”）。 汉族，大都（今北京）人，另一说（马致远是河北省东光县马祠堂村人，号东篱，以示效陶渊明之志）。他的年辈晚于关汉卿、白朴等人，生年当在至元（始于1264）之前，卒年当在至治改元到泰定元年（1321—1324）之间，与关汉卿、郑光祖、白朴并称“元曲四大家”，是我国元代时著名大戏剧家、散曲家。', '1250', '1321', 10009, '2014-07-23 19:53:14'),
(10092, '荆轲', 'jingke', '荆轲，战国末期卫国人，中国战国时期著名刺客，也称庆卿、荆卿、庆轲，是春秋时期齐国大夫庆封的后代。受燕太子丹之托入刺秦王，因为被夏无且（jū）的药囊击中，被秦王拔剑所杀，秦王杀他时连刺八下才停手，行刺失败被杀。', '?', '-227', 10005, '2014-07-23 19:53:14'),
(10093, '崔颢', 'cuihao', '崔颢，唐代诗人，汴州（今河南开封）人。开元十一年（723年）中进士，官司勋员外郎。现存诗仅四十多首，最有名的一首莫过于《黄鹤楼》。少年时作的诗多写闺情，流于浮艳，后历边塞，诗风变得雄浑奔放。他四处游历。崔颢吟诗甚勤，其友人笑他吟诗吟得人也瘦（非子病如此，乃苦吟诗瘦耳）。明人辑有《崔颢集》。 李白叹云：“眼前有景道不得，崔颢题诗在上头”', '704', '754', 10006, '2014-07-23 19:53:14'),
(10094, '王之涣', 'wangzhihuan', '王之涣，是盛唐时期的诗人，字季凌，汉族，并州（山西太原）人。祖籍晋阳（今山西太原），其高祖迁今山西新绛县。豪放不羁，常击剑悲歌，其诗多被当时乐工制曲歌唱。名动一时，常与高适、王昌龄等相唱和，以善于描写边塞风光著称。代表作有《登鹳雀楼》、《凉州词》等。“白日依山尽，黄河入海流。欲穷千里目，更上一层楼。”更是千古绝唱。', '688', '742', 10006, '2014-08-20 23:36:03'),
(10095, '张九龄', 'zhangjiuling', '张九龄，唐开元尚书丞相，诗人。字子寿，一名博物，汉族，韶州曲江（今广东韶关市）人。长安年间进士。官至中书侍郎同中书门下平章事。后罢相，为荆州长史。诗风清淡。有《曲江集》。他是一位有胆识、有远见的著名政治家、文学家、诗人、名相。他忠耿尽职，秉公守则，直言敢谏，选贤任能，不徇私枉法，不趋炎附势，敢与恶势力作斗争，为“开元之治”作出了积极贡献。他的五言古诗，以素练质朴的语言，寄托深远的人生慨望，对扫除唐初所沿习的六朝绮靡诗风，贡献尤大。誉为“岭南第一人”。', '678', '740', 10006, '2014-07-23 19:53:14'),
(10096, '岑参', 'censhen', '岑参（cén shēn），唐代诗人，原籍南阳（今属河南新野），迁居江陵（今属湖北）。汉族，荆州江陵（湖北江陵）人，去世之时56岁，是唐代著名的边塞诗人。其诗歌富有浪漫主义的特色，气势雄伟，想象丰富，色彩瑰丽，热情奔放，尤其擅长七言歌行。', '715', '770', 10006, '2014-07-23 19:53:14');
INSERT INTO `author` (`id`, `name`, `abbr`, `intro`, `birth_year`, `death_year`, `dynasty_id`, `updated_at`) VALUES
(10097, '叶梦得', 'yemengde', '叶梦得，宋代词人，字少蕴，苏州吴县人。绍圣四年(1097)登进士第，历任翰林学士、户部尚书、江东安抚大使等官职。晚年隐居湖州弁山玲珑山石林，故号石林居士，所著诗文多以石林为名，如《石林燕语》、《石林词》、《石林诗话》等。绍兴十八年卒，年七十二。死后追赠检校少保。 在北宋末年到南宋前半期的词风变异过程中，叶梦得是起到先导和枢纽作用的重要词人。作为南渡词人中年辈较长的一位，叶梦得开拓了南宋前半期以"气"入词的词坛新路。叶词中的气主要表现在英雄气、狂气、逸气三方面。', '1077', '1148', 10001, '2014-07-23 19:53:14'),
(10098, '贺铸', 'hezhu', '贺铸，北宋词人。字方回，号庆湖遗老。汉族，卫州（今河南卫辉）人。宋太祖贺皇后族孙，所娶亦宗室之女。自称远祖本居山阴，是唐贺知章后裔，以知章居庆湖（即镜湖），故自号庆湖遗老。', '1052', '1125', 10001, '2014-07-23 19:53:14'),
(10099, '袁枚', 'yuanmei', '袁枚，清代诗人、散文家。字子才，号简斋，晚年自号仓山居士、随园主人、随园老人。汉族，钱塘（今浙江杭州）人。乾隆四年进士，历任溧水、江宁等县知县，有政绩，四十岁即告归。在江宁小仓山下筑随园，吟咏其中。广收诗弟子，女弟子尤众。袁枚是乾嘉时期代表诗人之一，与赵翼、蒋士铨合称“乾隆三大家”。', '1716', '1797', 10008, '2014-07-23 19:53:14'),
(10100, '无名氏', 'hanwumingshi', '汉代佚名作者的统称。', '?', '?', 10013, '2014-07-23 19:53:14'),
(10101, '无名氏', 'nanwumingshi', '南北朝佚名作者的统称。', '?', '?', 10016, '2014-07-23 19:53:14'),
(10102, '陈与义', 'chenyuyi', '陈与义，字去非，号简斋，汉族，其先祖居京兆，自曾祖陈希亮迁居洛阳，故为宋代河南洛阳人（现在属河南）。生于宋哲宗元祐五年(1090年)，卒于南宋宋高宗绍兴八年(1138年)。北宋末，南宋初年的杰出诗人，同时也工于填词。其词存于今者虽仅十余首，却别具风格，尤近于苏东坡，语意超绝，笔力横空，疏朗明快，自然浑成，著有《简斋集》。', '1090', '1138', 10001, '2014-07-23 19:53:14'),
(10103, '唐寅', 'tangyin', '唐寅（yín），字伯虎，一字子畏，号六如居士、桃花庵主、鲁国唐生、逃禅仙吏等，据传于明宪宗成化六年庚寅年寅月寅日寅时生，故名唐寅。汉族，吴县（今江苏苏州）人。他玩世不恭而又才气横溢，诗文擅名，与祝允明、文征明、徐祯卿并称“江南四才子”，画名更著，与沈周、文征明、仇英并称“吴门四家”。', '1470', '1523', 10007, '2014-07-23 19:53:14'),
(10104, '王翰', 'wanghan', '王翰，唐代边塞诗人。字子羽，并州晋阳（今山西太原市）人。王翰家中富裕，性格豪放不羁，喜饮酒，于唐睿宗景云元年进士，并州长史张惠贞奇其才，举直言极谏、超拔群类等制科，调王翰昌乐尉。开元九年（721年），张说入朝为相，召王翰为秘书正字，又擢驾部员外郎。“枥多名马，家有妓乐”，“发言立意，自比王侯。颐指侪类，人多嫉之。”出为汝州长史，改为仙州别驾，仍然“日聚英豪，从禽击鼓，恣为欢赏”。后被贬为道州司马，卒于前往道州途中。其作品《凉州词》为古今之绝唱。', '?', '687', 10006, '2014-07-23 19:53:14'),
(10105, '陈陶', 'chentao', '陈陶，字嵩伯，自号三教布衣，岭南人。诗人早年游学长安，善天文历象，尤工诗。举进士不第，遂恣游名山。唐宣宋大中时，隐居洪州西山，后不知所终。有诗十卷，已散佚，后人辑有《陈嵩伯诗集》一卷。其《陇西行》四首之二：“誓扫匈奴不顾身，五千貂锦丧胡尘。可怜无定河边骨，犹是春闺梦里人。”把残酷现实与少妇美梦交替在一起，造成强烈的艺术效果，至今仍脍炙人口。', '812', '885', 10006, '2014-07-23 19:53:14'),
(10106, '宋江', 'songjiang', '宋江，北宋宣和年间民变首领，后来投降宋朝。此事成为后来章回小说《水浒传》的原形，广为人知。而宋江在小说中则是梁山泊起义军之首，乃天魁星也。原为山东郓城县一刀笔小吏，字公明，绰号呼保义，又号及时雨，与托塔天王晁盖为生死之交。', '?', '?', 10001, '2014-07-23 19:53:14'),
(10108, '李贺', 'lihe', '李贺，唐代著名诗人，汉族，河南福昌人。字长吉，世称李长吉、鬼才、诗鬼等，与李白、李商隐三人并称唐代“三李”。祖籍陇西，生于福昌县昌谷（今河南洛阳宜阳县）。一生愁苦多病，仅做过3年从九品微官奉礼郎，因病27岁卒。李贺是中唐浪漫主义诗人的代表，又是中唐到晚唐诗风转变期的重要人物。', '790', '816', 10006, '2014-07-23 19:53:14'),
(10109, '杜牧', 'dumu', '杜牧（公元803－约852年）唐代，字牧之，号樊川居士，汉族，京兆万年（今陕西西安）人。 杜牧是唐代杰出的诗人、散文家，是宰相杜佑之孙，杜从郁之子。唐文宗大和二年26岁中进士，授弘文馆校书郎。后赴江西观察使幕，转淮南节度使幕，又入观察使幕，理人国史馆修撰，膳部、比部、司勋员外郎，黄州、池州、睦州刺史等职，最终官居中书舍人。因晚年居长安南樊川别墅，故后世称“杜樊川”，著有《樊川文集》。杜牧的诗歌以七言绝句著称，内容以咏史抒怀为主，其诗英发俊爽，多切经世之物，在晚唐成就颇高。杜牧人称“小杜”，以别于杜甫，"大杜“。与李商隐并称“小李杜”。', '803', '852', 10006, '2014-08-18 16:06:38');

-- --------------------------------------------------------

--
-- 表的结构 `collect_work`
--

CREATE TABLE IF NOT EXISTS `collect_work` (
  `create_time` datetime DEFAULT NULL,
  `user_id` int(11) NOT NULL,
  `work_id` int(11) NOT NULL,
  PRIMARY KEY (`user_id`,`work_id`),
  KEY `work_id` (`work_id`)
) ENGINE=InnoDB DEFAULT CHARSET=utf8;

--
-- 转存表中的数据 `collect_work`
--

INSERT INTO `collect_work` (`create_time`, `user_id`, `work_id`) VALUES
('2014-03-02 22:07:29', 1673508, 10019),
('2014-08-24 19:32:27', 3277255, 10148),
('2013-09-21 09:09:02', 45197381, 10029),
('2013-03-22 10:50:14', 45197381, 10123),
('2013-03-11 00:19:20', 45197381, 10155),
('2013-09-03 09:55:48', 45197381, 10188),
('2013-08-23 10:25:27', 45197381, 10235),
('2013-09-03 10:17:31', 45197381, 10258),
('2013-03-25 10:25:13', 45197381, 10282),
('2013-03-22 23:53:00', 45197381, 10303),
('2013-03-19 23:17:08', 45197381, 10370),
('2013-11-08 18:53:14', 46543502, 10024),
('2013-11-03 22:49:57', 46543502, 10187),
('2013-09-04 08:32:03', 62604437, 10015),
('2013-09-04 08:32:29', 62604437, 10019),
('2013-09-04 08:34:23', 62604437, 10024),
('2013-09-04 08:34:47', 62604437, 10027),
('2013-09-04 08:34:55', 62604437, 10030);

-- --------------------------------------------------------

--
-- 表的结构 `collect_work_image`
--

CREATE TABLE IF NOT EXISTS `collect_work_image` (
  `create_time` datetime DEFAULT NULL,
  `user_id` int(11) NOT NULL,
  `work_image_id` int(11) NOT NULL,
  PRIMARY KEY (`user_id`,`work_image_id`),
  KEY `work_image_id` (`work_image_id`)
) ENGINE=InnoDB DEFAULT CHARSET=utf8;

-- --------------------------------------------------------

--
-- 表的结构 `dynasty`
--

CREATE TABLE IF NOT EXISTS `dynasty` (
  `id` int(11) NOT NULL AUTO_INCREMENT,
  `name` varchar(50) DEFAULT NULL,
  `abbr` varchar(50) DEFAULT NULL,
  `intro` text,
  `start_year` int(11) DEFAULT NULL,
  `end_year` int(11) DEFAULT NULL,
  PRIMARY KEY (`id`),
  UNIQUE KEY `abbr` (`abbr`)
) ENGINE=InnoDB  DEFAULT CHARSET=utf8 AUTO_INCREMENT=10023 ;

--
-- 转存表中的数据 `dynasty`
--

INSERT INTO `dynasty` (`id`, `name`, `abbr`, `intro`, `start_year`, `end_year`) VALUES
(10001, '宋', 'song', '宋朝是中国历史上承五代十国、下启元朝的时代，分为北宋和南宋。960年，后周大将赵匡胤黄袍加身，建立宋朝。真宗、仁宗时期步入了盛世，北宋初期加强了中央集权，解决了藩镇割据问题。1127年靖康之变，北宋灭亡。宋高宗赵构南迁建立了南宋。后期，抗蒙战争连年，到1276年，元朝军队占领临安，1279年，8岁的小皇帝赵昺被大臣陆秀夫背著跳海而死，厓山海战后，宋朝彻底灭亡。宋朝灭亡是“崖山之后无中国”。两宋时期民族融合和商品经济空前发展，对外交流频繁，文化艺术发展迅速，是中国历史上的黄金时期。 ', 960, 1279),
(10005, '周', 'zhou', '周朝是中国历史上继商朝之后的一个世袭封建王朝，分为“西周”（公元前1046年－前771年）与“东周”（公元前770年－前256年）两个时期。西周由周武王姬发创建，定都镐京和丰京，成王时期营建洛邑；西周末年，周平王姬宜臼从镐京东迁洛邑后，史称东周。其中东周时期又称“春秋战国”，分为“春秋”及“战国”两部分。周王朝存在的时间从约前11世纪至前256年，共传30代37王，共计存在约为791年。其中西周是中国第三个也是最後一个世袭奴隶制王朝，其後秦汉开始成为具有从中央到地方的统一政府的大一统国家。史书常将西周和东周合称为两周。', -1046, -256),
(10006, '唐', 'tang', '唐朝是中国历史上统一时间最长，国力最强盛的朝代之一。618年由李渊建立，定都长安（今西安）。627年，李世民登基后开创了“贞观之治”，唐高宗以后，武则天一度迁都洛阳15年以周代唐（690-705年），史称武周，705年唐中宗恢复大唐国号，还都长安。唐玄宗李隆基即位后，开创了全盛的“开元盛世”。安史之乱后，国力日趋衰败。907年朱温篡唐，唐朝灭亡。唐朝共历289年，20位皇帝。唐朝声誉远及海外，与南亚、西亚和欧洲国家均有往来。唐朝以后海外多称中国人为“唐人”。唐诗、科技、文化艺术极其繁盛，具有多元化的特点。', 618, 907),
(10007, '明', 'ming', '明朝是中国历史上最后一个由汉族建立的封建王朝。1368年由明太祖朱元璋建立，历经十二世、十六位皇帝，国祚276年。明初定都于应天府，1421年迁都至顺天府，而应天府改称为南京。因明朝的皇帝姓朱，故又称朱明。1644年，李自成攻入北京，明毅宗朱由检于煤山自缢，明亡。随后，满清入主中原，1662年永历帝朱由榔被杀，1683年清军占领台湾，明郑结束。明朝是中国继周朝、汉朝和唐朝之后的繁盛时代，史称“治隆唐宋”、“远迈汉唐”。 大明，无汉唐之和亲，无两宋之岁币，天子御国门，君主死社稷，为后世子孙所敬仰。', 1368, 1644),
(10008, '清', 'qing', '清朝是中国历史上第二个由少数民族建立的统一政权，也是中国最后一个封建帝制国家，对中国历史产生了深远影响。1616年，建州女真部首领努尔哈赤建立后金。1636年，皇太极改国号为清。1644年入关，逐步统一全国。清朝前期，统一多民族国家得到巩固，基本上奠定了我国版图，同时君主专制发展到顶峰。1840年鸦片战争后进入近代，多遭列强入侵，主权严重丧失。1911年，辛亥革命爆发，清朝统治瓦解，从此结束了中国两千多年来的封建帝制。1912年2月12日，清帝被迫退位。清朝从后金建立开始算起，共有十二帝。自此之后，中国进入了民主时期。', 1644, 1912),
(10009, '元', 'yuan', '元朝由蒙古族建立，是中国历史上第一个由少数民族建立的大一统帝国。1206年铁木真建立蒙古汗国。1260年忽必烈即位大汗并建元“中统”，1271年忽必烈取《易经》“大哉乾元”之意改国号为元，1279年灭南宋，统一全中国。元朝的疆域空前广阔，北至北海、东到日本海，西藏和台湾第一次被纳入中国版图。元朝在中央设中书省，左右丞相和平章政事处理政务。地方实行行省制度。其整体生产力不如宋朝，后期因统治腐败和民族压迫，导致农民起义，1368年明军攻占大都，元朝在全国的统治结束，残余势力退回蒙古高原史称北元。', 1271, 1368),
(10012, '秦', 'qin', '秦朝是中国历史上第一个统一的专制主义中央集权国家。从公元前230年到前221年秦始皇嬴政先后灭掉了关东六国，完成了国家统一，后北击匈奴，南服百越。首创了皇帝制度、以三公九卿为代表的中央官制，以及郡县制，彻底打破了自西周以来的世卿世禄制度，维护了国家的统一、强化了中央对地方的控制。奠定了中国古代大一统王朝的统治基础，故有说法“百代犹得秦政法”。但秦朝的暴政也引起了阶级矛盾与社会的动荡不安，导致了中国历史上第一次大规模的农民起义。前206年，秦王子婴向刘邦投降。仅15年，秦朝便走向了灭亡。', -221, -206),
(10013, '汉', 'han', '汉朝分为西汉和东汉，是继秦朝之后强盛的大一统帝国。前202年高祖刘邦建国，定都长安。文景之治后，汉武帝刘彻进一步推动大一统事业，在“昭宣中兴”时达到极盛。公元九年，王莽篡夺政权，西汉结束。25年，皇族刘秀称帝，建立东汉，定都洛阳。开创了光武中兴和明章之治，万国来朝。汉朝时期，民族融合空前发展，对外交流频繁，国力和经济较为强盛。且文化的统一，为中华民族两千年的社会发展奠定了基础，为中华文明的延续和挺立千秋做出了巨大贡献。汉朝共历400多年。220年禅位于魏王曹丕，东汉结束。', -202, 220),
(10014, '三国', 'sanguo', '三国是中国历史上东汉与西晋之间的分裂对峙时期，有魏（曹魏）、蜀（蜀汉）、吴（东吴）三个政权。三国时代波澜壮阔，充满生机，常引起后人追思。从190年董卓挟汉献帝离开洛阳开始，此时东汉已经崩溃；208年赤壁之战后开始，此时三国鼎立形成雏型。历史学家多注重三国鼎立的形成与过程，自184年东汉开始失去政权实体及群雄割据，形成了三国雏型至魏代汉为止，所以往往将184年到220年的时间纳入三国时期加以讨论。时至今日，三国的人物及事件仍然经常成为电视、电影及电玩游戏的题材。 ', 220, 280),
(10015, '晋', 'jin', '晋朝是中国历史上九个大一统朝代之一，分为西晋与东晋两个时期。它上承三国，下启南北朝，属于六朝之一。265年司马炎自立为皇帝，国号晋，定都洛阳，史称西晋，280年灭东吴，完成统一。此后是绵延16年的“八王之乱”。晋愍帝迁都长安，316年灭西晋，建立了十六个国家，史称“五胡乱华”。317年，晋室南渡，司马睿在建邺建立东晋，东晋曾多次北伐。383年东晋与前秦淝水之战后得到暂时巩固。两晋时期少数民族迁至中原，加强了民族融合，北人南迁，开发了江南地区。两晋总历时一百五十六年。420年，刘裕建立宋，东晋灭亡。', 265, 420),
(10016, '南北朝', 'nanbeichao', '南北朝是中国历史上的一段分裂时期，由公元420年刘裕篡东晋建立南朝宋开始，至公元589年隋灭南朝陈为止。该时期上承东晋、五胡十六国，下接隋朝，南北两势虽然各有朝代更迭，但长期维持对峙，所以称为南北朝。南朝（公元420年—公元589年）包含宋、齐、梁、陈四朝；北朝（公元439年—公元589年）则包含北魏、东魏、西魏、北齐和北周五朝。南北朝初期仍是世族政治，社会阶层分为世族、齐民编户、依附人及奴隶，对外交流也很兴旺，东到日本和朝鲜半岛，西到西域、中亚、西亚（埃兰沙赫尔），南到东南亚与印度。', 420, 589),
(10017, '隋', 'sui', '隋朝是经历了南北朝二百多年分裂之后的大一统王朝。上承南北朝、下启唐朝的一个重要的朝代，史学家常把它和唐朝合称隋唐。公元581年杨坚篡夺北周政权建立隋朝，定都大兴城（今西安）。589年灭陈，完成统一。隋朝之初，与突厥进行战争，击溃了突厥的军事威胁，还统一了青海地区。隋文帝励精图治，开创了著名的“开皇之治”。隋炀帝营建洛阳，开凿隋唐大运河，沟通南北交通。开创科举制创立和初步完善，三省六部制也运行顺畅。后期统治腐朽，618年李渊迫使隋恭帝禅让，619年，皇泰主被迫禅位王世充，隋朝灭亡，国祚38年。', 581, 619),
(10018, '夏', 'xia', '夏朝，中国史书记载的第一个世袭王朝。一般认为夏朝是一个部落联盟形式的国家。中国历史上的“家天下”，就是从夏朝的建立开始的，开创中国近四千年世袭王位之先河。自唐、虞至夏、商、周三代皆分封建藩时代，帝王与诸侯分而治之。大禹治水成功后，将天下分作冀、兖、青、徐、豫、扬、荆、梁、雍九州，铸造九鼎作为国家权力的象征，因此九州成为中国国家的代名词。夏朝共传十四代，十七后，延续约471年，为商朝所灭。夏朝作为中国传统历史的第一个王朝，拥有较高的历史地位，后人常以“华夏”自称，使之成为中国的代名词。 ', -1989, -1559),
(10019, '商', 'shang', '商朝又称殷、殷商，是中国历史上的第二个朝代，是中国第一个有直接的同时期的文字记载的王朝。夏朝诸侯国商部落首领商汤率诸侯国于鸣条之战灭夏后在亳（今河南商丘）建立商朝。其后裔盘庚迁殷（今河南安阳）后，又以“殷”称之，或者“殷商”并称。从公元前1600年至前1046年，经历了三个大的阶段。第一阶段是“先商”；第二阶段是“早商”；第三阶段是“晚商”，前后相传17世31王，延续600年。末代君王商纣王于牧野之战被周武王击败而亡。商朝是处于奴隶制鼎盛时期，奴隶主贵族是统治阶级，形成了庞大的官僚统治机构和军队。', -1618, -1110),
(10020, '五代十国', 'wudaishiguo', '五代十国是唐朝灭亡后到北宋建立前的历史时期。五代有后梁、后唐、后晋、后汉与后周五个朝代。907年汴州朱温篡唐建立后梁，五代十国开始。太原李克用之子李存勖灭后梁，建国后唐。后唐国力强盛，但发生内乱后，被石敬瑭引契丹军攻灭，后晋建立。不久契丹军南下灭后晋。刘知远在太原建立后汉，收复中原。郭威篡后汉建后周，960年，后周被赵匡胤所篡，五代结束。十国是指前蜀、后蜀、吴、南唐、吴越、闽、楚、南汉、南平（荆南）、北汉等十几个割据政权。赵匡胤建立北宋后，与其弟宋太宗相继扫荡群雄，最后于979年统一。', 907, 960),
(10021, '三皇五帝', 'sanhuangwudi', '三皇五帝是中国在夏朝以前出现在传说中的“帝王”。从三皇时代到五帝时代，历年无确数，最少数千年。近代考古在中原地区发现的裴李岗文化、贾湖文化等，从7000年前至10000年前已经进入农业社会，其中出土的具有文字性质的龟骨契刻符号与约3000年前的殷商甲骨文有类同和相似之处。三皇五帝是中华上古杰出首领的代表。三皇五帝是谁，存在多种説法。基本上，无论是按照史书的记载，还是神话传说，都认为三皇所处的年代远早于五帝的年代。大致上，三皇时代距今久远，或在四五千年至七八千年以前乃至更为久远，时间跨度亦可能很大；而五帝时代则距夏朝不远，在4000多年前。', -3000, -1989),
(10022, '现代', 'xiandai', '略。', 1919, NULL);

-- --------------------------------------------------------

--
-- 表的结构 `quote`
--

CREATE TABLE IF NOT EXISTS `quote` (
  `id` int(11) NOT NULL AUTO_INCREMENT,
  `quote` text,
  `author_id` int(11) DEFAULT NULL,
  `work_id` int(11) DEFAULT NULL,
  `updated_at` datetime DEFAULT NULL,
  PRIMARY KEY (`id`),
  KEY `author_id` (`author_id`),
  KEY `work_id` (`work_id`)
) ENGINE=InnoDB  DEFAULT CHARSET=utf8 AUTO_INCREMENT=295 ;

--
-- 转存表中的数据 `quote`
--

INSERT INTO `quote` (`id`, `quote`, `author_id`, `work_id`, `updated_at`) VALUES
(1, '何当共剪西窗烛，却话巴山夜雨时。', 10009, 10024, '2014-07-23 19:53:31'),
(4, '秋阴不散霜飞晚，留得枯荷听雨声。', 10009, 10051, '2014-07-23 19:53:31'),
(6, '却道：此心安处是吾乡。', 10001, 10148, '2014-07-23 19:53:31'),
(7, '会挽雕弓如满月，西北望，射天狼。', 10001, 10015, '2014-07-23 19:53:31'),
(8, '拣尽寒枝不肯栖，寂寞沙洲冷。', 10001, 10101, '2014-07-23 19:53:31'),
(10, '难得之货，令人行妨。', 10006, 10021, '2014-07-23 19:53:31'),
(11, '落红不是无情物，化作春泥更护花。', 10080, 10308, '2014-07-23 19:53:31'),
(12, '我劝天公重抖擞，不拘一格降人才。', 10080, 10309, '2014-07-23 19:53:31'),
(13, '苟日新，日日新，又日新。', 10062, 10235, '2014-07-23 19:53:31'),
(14, '举世皆浊我独清，众人皆醉我独醒！', 10031, 10087, '2014-07-23 19:53:31'),
(15, '相濡以沫，不如相忘于江湖。', 10064, 10246, '2014-07-23 19:53:31'),
(17, '人不堪其忧，回也不改其乐。', 10027, 10113, '2014-07-23 19:53:31'),
(18, '执子之手，与子偕老。', 10077, 10301, '2014-07-23 19:53:31'),
(19, '风萧萧兮易水寒，壮士一去兮不复还。', 10092, 10348, '2014-07-23 19:53:31'),
(20, '究天人之际，通古今之变，成一家之言。', 10065, 10249, '2014-07-23 19:53:31'),
(21, '少壮不努力，老大徒伤悲。', 10100, 10394, '2014-07-23 19:53:31'),
(22, '烈士暮年，壮心不已。', 10012, 10032, '2014-07-23 19:53:31'),
(23, '非淡泊无以明志，非宁静无以致远。', 10026, 10064, '2014-07-23 19:53:31'),
(24, '本是同根生，相煎何太急？', 10037, 10104, '2014-07-23 19:53:31'),
(25, '向之所欣，俯仰之间，已为陈迹。', 10033, 10093, '2014-07-23 19:53:31'),
(26, '问君何能尔？心远地自偏。', 10011, 10030, '2014-07-23 19:53:31'),
(28, '双兔傍地走，安能辨我是雄雌？', 10101, 10391, '2014-08-18 19:24:53'),
(29, '鹅，鹅，鹅，曲项向天歌。', 10042, 10133, '2014-07-23 19:53:31'),
(30, '火树银花合，星桥铁锁开。', 10088, 10334, '2014-07-23 19:53:31'),
(31, '可怜无定河边骨，犹是春闺梦里人。', 10105, 10413, '2014-07-23 19:53:31'),
(32, '恰如猛虎卧荒丘，潜伏爪牙忍受。', 10106, 10415, '2014-07-23 19:53:31'),
(33, '别人笑我太疯癫，我笑他人看不穿。', 10103, 10401, '2014-07-23 19:53:31'),
(34, '落霞与孤鹜齐飞，秋水共长天一色。', 10034, 10094, '2014-07-23 19:53:31'),
(35, '江畔何人初见月？江月何年初照人？', 10036, 10103, '2014-07-23 19:53:31'),
(36, '思君如满月，夜夜减清辉。', 10095, 10354, '2014-07-23 19:53:31'),
(37, '羌笛何须怨杨柳，春风不度玉门关。', 10094, 10352, '2014-07-23 19:53:31'),
(38, '夜来风雨声，花落知多少？', 10029, 10078, '2014-07-23 19:53:31'),
(39, '但使龙城飞将在，不教胡马度阴山！', 10051, 10185, '2014-07-23 19:53:31'),
(40, '相看两不厌，只有敬亭山。', 10041, 10212, '2014-07-23 19:53:31'),
(41, '月出惊山鸟，时鸣春涧中。', 10075, 10282, '2014-07-23 19:53:31'),
(42, '黄鹤一去不复返，白云千载空悠悠。', 10093, 10350, '2014-07-23 19:53:31'),
(43, '会当凌绝顶，一览众山小。', 10035, 10095, '2014-07-23 19:53:31'),
(44, '月落乌啼霜满天，江枫渔火对愁眠。', 10068, 10270, '2014-07-23 19:53:31'),
(45, '忽如一夜春风来，千树万树梨花开。', 10096, 10360, '2014-07-23 19:53:31'),
(46, '青箬笠，绿蓑衣，斜风细雨不须归。', 10053, 10191, '2014-07-23 19:53:31'),
(47, '雨中黄叶树，灯下白头人。', 10021, 10053, '2014-07-23 19:53:31'),
(48, '欲将轻骑逐，大雪满弓刀。', 10014, 10037, '2014-07-23 19:53:31'),
(49, '谁言寸草心，报得三春晖。', 10030, 10085, '2014-07-23 19:53:31'),
(51, '晚来天欲雪，能饮一杯无？', 10005, 10020, '2014-07-23 19:53:31'),
(52, '何陋之有？', 10047, 10172, '2014-07-23 19:53:31'),
(53, '心凝形释，与万化冥合。', 10055, 10197, '2014-07-23 19:53:31'),
(54, '玲珑骰子安红豆，入骨相思知不知？', 10069, 10271, '2014-07-23 19:53:31'),
(55, '曾经沧海难为水，除却巫山不是云。', 10082, 10314, '2014-07-23 19:53:31'),
(56, '冲天香阵透长安，满城尽带黄金甲。', 10050, 10184, '2014-07-23 19:53:31'),
(57, '人面不知何处去，桃花依旧笑春风。', 10083, 10316, '2014-07-23 19:53:31'),
(58, '细雨湿流光，芳草年年与恨长。', 10045, 10170, '2014-07-23 19:53:31'),
(59, '醉卧沙场君莫笑，古来征战几人回？', 10104, 10411, '2014-07-23 19:53:31'),
(60, '向人微露丁香颗，一曲清歌，暂引樱桃破。', 10017, 10123, '2014-07-23 19:53:31'),
(61, '文章太守，挥毫万字，一饮千钟。', 10018, 10082, '2014-07-23 19:53:31'),
(63, '出淤泥而不染，濯清涟而不妖。', 10087, 10332, '2014-07-23 19:53:31'),
(64, '征帆去棹斜阳里，背西风，酒旗斜矗。', 10067, 10264, '2014-07-23 19:53:31'),
(65, '欲将沉醉换悲凉，清歌莫断肠。', 10079, 10303, '2014-07-23 19:53:31'),
(66, '浮生只合尊前老，雪满长安道。', 10084, 10320, '2014-07-23 19:53:31'),
(67, '桃李春风一杯酒，江湖夜雨十年灯。', 10086, 10331, '2014-07-23 19:53:31'),
(68, '不请长缨，系取天骄种，剑吼西风。', 10098, 10370, '2014-07-23 19:53:31'),
(69, '两情若是久长时，又岂在、朝朝暮暮？', 10085, 10321, '2014-07-23 19:53:31'),
(70, '空床卧听南窗雨，谁复挑灯夜补衣！', 10098, 10409, '2014-07-23 19:53:31'),
(71, '空惆怅，少年豪放，莫学衰翁样。', 10097, 10362, '2014-07-23 19:53:31'),
(72, '何须浅碧深红色，自是花中第一流。', 10043, 10142, '2014-07-23 19:53:31'),
(73, '生当作人杰，死亦为鬼雄。', 10043, 10137, '2014-07-23 19:53:31'),
(74, '知音少，弦断有谁听？', 10016, 10043, '2014-07-23 19:53:31'),
(75, '杏花疏影里，吹笛到天明。', 10102, 10400, '2014-07-23 19:53:31'),
(76, '莫等闲，白了少年头，空悲切！', 10016, 10042, '2014-07-23 19:53:31'),
(77, '问渠那得清如许？为有源头活水来。', 10015, 10039, '2014-07-23 19:53:31'),
(78, '伤心桥下春波绿，曾是惊鸿照影来。', 10019, 10295, '2014-07-23 19:53:31'),
(79, '零落成泥碾作尘，只有香如故。', 10019, 10048, '2014-07-23 19:53:31'),
(80, '尽挹西江，细斟北斗，万象为宾客。', 10054, 10192, '2014-07-23 19:53:31'),
(81, '此生谁料，心在天山，身老沧州。', 10019, 10417, '2014-07-23 19:53:31'),
(82, '蓦然回首，那人却在，灯火阑珊处。', 10003, 10029, '2014-07-23 19:53:31'),
(83, '十分好月，不照人圆。', 10003, 10296, '2014-07-23 19:53:31'),
(84, '欲买桂花同载酒，终不似、少年游。', 10073, 10278, '2014-07-23 19:53:31'),
(85, '念桥边红药，年年知为谁生？', 10049, 10180, '2014-07-23 19:53:31'),
(86, '人生自古谁无死？留取丹心照汗青！', 10066, 10260, '2014-07-23 19:53:31'),
(87, '便纵有千种风情，更与何人说？', 10060, 10223, '2014-07-23 19:53:31'),
(88, '独行芽落叶，闲坐数流萤。', 10081, 10312, '2014-07-23 19:53:31'),
(89, '人不寐，将军白发征夫泪。', 10032, 10090, '2014-07-23 19:53:31'),
(90, '流光容易把人抛，红了樱桃，绿了芭蕉。', 10071, 10273, '2014-07-23 19:53:31'),
(91, '花无人戴，酒无人劝，醉也无人管。', 10078, 10300, '2014-07-23 19:53:31'),
(92, '渺万里层云，千山暮雪，只影向谁去？', 10074, 10279, '2014-07-23 19:53:31'),
(93, '问世间情是何物，直教生死相许？', 10074, 10279, '2014-07-23 19:53:31'),
(94, '今夜雪，有梅花，似我愁。', 10071, 10399, '2014-07-23 19:53:31'),
(95, '夕阳西下，断肠人在天涯。', 10091, 10347, '2014-07-23 19:53:31'),
(96, '滚滚长江东逝水，浪花淘尽英雄。', 10059, 10220, '2014-07-23 19:53:31'),
(97, '兴，百姓苦；亡，百姓苦。', 10090, 10346, '2014-07-23 19:53:31'),
(98, '风起，风起，棹入白苹花里。', 10076, 10292, '2014-07-23 19:53:31'),
(99, '吾妻死之年所手植也，今已亭亭如盖矣。', 10004, 10019, '2014-07-23 19:53:31'),
(100, '飞雪有声，惟在竹间最雅。', 10013, 10033, '2014-07-23 19:53:31'),
(101, '拥毳衣炉火，独往湖心亭看雪。', 10007, 10022, '2014-07-23 19:53:31'),
(102, '谁省，谁省，从此簟纹灯影。', 10020, 10118, '2014-07-23 19:53:31'),
(103, '阿兄归矣，犹屡屡回头望汝也。', 10099, 10412, '2014-07-23 19:53:31'),
(104, '似此星辰非昨夜，为谁风露立中宵。', 10072, 10275, '2014-07-23 19:53:31'),
(105, '赌书消得泼茶香，当时只道是寻常。', 10020, 10081, '2014-07-23 19:53:31'),
(106, '时但见满室鲜衣，芸独通体素淡。', 10008, 10023, '2014-07-23 19:53:31'),
(107, '绕床弄梅，两无嫌猜。', 10046, 10240, '2014-08-19 14:23:39'),
(108, '不若神仙眷侣，百年江湖。', 10052, 10187, '2014-07-23 19:53:31'),
(109, '最是人间留不住，朱颜辞镜花辞树。', 10070, 10272, '2014-07-23 19:53:31'),
(111, '谁敢横刀立马？唯我彭大将军。', 10025, 10060, '2014-07-23 19:53:31'),
(112, '雄关漫道真如铁，而今迈步从头越。', 10025, 10258, '2014-07-23 19:53:31'),
(113, '苍山如海，残阳如血。', 10025, 10258, '2014-07-23 19:53:31'),
(114, '今日长缨在手，何时缚住苍龙？', 10025, 10256, '2014-07-23 19:53:31'),
(115, '一与人同，未免屈意以循之。', 10004, 10236, '2014-07-23 19:53:31'),
(116, '死去何所道，托体同山阿。', 10011, 10041, '2014-07-23 19:53:31'),
(117, '衣沾不足惜，但使愿无违。', 10011, 10068, '2014-07-23 19:53:31'),
(118, '误落尘网中，一去十三年。', 10011, 10068, '2014-07-23 19:53:31'),
(119, '一万年太久，只争朝夕。', 10025, 10257, '2014-07-23 19:53:31'),
(120, '曾记否，到中流击水，浪遏飞舟！', 10025, 10071, '2014-07-23 19:53:31'),
(121, '他时若遂凌云志，敢笑黄巢不丈夫！', 10106, 10416, '2014-07-23 19:53:31'),
(122, '行到水穷处，坐看云起时。', 10075, 10280, '2014-07-23 19:53:31'),
(123, '涧户寂无人，纷纷开且落。', 10075, 10294, '2014-07-23 19:53:31'),
(124, '泉声咽危石，日色冷青松。', 10075, 10289, '2014-07-23 19:53:31'),
(125, '江流天地外，山色有无中。', 10075, 10286, '2014-07-23 19:53:31'),
(126, '劝君更尽一杯酒，西出阳关无故人。', 10075, 10287, '2014-07-23 19:53:31'),
(127, '明月松间照，清泉石上流。', 10075, 10283, '2014-07-23 19:53:31'),
(128, '大漠孤烟直，长河落日圆。', 10075, 10284, '2014-07-23 19:53:31'),
(129, '还乡，醉笑陪公三万场。', 10001, 10398, '2014-07-23 19:53:31'),
(130, '枝上柳绵吹又少，天涯何处无芳草！', 10001, 10181, '2014-07-23 19:53:31'),
(131, '玉盆纤手弄清泉，琼珠碎却圆。', 10001, 10146, '2014-07-23 19:53:31'),
(132, '轻舟短棹任斜横，醒后不知何处。', 10001, 10136, '2014-07-23 19:53:31'),
(133, '酒醒还醉醉还醒，一笑人间今古。', 10001, 10136, '2014-07-23 19:53:31'),
(134, '荣华风过，淡处还他滋味多。', 10071, 10276, '2014-07-23 19:53:31'),
(135, '悲欢离合总无情，一任阶前点滴到天明。', 10071, 10274, '2014-07-23 19:53:31'),
(136, '砌下落梅如雪乱，拂了一身还满。', 10017, 10046, '2014-07-23 19:53:31'),
(137, '离恨恰如春草，更行更远还生。', 10017, 10046, '2014-07-23 19:53:31'),
(138, '林花谢了春红，太匆匆。', 10017, 10129, '2014-07-23 19:53:31'),
(139, '问君能有几多愁，恰似一江春水向东流。', 10017, 10128, '2014-07-23 19:53:31'),
(140, '归时休放烛花红，待踏马蹄清夜月。', 10017, 10124, '2014-07-23 19:53:31'),
(141, '画堂南畔见，一向偎人颤。', 10017, 10125, '2014-07-23 19:53:31'),
(142, '烟销日出不见人，欸乃一声山水绿。', 10055, 10195, '2014-07-23 19:53:31'),
(143, '孤舟蓑笠翁，独钓寒江雪。', 10055, 10196, '2014-07-23 19:53:31'),
(144, '待到秋来九月八，我花开后百花杀。', 10050, 10184, '2014-07-23 19:53:31'),
(145, '他年我若为青帝，报与桃花一处开。', 10050, 10183, '2014-07-23 19:53:31'),
(146, '对潇潇暮雨洒江天，一番洗清秋。', 10060, 10225, '2014-07-23 19:53:31'),
(147, '拟把疏狂图一醉，对酒当歌，强乐还无味。', 10060, 10396, '2014-07-23 19:53:31'),
(148, '衣带渐宽终不悔，为伊消得人憔悴。', 10060, 10396, '2014-07-23 19:53:31'),
(149, '忍把浮名，换了浅斟低唱！', 10060, 10364, '2014-07-23 19:53:31'),
(150, '多情自古伤离别，更那堪冷落清秋节。', 10060, 10223, '2014-07-23 19:53:31'),
(151, '午醉醒时，松窗竹户，万千潇洒。', 10003, 10052, '2014-07-23 19:53:31'),
(152, '只消山水光中，无事过这一夏。', 10003, 10052, '2014-07-23 19:53:31'),
(153, '稻花香里说丰年，听取蛙声一片。', 10003, 10031, '2014-07-23 19:53:31'),
(154, '千金纵买相如赋，脉脉此情谁诉？', 10003, 10228, '2014-07-23 19:53:31'),
(155, '想当年、金戈铁马，气吞万里如虎。', 10003, 10215, '2014-07-23 19:53:31'),
(156, '汉开边、功名万里，甚当时健者也曾闲？', 10003, 10226, '2014-07-23 19:53:31'),
(157, '把吴钩看了，栏干拍遍，无人会、登临意。', 10003, 10038, '2014-07-23 19:53:31'),
(158, '莫道不消魂，帘卷西风，人比黄花瘦。', 10043, 10141, '2014-07-23 19:53:31'),
(159, '九万里风鹏正举，风休住，蓬舟吹取三山去。', 10043, 10144, '2014-07-23 19:53:31'),
(160, '驾长车，踏破贺兰山阙！', 10016, 10042, '2014-07-23 19:53:31'),
(161, '可惜明年花更好，知与谁同。', 10018, 10047, '2014-07-23 19:53:31'),
(163, '请君暂上凌烟阁，若个书生万户侯？', 10108, 10420, '2014-07-23 19:53:31'),
(164, '男儿何不带吴钩，收取关山五十州？', 10108, 10420, '2014-07-23 19:53:31'),
(165, '长恨此身非我有，何时忘却营营？', 10001, 10001, '2014-07-23 19:53:31'),
(166, '古今多少事，都付笑谈中。', 10059, 10220, '2014-07-23 19:53:31'),
(167, '青山依旧在，几度夕阳红。', 10059, 10220, '2014-07-23 19:53:31'),
(168, '白发渔樵江渚上，惯看秋月春风。', 10059, 10220, '2014-07-23 19:53:31'),
(169, '料得年年肠断处，明月夜，短松冈。', 10001, 10040, '2014-07-23 19:53:31'),
(170, '千里孤坟，无处话凄凉。', 10001, 10040, '2014-07-23 19:53:31'),
(171, '纵使相逢应不识，尘满面，鬓如霜。', 10001, 10040, '2014-07-23 19:53:31'),
(172, '知否？知否？应是绿肥红瘦。', 10043, 10139, '2014-07-23 19:53:31'),
(173, '行乐直须年少，樽前看取衰翁。', 10018, 10082, '2014-07-23 19:53:31'),
(174, '立谈中，死生同，一诺千金重。', 10098, 10370, '2014-07-23 19:53:31'),
(175, '身无彩凤双飞翼，心有灵犀一点通。', 10009, 10328, '2014-07-23 19:53:31'),
(176, '酒酣胸胆尚开张，鬓微霜，又何妨？', 10001, 10015, '2014-07-23 19:53:31'),
(177, '何夜无月？何处无竹柏？但少闲人如吾两人者耳。', 10001, 10050, '2014-07-23 19:53:31'),
(178, '夕阳无限好，只是近黄昏。', 10009, 10025, '2014-07-23 19:53:31'),
(179, '此情可待成追忆，只是当时已惘然。', 10009, 10027, '2014-07-23 19:53:31'),
(180, '锦瑟无端五十弦，一弦一柱思华年。', 10009, 10027, '2014-07-23 19:53:31'),
(181, '吹回，落照江天一半开。', 10001, 10028, '2014-07-23 19:53:31'),
(182, '晚景落琼杯，照眼云山翠作堆。', 10001, 10028, '2014-07-23 19:53:31'),
(183, '今夜残灯斜照处，荧荧，秋雨晴时泪不晴。', 10001, 10045, '2014-07-23 19:53:31'),
(184, '欲寄相思千点泪，流不到，楚江东。', 10001, 10149, '2014-07-23 19:53:31'),
(185, '问苍茫大地，谁主沉浮？', 10025, 10071, '2014-07-23 19:53:31'),
(186, '指点江山，激扬文字，粪土当年万户候。', 10025, 10071, '2014-07-23 19:53:31'),
(187, '对酒当歌，人生几何？', 10012, 10084, '2014-07-23 19:53:31'),
(188, '山不厌高，海不厌深。周公吐哺，天下归心。', 10012, 10084, '2014-07-23 19:53:31'),
(189, '青青子衿，悠悠我心。', 10012, 10084, '2014-07-23 19:53:31'),
(190, '一点浩然气，千里快哉风。', 10001, 10178, '2014-07-23 19:53:31'),
(191, '一千顷，都镜净，倒碧峰。', 10001, 10178, '2014-07-23 19:53:31'),
(192, '待到山花烂漫时，她在丛中笑。', 10025, 10062, '2014-07-23 19:53:31'),
(193, '纱窗外、斜风细雨，一阵轻寒。', 10003, 10226, '2014-08-18 11:17:55'),
(194, '山不必涉乃佳也。', 10004, 10236, '2014-08-18 12:29:58'),
(195, '海上生明月，天涯共此时。', 10095, 10353, '2014-08-18 14:45:36'),
(196, '灭烛怜光满，披衣觉露滋。', 10095, 10353, '2014-08-18 14:45:47'),
(199, '他年若得报冤仇，血染浔阳江口。', 10106, 10415, '2014-08-18 15:07:03'),
(200, '正是江南好风景，落花时节又逢君。', 10035, 10423, '2014-08-18 15:51:42'),
(202, '荡胸生层云，决眦入归鸟。', 10035, 10095, '2014-08-18 15:52:05'),
(203, '夜深知雪重，时闻折竹声。', 10005, 10430, '2014-08-18 16:25:04'),
(204, '明月半墙，桂影斑驳，风移影动，珊珊可爱。', 10004, 10019, '2014-08-18 18:45:21'),
(205, '绿蚁新醅酒，红泥小火炉。', 10005, 10020, '2014-08-18 18:45:53'),
(206, '余暗于案下握其腕，暖尖滑腻，胸中不觉抨抨作跳。', 10008, 10023, '2014-08-18 18:49:10'),
(207, '东风夜放花千树，更吹落、星如雨。', 10003, 10029, '2014-08-18 18:49:51'),
(208, '采菊东篱下，悠然见南山。', 10011, 10030, '2014-08-18 18:50:07'),
(209, '中无杂树，芳草鲜美，落英缤纷。', 10011, 10036, '2014-08-18 18:50:54'),
(210, '倩何人，唤取红巾翠袖，揾英雄泪。', 10003, 10038, '2014-08-18 18:51:14'),
(211, '休说鲈鱼堪鲙，尽西风、季鹰归未？', 10003, 10038, '2014-08-18 18:51:24'),
(212, '山高路远坑深，大军纵横驰奔。', 10025, 10060, '2014-08-18 18:52:44'),
(213, '看万山红遍，层林尽染。', 10025, 10071, '2014-08-18 18:53:39'),
(214, '恰同学少年，风华正茂，书生意气，挥斥方遒。', 10025, 10071, '2014-08-18 18:54:04'),
(215, '曾记否，到中流击水，浪遏飞舟！', 10025, 10071, '2014-08-18 18:54:19'),
(216, '久有凌云志，重上井冈山。', 10025, 10076, '2014-08-18 18:54:51'),
(217, '世上无难事，只要肯登攀。', 10025, 10076, '2014-08-18 18:55:02'),
(218, '可上九天揽月， 可下五洋捉鳖，谈笑凯歌还。', 10025, 10076, '2014-08-18 18:55:10'),
(219, ' 风雷动，旌旗奋，是人寰。', 10025, 10076, '2014-08-18 18:55:18'),
(220, '春眠不觉晓，处处闻啼鸟。', 10029, 10078, '2014-08-18 18:55:45'),
(221, '万帐穹庐人醉，星影摇摇欲坠。', 10020, 10080, '2014-08-18 18:55:58'),
(222, '还睡，还睡，解道醒来无味。', 10020, 10080, '2014-08-18 18:56:08'),
(223, '临行密密缝，意恐迟迟归。', 10030, 10085, '2014-08-18 18:56:59'),
(224, '后之视今，亦犹今之视昔，悲夫！', 10033, 10093, '2014-08-18 18:57:38'),
(225, '造化钟神秀，阴阳割昏晓。', 10035, 10095, '2014-08-18 18:58:35'),
(226, '蓦地一相逢，心事眼波难定。', 10020, 10118, '2014-08-18 18:58:56'),
(227, '青眼高歌俱未老，向尊前、拭尽英雄泪。', 10020, 10119, '2014-08-18 18:59:22'),
(228, '然诺重，君须记。', 10020, 10119, '2014-08-18 18:59:28'),
(229, '绣床斜凭娇无那，烂嚼红茸，笑向檀郎唾。', 10017, 10123, '2014-08-18 18:59:52'),
(230, '晚妆初了明肌雪，春殿嫔娥鱼贯列。', 10017, 10124, '2014-08-18 19:00:13'),
(231, '至今思项羽，不肯过江东。', 10043, 10137, '2014-08-18 19:00:32'),
(232, '倚门回首，却把青梅嗅。', 10043, 10140, '2014-08-18 19:01:00'),
(233, '尽道清歌传皓齿，风起，雪飞炎海变清凉。', 10001, 10148, '2014-08-18 19:01:38'),
(234, '微笑，笑时犹带岭梅香。', 10001, 10148, '2014-08-18 19:01:46'),
(235, '天涯流落思无穷。既相逢，却匆匆。', 10001, 10149, '2014-08-18 19:02:05'),
(236, '垂天雌霓云端下，快意雄风海上来。', 10001, 10153, '2014-08-18 19:02:20'),
(237, '银鞍照白马，飒沓如流星。', 10041, 10155, '2014-08-18 19:02:32'),
(238, '事了拂衣去，深藏身与名。', 10041, 10155, '2014-08-18 19:02:39'),
(239, '十步杀一人，千里不留行。', 10041, 10155, '2014-08-18 19:05:27'),
(240, '落日绣帘卷，亭下水连空。', 10001, 10178, '2014-08-18 19:05:39'),
(241, '欹枕江南烟雨，杳杳没孤鸿。', 10001, 10178, '2014-08-18 19:05:50'),
(242, '月上柳梢头，人约黄昏后。', 10018, 10182, '2014-08-18 19:10:19'),
(243, '月冷千山，寒江自碧，只影向谁去？', 10052, 10188, '2014-08-18 19:10:50'),
(244, '斜斟北斗，细饮银河，共我醉明月。', 10052, 10188, '2014-08-18 19:11:01'),
(245, '万丈冰崖，雪莲花落，片片如星雨。', 10052, 10188, '2014-08-18 19:11:11'),
(246, '素月分辉，明河共影，表里俱澄澈。', 10054, 10192, '2014-08-18 19:12:19'),
(247, '扣舷独啸，不知今夕何夕。 　', 10054, 10192, '2014-08-18 19:12:32'),
(248, '应念岭表经年，孤光自照，肝胆皆冰雪。', 10054, 10192, '2014-08-18 19:12:42'),
(249, '洋洋乎与造物者游，而不知其所穷。', 10055, 10197, '2014-08-18 19:13:03'),
(250, '为我一挥手，如听万壑松。', 10041, 10218, '2014-08-18 19:13:13'),
(251, '客心洗流水，余响入霜钟。', 10041, 10218, '2014-08-18 19:13:18'),
(252, '不觉碧山暮，秋云暗几重。', 10041, 10218, '2014-08-18 19:13:23'),
(253, '不到长城非好汉，屈指行程二万。', 10025, 10256, '2014-08-18 19:14:44'),
(254, '休对故人思故国，且将新火试新茶，诗酒趁年华。', 10001, 10263, '2014-08-18 19:15:06'),
(255, '试上超然台上望，半壕春水一城花。', 10001, 10263, '2014-08-18 19:16:00'),
(256, '西风烈，长空雁叫霜晨月。', 10025, 10258, '2014-08-18 19:16:15'),
(257, '千门万户曈曈日，总把新桃换旧符。', 10067, 10266, '2014-08-18 19:16:29'),
(258, '爆竹声中一岁除，春风送暖入屠苏。', 10067, 10266, '2014-08-18 19:16:33'),
(259, '似此星辰非昨夜，为谁风露立中宵。', 10072, 10275, '2014-08-18 19:16:44'),
(260, '既自以心为形役，奚惆怅而独悲？', 10011, 10277, '2014-08-18 19:17:07'),
(261, '寓形宇内复几时？何不委心任去留？', 10011, 10277, '2014-08-18 19:17:29'),
(262, '聊乘化以归尽，乐夫天命复奚疑？', 10011, 10277, '2014-08-18 19:17:36'),
(263, '柳下系船犹未稳，能几日，又中秋。', 10073, 10278, '2014-08-18 19:17:58'),
(264, '愿君多采撷，此物最相思。', 10075, 10281, '2014-08-18 19:19:05'),
(265, '人闲桂花落，夜静春山空。', 10075, 10282, '2014-08-18 19:19:16'),
(266, '但去莫复问，白云无尽时。', 10075, 10288, '2014-08-18 19:19:45'),
(267, '薄暮空潭曲，安禅制毒龙。', 10075, 10289, '2014-08-18 19:19:58'),
(268, '目断秋霄落雁，醉来时响空弦。', 10003, 10296, '2014-08-18 19:20:15'),
(269, '豆蔻连梢煎熟水，莫分茶。', 10043, 10302, '2014-08-18 19:20:27'),
(270, '枕上诗书闲处好，门前风景雨来佳。', 10043, 10302, '2014-08-18 19:20:33'),
(271, ' 兰佩紫，菊簪黄，殷勤理旧狂。', 10079, 10303, '2014-08-18 19:21:13'),
(272, '昨夜星辰昨夜风，画楼西畔桂堂东。', 10009, 10328, '2014-08-18 19:21:48'),
(273, '天意怜幽草，人间重晚晴。', 10009, 10330, '2014-08-18 19:21:59'),
(274, '并添高阁迥，微注小窗明。', 10009, 10330, '2014-08-18 19:22:05'),
(275, '太乙近天都，连山到海隅。', 10075, 10349, '2014-08-18 19:22:43'),
(276, '分野中峰变，阴晴众壑殊。', 10075, 10349, '2014-08-18 19:22:49'),
(277, '欲穷千里目，更上一层楼。', 10094, 10351, '2014-08-18 19:23:00'),
(278, '生年不满百，常怀千岁忧。', 10100, 10390, '2014-08-18 19:24:23'),
(279, '昼短苦夜长，何不秉烛游！', 10100, 10390, '2014-08-18 19:24:30'),
(280, '人生不相见，动如参与商。', 10035, 10395, '2014-08-18 19:25:06'),
(281, '明日隔山岳，世事两茫茫。', 10035, 10395, '2014-08-18 19:25:16'),
(282, '白鸥问我泊孤舟，是身留，是心留？', 10071, 10399, '2014-08-18 19:25:30'),
(283, '酒醒只在花前坐，酒醉还来花下眠。', 10103, 10401, '2014-08-18 19:25:49'),
(284, '原上草，露初晞，旧栖新垅雨依依。', 10098, 10409, '2014-08-18 19:26:06'),
(285, '欲将轻骑逐，大雪满弓刀。', 10014, 10426, '2014-08-18 19:27:24'),
(286, '看试手，补天裂。', 10003, 10427, '2014-08-18 19:27:44'),
(287, '清明时节雨纷纷，路上行人欲断魂。', 10109, 10428, '2014-08-18 19:28:10'),
(288, '借问酒家何处有？牧童遥指杏花村。', 10109, 10428, '2014-08-18 19:28:15'),
(289, '远上寒山石径斜，白云深处有人家。', 10109, 10429, '2014-08-18 19:28:23'),
(290, '停车坐爱枫林晚，霜叶红于二月花。', 10109, 10429, '2014-08-18 19:28:29'),
(291, '小舟从此逝，江海寄余生。', 10001, 10001, '2014-08-19 22:29:07'),
(292, '锦帽貂裘，千骑卷平冈。', 10001, 10015, '2014-08-19 22:29:43'),
(293, '春雨暗阳台，乱洒歌楼湿粉腮。', 10001, 10028, '2014-08-19 22:46:09'),
(294, '慈母手中线，游子身上衣。', 10030, 10085, '2014-08-20 12:44:02');

-- --------------------------------------------------------

--
-- 表的结构 `tag`
--

CREATE TABLE IF NOT EXISTS `tag` (
  `id` int(11) NOT NULL AUTO_INCREMENT,
  `title` varchar(50) DEFAULT NULL,
  `desc` varchar(200) DEFAULT NULL,
  `icon` varchar(200) DEFAULT 'http://placehold.it/60x60',
  PRIMARY KEY (`id`)
) ENGINE=InnoDB  DEFAULT CHARSET=utf8 AUTO_INCREMENT=10015 ;

--
-- 转存表中的数据 `tag`
--

INSERT INTO `tag` (`id`, `title`, `desc`, `icon`) VALUES
(10000, '咏梅', '只有香如故。', 'http://placehold.it/60x60'),
(10001, '雨', '归去，也无风雨也无晴。', 'http://placehold.it/60x60'),
(10002, '中秋', '十分好月，不见人圆。', 'http://placehold.it/60x60'),
(10003, '战争', '醉卧沙场君莫笑，古来征战几人回？', 'http://placehold.it/60x60'),
(10004, '哲理', '问渠那得清如许？为有源头活水来。', 'http://placehold.it/60x60'),
(10005, '悼亡', '明月夜，短松岗。', 'http://placehold.it/60x60'),
(10006, '爱情', '似此星辰非昨夜，为谁风露立中宵？', 'http://placehold.it/60x60'),
(10007, '元宵', '东风夜放花千树，更吹落，星如雨。', 'http://placehold.it/60x60'),
(10008, '霸气', '十步杀一人，千里不留行。', 'http://placehold.it/60x60'),
(10009, '秋', '我言秋日胜春朝。', 'http://placehold.it/60x60'),
(10010, '咏史怀古', '西风残照，汉家陵阙。', 'http://placehold.it/60x60'),
(10011, '思乡', '遍插茱萸少一人。', 'http://placehold.it/60x60'),
(10013, '静谧', '月出惊山鸟，时鸣春涧中。', 'http://placehold.it/60x60'),
(10014, '唯美', '涧户寂无人，纷纷开且落。', 'http://placehold.it/60x60');

-- --------------------------------------------------------

--
-- 表的结构 `topic`
--

CREATE TABLE IF NOT EXISTS `topic` (
  `id` int(11) NOT NULL AUTO_INCREMENT,
  `title` varchar(100) DEFAULT NULL,
  `content` text,
  `click_num` int(11) DEFAULT NULL,
  `create_time` datetime DEFAULT NULL,
  `user_id` int(11) DEFAULT NULL,
  PRIMARY KEY (`id`),
  KEY `user_id` (`user_id`)
) ENGINE=InnoDB  DEFAULT CHARSET=utf8 AUTO_INCREMENT=10002 ;

--
-- 转存表中的数据 `topic`
--

INSERT INTO `topic` (`id`, `title`, `content`, `click_num`, `create_time`, `user_id`) VALUES
(10001, '欢迎大家对西窗烛提建议', '欢迎大家提出任何关于本站的建议！', 628, '2013-08-22 00:00:00', 45197381);

-- --------------------------------------------------------

--
-- 表的结构 `topic_comment`
--

CREATE TABLE IF NOT EXISTS `topic_comment` (
  `id` int(11) NOT NULL AUTO_INCREMENT,
  `content` text,
  `create_time` datetime DEFAULT NULL,
  `topic_id` int(11) NOT NULL,
  `user_id` int(11) NOT NULL,
  PRIMARY KEY (`id`,`topic_id`,`user_id`),
  KEY `topic_id` (`topic_id`),
  KEY `user_id` (`user_id`)
) ENGINE=InnoDB  DEFAULT CHARSET=utf8 AUTO_INCREMENT=10007 ;

--
-- 转存表中的数据 `topic_comment`
--

INSERT INTO `topic_comment` (`id`, `content`, `create_time`, `topic_id`, `user_id`) VALUES
(10001, '自己顶一个！', '2013-08-22 00:00:00', 10001, 45197381),
(10004, '在哪里上传书法作品？', '2013-09-06 10:10:24', 10001, 1000198),
(10005, '在单个作品页面，点击“书法”按钮。', '2013-09-06 14:44:52', 10001, 45197381),
(10006, '不错 来学习flask的', '2014-05-18 22:19:08', 10001, 3453578);

-- --------------------------------------------------------

--
-- 表的结构 `user`
--

CREATE TABLE IF NOT EXISTS `user` (
  `id` int(11) NOT NULL AUTO_INCREMENT,
  `name` varchar(50) DEFAULT NULL,
  `abbr` varchar(50) DEFAULT NULL,
  `email` varchar(50) DEFAULT NULL,
  `avatar` varchar(200) DEFAULT NULL,
  `signature` text,
  `check_inform_time` datetime DEFAULT NULL,
  `create_time` datetime DEFAULT NULL,
  `is_admin` tinyint(1) DEFAULT NULL,
  `is_banned` tinyint(1) DEFAULT NULL,
  `is_new` tinyint(1) DEFAULT NULL,
  `is_super_admin` tinyint(1) DEFAULT NULL,
  PRIMARY KEY (`id`),
  UNIQUE KEY `name` (`name`)
) ENGINE=InnoDB  DEFAULT CHARSET=utf8 AUTO_INCREMENT=81417140 ;

--
-- 转存表中的数据 `user`
--

INSERT INTO `user` (`id`, `name`, `abbr`, `email`, `avatar`, `signature`, `check_inform_time`, `create_time`, `is_admin`, `is_banned`, `is_new`, `is_super_admin`) VALUES
(1000198, '西北豆芽', 'westup', '41262070@qq.com', 'http://img3.douban.com/icon/u1000198-1.jpg', '签名档？啥时候有的', '2013-09-06 10:08:25', '2013-09-06 10:08:25', 0, 0, 0, 0),
(1266965, '机械唯物主义', '', '', 'http://img3.douban.com/icon/up1266965-31.jpg', '当你望向深渊, 深渊也望着你', '2013-01-01 00:00:00', '2013-02-28 22:19:07', 0, 0, 0, 0),
(1469581, '小刀', 'mifanxp', 'mifan@163.com', 'http://img3.douban.com/icon/up1469581-2.jpg', '', '2013-10-25 17:20:28', '2013-10-25 17:20:28', 0, 0, 0, 0),
(1673508, '陈饕餮', 'cerutao', 'ceru@163.com', 'http://img3.douban.com/icon/up1673508-3.jpg', '', '2014-02-28 00:01:25', '2014-02-28 00:01:25', 0, 0, 0, 0),
(2279001, '柯利', 'baige012', NULL, 'http://img3.douban.com/icon/up2279001-6.jpg', '美是人间不死的光芒', '2013-11-05 20:17:20', '2013-11-05 20:17:20', 0, 0, 0, 0),
(2294686, '东京湾', 'cnbee', 'cnbee@qq.com', 'http://img3.douban.com/icon/up2294686-4.jpg', '爱在深秋', '2014-02-06 15:55:50', '2014-02-06 15:55:50', 0, 0, 0, 0),
(3277255, '李航', 'hugleecool', '465509449@qq.com', 'http://img3.douban.com/icon/up3277255-1.jpg', '平衡观点搅局人', '2014-08-24 19:31:38', '2014-08-24 19:31:38', 0, 0, 0, 0),
(3453578, 'yeahlee', 'yeahlee', 'lihygaasd@gmail.com', 'http://img3.douban.com/icon/up3453578-4.jpg', 'my soul ? where ?', '2014-05-18 22:16:46', '2014-05-18 22:16:46', 0, 0, 0, 0),
(4185701, 'peicheng', 'peichengliao', NULL, 'http://img3.douban.com/icon/user_normal.jpg', 'zzz', '2014-01-15 16:06:47', '2014-01-15 16:06:47', 0, 0, 0, 0),
(4737789, '13路公交车', '4737789', 'no13bus@gmail.com', 'http://img3.douban.com/icon/up4737789-4.jpg', '', '2013-07-24 23:35:22', '2013-07-24 23:35:22', 0, 0, 0, 0),
(6562551, '小红猪', '6562551', '372326009@qq.com', 'http://img3.douban.com/icon/up6562551-4.jpg', '', '2013-05-13 20:35:49', '2013-05-14 00:35:49', 0, 0, 0, 0),
(29841939, 'Joe', 'joe_ok', 'josephok@qq.com', 'http://img3.douban.com/icon/up29841939-2.jpg', '', '2014-05-24 09:31:38', '2014-05-24 09:31:38', 0, 0, 0, 0),
(33312143, 'xream', '', '', 'http://img3.douban.com/icon/up33312143-4.jpg', '', '2013-01-01 00:00:00', '2013-03-03 13:58:25', 0, 0, 0, 0),
(39826825, '梵烟阁', 'fanyange', 'mr.fanyange@gmail.com', 'http://img3.douban.com/icon/up39826825-4.jpg', '壮厉少年有，情开复几回？', '2013-07-27 12:43:35', '2013-07-27 12:42:20', 0, 0, 0, 0),
(44180840, '我的尾吧在前面', 'jhyhoney', '997382752@qq.com', 'http://img3.douban.com/icon/up44180840-72.jpg', 'mamimamihong', '2013-07-16 08:52:35', '2013-07-16 08:52:35', 0, 0, 0, 0),
(45197381, 'hustlzp', 'hustlzp', 'hustlzp@qq.com', 'http://img3.douban.com/icon/up45197381-5.jpg', 'Return to myself.', '2013-08-18 11:56:39', '2013-02-23 19:11:27', 0, 0, 0, 1),
(46211265, '幹妹妹', 'antidrunblity', 'Eeejeee@127.com', 'http://img3.douban.com/icon/up46211265-14.jpg', '男子汉不玩这种娘娘腔的游戏啦', '2014-05-26 13:19:14', '2014-05-26 13:19:14', 0, 0, 0, 0),
(46240744, '草莓求offer', 'sparkmorry', '443435734@qq.com', 'http://img3.douban.com/icon/up46240744-47.jpg', '生活美好, 有画和Javascript。', '2013-11-05 11:24:03', '2013-11-05 11:24:03', 0, 0, 0, 0),
(46543502, 'HaPBoy', '46543502', 'hapboy@vip.qq.com', 'http://img3.douban.com/icon/up46543502-6.jpg', '', '2013-11-03 19:04:37', '2013-11-03 19:04:37', 0, 0, 0, 0),
(46898393, 'Seyren', 'seyren', NULL, 'http://img3.douban.com/icon/up46898393-17.jpg', '', '2014-01-15 18:26:01', '2014-01-15 18:26:01', 0, 0, 0, 0),
(47761197, 'gnowkuy', '47761197', 'sinoyster@163.com', 'http://img3.douban.com/icon/user_normal.jpg', '', '2014-03-22 21:56:46', '2014-03-22 21:56:46', 0, 0, 0, 0),
(55352262, 'tajpure', 'muliter', 'tajpure@gmail.com', 'http://img3.douban.com/icon/up55352262-24.jpg', '', '2014-08-06 16:50:52', '2014-08-06 16:50:52', 0, 0, 0, 0),
(57885380, 'Tink', 'goxofy', 'goxofy@gmail.com', 'http://img3.douban.com/icon/up57885380-2.jpg', '', '2013-07-16 11:30:52', '2013-07-16 11:30:52', 0, 0, 0, 0),
(58154652, '小锐', '58154652', '', 'http://img3.douban.com/icon/up58154652-1.jpg', '', '2013-04-22 10:14:31', '2013-04-22 14:14:31', 0, 0, 0, 0),
(60104157, '汤首长', '60104157', '478313329@qq.com', 'http://img3.douban.com/icon/user_normal.jpg', '', '2014-04-26 16:15:50', '2014-04-26 16:15:50', 0, 0, 0, 0),
(61683280, 'WaMing', '61683280', NULL, 'http://img3.douban.com/icon/user_normal.jpg', '', '2014-01-02 16:26:01', '2014-01-02 16:26:01', 0, 0, 0, 0),
(62604437, '小白', '62604437', '378874086@qq.com', 'http://img3.douban.com/icon/up62604437-1.jpg', '', '2013-09-04 08:29:50', '2013-09-04 08:29:50', 0, 0, 0, 0),
(62770649, 'IcsmiLe', '62770649', '524048835@qq.com', 'http://img3.douban.com/icon/user_normal.jpg', '', '2014-03-27 10:56:53', '2014-03-27 10:56:53', 0, 0, 0, 0),
(63958118, '要纯粹', '63958118', NULL, 'http://img3.douban.com/icon/up63958118-4.jpg', '', '2013-09-21 22:31:11', '2013-09-21 22:31:11', 0, 0, 0, 0),
(64710006, '..衣冠冢', '64710006', NULL, 'http://img3.douban.com/icon/up64710006-2.jpg', '', '2013-09-14 12:14:38', '2013-09-14 12:14:38', 0, 0, 0, 0),
(69435411, 'lzpxwz', 'lzpxwz', '724475543@qq.com', 'http://img3.douban.com/icon/up69435411-2.jpg', '呵呵（第一声）', '2014-09-13 15:52:43', '2014-09-13 15:52:43', 0, 0, 0, 0),
(70765580, 'wolangjushi', '70765580', '', 'http://img3.douban.com/icon/up70765580-3.jpg', '', '2013-04-19 09:52:58', '2013-04-19 13:52:58', 0, 0, 0, 0),
(73889571, '帝归', 'unionz', NULL, 'http://img3.douban.com/icon/up73889571-8.jpg', '无心', '2013-09-06 08:30:02', '2013-09-06 08:30:02', 0, 0, 0, 0),
(75953521, '18路公交车', '75953521', 'no18bus@gmail.com', 'http://img3.douban.com/icon/user_normal.jpg', '', '2013-07-30 04:51:31', '2013-07-30 04:51:31', 0, 0, 0, 0),
(77026597, 'guoqi', '77026597', NULL, 'http://img3.douban.com/icon/user_normal.jpg', '', '2014-01-17 15:08:39', '2014-01-17 15:08:39', 0, 0, 0, 0),
(77034102, 'josh-ping', '77034102', 'josh.ping@gmail.com', 'http://img3.douban.com/icon/up77034102-2.jpg', '', '2013-09-06 10:46:17', '2013-09-06 10:46:17', 0, 0, 0, 0),
(78490532, '123Amy____', '78490532', '1040857973@qq.com', 'http://img3.douban.com/icon/user_normal.jpg', '', '2013-09-29 11:46:28', '2013-09-29 11:46:28', 0, 0, 0, 0),
(81417139, '濩濩', '81417139', 'ahahongdi@qq.com', 'http://img3.douban.com/icon/up81417139-4.jpg', '', '2014-04-17 04:18:13', '2014-04-17 04:18:13', 0, 0, 0, 0);

-- --------------------------------------------------------

--
-- 表的结构 `work`
--

CREATE TABLE IF NOT EXISTS `work` (
  `id` int(11) NOT NULL AUTO_INCREMENT,
  `title` varchar(50) DEFAULT NULL,
  `foreword` text,
  `content` text,
  `intro` text,
  `layout` varchar(10) DEFAULT NULL,
  `highlight` tinyint(1) DEFAULT NULL,
  `create_time` datetime DEFAULT NULL,
  `type_id` int(11) DEFAULT NULL,
  `author_id` int(11) DEFAULT NULL,
  `updated_at` datetime DEFAULT NULL,
  `mobile_content` text,
  `mobile_title` varchar(50) DEFAULT NULL,
  PRIMARY KEY (`id`),
  KEY `author_id` (`author_id`),
  KEY `type_id` (`type_id`)
) ENGINE=InnoDB  DEFAULT CHARSET=utf8 AUTO_INCREMENT=10431 ;

--
-- 转存表中的数据 `work`
--

INSERT INTO `work` (`id`, `title`, `foreword`, `content`, `intro`, `layout`, `highlight`, `create_time`, `type_id`, `author_id`, `updated_at`, `mobile_content`, `mobile_title`) VALUES
(10001, '临江仙-夜归临皋', '', '夜饮东坡醒复醉，归来仿佛已三更。家童鼻息已雷鸣，敲门都不应，倚杖听江声。%长恨此身非我有，何时忘却营营？夜阑风静彀纹平，小舟从此逝，江海寄余生。', '这首词作于神宗元丰五年，即东坡黄州之贬的第三年，写作者深秋之夜在东坡雪堂开怀畅饮，醉后返归临皋住所的情景，表达了词人退避社会的生活态度和希望彻底解脱的出世意念。词人静夜沉思，豁然有悟，既然自己无法掌握命运，不如全身免祸。是夜风静纹平，心与景会，神与物游。他要趁此良辰美景，驾一叶扁舟，随波流逝，任意东西，将自己的有限生命融化在无限的大自然之中。', 'indent', 1, '2013-01-09 16:40:47', 2, 10001, '2014-08-20 21:21:03', '', ''),
(10015, '江城子-密州出猎', '', '老夫聊发少年狂，左牵黄，右擎苍<黄：黄狗。苍：苍鹰。>。锦帽貂裘，千骑卷平冈。为报倾城随太守，亲射虎，看孙郎<孙郎：指孙权。《三国志·吴书·孙权传》中有孙权射虎的记载，此以孙权自喻。>。%酒酣胸胆尚开张，鬓微霜，又何妨？持节云中，何日遣冯唐<节：符节，古代传达皇帝命令的凭证。“持节”二句：《史记·冯唐列传》载，汉文帝时，云中太守魏尚抗击匈奴有功，但因报功不实，获罪削职。冯唐向文帝直言劝谏，文帝感悟，便派冯唐持节去赦免魏尚，恢复了他云中太守之职。>？会挽雕弓如满月，西北望，射天狼<天狼：即狼星，主侵掠，此代指当时的西夏。>。', '此词做于熙宁八年（1075）作者任密州太守时，通过平冈围猎壮阔场面的描写，抒发了渴望报国立功的豪情壮志。作者在《与鲜于子骏书》中曾云：“近确颇作小词，虽无柳七郎风味，亦自是一家，呵呵。数日前猎于郊外，所获颇多。做得一阙，令东州壮士抵掌顿足而歌之，吹笛击鼓以为节，颇壮观也。”可见此词乃作者得意之作。', 'indent', 1, '2013-01-31 11:06:33', 2, 10001, '2014-07-23 19:52:42', NULL, NULL),
(10019, '项脊轩志', '', '项脊轩，旧南阁子也。室仅方丈<方丈：一丈见方。>，可容一人居。百年老屋，尘泥渗漉<尘泥渗（shèn）漉（lù）：（屋顶墙头上的）泥土漏下。渗，透过。漉，漏下。>，雨泽下注；每移案，顾视无可置者。又北向，不能得日，日过午已昏。余稍为修葺，使不上漏。前辟四窗，垣墙周庭<垣墙周庭：庭院四周砌上围墙。垣，在这里名词作动词，指砌矮墙。垣墙：砌上围墙。周庭，（于）庭子周围。>，以当南日，日影反照，室始洞然。又杂植兰桂竹木于庭，旧时栏楯<栏楯（shǔn）：栏杆。纵的叫栏，横的叫楯。>，亦遂增胜。借书满架，偃仰啸歌，冥然兀坐，万籁有声；而庭阶寂寂，小鸟时来啄食，人至不去。三五之夜，明月半墙，桂影斑驳，风移影动，珊珊可爱。\r\n\r\n然余居于此，多可喜，亦多可悲。先是，庭中通南北为一。迨诸父异爨<迨（dài）诸父异爨（cuàn）：等到伯、叔们分了家。迨，及，等到。诸父，伯父、叔父的统称。异爨，分灶做饭，意思是分了家。>，内外多置小门，墙往往<往往：指到处，处处。>而是。东犬西吠<东犬西吠：东边的狗对着西边叫。意思是分家后，狗把原住同一庭院的人当作陌生人。>，客逾庖而宴<逾（yú）庖（páo）而宴：越过厨房而去吃饭。庖，厨房。>，鸡栖于厅。庭中始为篱，已为墙<已：已而，随后不久。>，凡再变矣<凡再变矣：凡，总共。再，两次。>。家有老妪，尝居于此。妪，先大母婢也，乳二世，先妣抚之甚厚。室西连于中闺，先妣尝一至。妪每谓余曰：“某所，而母立于兹。”妪又曰：“汝姊在吾怀，呱呱而泣；娘以指叩门扉曰：‘儿寒乎？欲食乎？’吾从板外相为应答。”语未毕，余泣，妪亦泣。余自束发<束发：古代男孩成年时束发为髻，15岁前指儿童时代。>读书轩中，一日，大母过余曰：“吾儿，久不见若影，何竟日<竟日：一天到晚。>默默在此，大类女郎也？”比去，以手阖门，自语曰：“吾家读书久不效，儿之成，则可待乎！”顷之，持一象笏至，曰：“此吾祖太常公宣德间执此以朝，他日汝当用之！”瞻顾遗迹，如在昨日，令人长号不自禁。\r\n\r\n轩东故尝为厨，人往，从轩前过。余扃牖<扃（jiōng）牖（yǒu）：关着窗户。扃，（从内）关闭。牖，窗户。>而居，久之，能以足音辨人。轩凡四遭火，得不焚，殆有神护者<殆：恐怕，大概，表示揣测的语气。>。\r\n\r\n项脊生曰：“蜀清守丹穴，利甲天下，其后秦皇帝筑女怀清台；刘玄德与曹操争天下，诸葛孔明起陇中。方二人之昧昧于一隅也，世何足以知之，余区区处败屋中，方扬眉、瞬目，谓有奇景。人知之者，其谓与坎井之蛙何异？”\r\n\r\n余既为此志，后五年，吾妻来归<来归：嫁到我家来。归，古代女子出嫁。>，时至轩中，从余问古事，或凭几学书。吾妻归宁<归宁：出嫁的女儿回娘家省亲。>，述诸小妹语曰：“闻姊家有阁子，且何谓阁子也？”其后六年，吾妻死，室坏不修。其后二年，余久卧病无聊，乃使人复葺南阁子，其制稍异于前。然自后余多在外，不常居。\r\n\r\n庭有枇杷树，吾妻死之年所手植也，今已亭亭如盖矣。', '本文是一篇借记物以叙事、抒情的散文。文章通过记作者青年时代的书斋，着重叙述与项脊轩有关的人事变迁，借”百年老屋”的几经兴废，回忆家庭琐事，抒发了物在人亡、三世变迁的感慨。文章紧扣项脊轩来写，又用或喜或悲的感情作为贯穿全文的意脉，将生活琐碎事串为一个整体。拮取生活中的细节和场面来表现人物，不言情而情无限，言有尽而意无穷。', 'indent', 1, '2013-01-31 15:58:13', 5, 10004, '2014-08-20 21:33:25', '', ''),
(10020, '问刘十九', '', '绿蚁新醅酒<绿蚁：指浮在新酿的没有过滤的米酒上的绿色泡沫。醅（pēi）：酿造。>，红泥小火炉。\r\n\r\n晚来天欲雪，能饮一杯无？', '此诗描写诗人在一个风雪飘飞的傍晚邀请朋友前来喝酒、共叙衷肠的情景。以家常的语气，朴素亲切的语言，体现了朋友间真诚亲密的感情。全诗简练含蓄，轻松洒脱，而诗句之间意脉相通，一气贯之。', 'center', 1, '2013-01-31 16:02:06', 1, 10005, '2014-08-20 21:33:58', '', ''),
(10021, '道德经-第十二', '', '五色令人目盲<五色：青、黄、赤、白、黑，此指色彩多样。目盲：比喻眼花缭乱。>；五音令人耳聋<五音：宫、商、角、徵、羽，这里指多种多样的音乐声。耳聋：比喻听觉不灵敏，分不清五音。>；五味令人口爽<五味：酸、苦、甘、辛、咸，这里指多种多样的美味。口爽：味觉失灵，生了口病。>；驰骋畋猎，令人心发狂<驰骋：纵横奔走，比喻纵情放荡。 畋（tián）：打猎。心发狂：心旌放荡而不可制止。>；难得之货，令人行妨<妨，妨害。行妨：伤害操行。>。是以圣人为腹不为目<为腹不为目：只求温饱安宁，而不为纵情声色之娱。“腹”在这里代表一种简朴宁静的生活方式；“目”代表一种巧伪多欲的生活方式。>，故去彼取此<摒弃物欲的诱惑，而保持安定知足的生活。“彼”指“为目”的生活；“此”指“为腹”的生活。>。', '老子生活的时代，正处于新旧制度交替、社会动荡不安之际，奴隶主贵族生活日趋腐朽糜烂。他目击了上层社会的生活状况，因而认为社会的正常生活应当是建立内在宁静恬淡的生活方式，而不是外在贪俗的生活。', 'indent', 1, '2013-01-31 16:07:25', 5, 10006, '2014-08-19 22:40:19', '', ''),
(10022, '湖心亭看雪', ' ', '崇祯五年十二月，余住西湖。大雪三日，湖中人鸟声俱绝。是日更定矣<是：代词，这。更（gēng）定：指初更以后，晚上八点左右。更，古代夜间计时，一夜分为五更，每更大约两小时。定，开始。>，余挐一小舟<挐（ná）：同拿，此处引申为撑、划。>，拥毳衣炉火<毳（cuì）衣：细毛皮衣。>，独往湖心亭看雪。雾凇沆砀<雾凇：水气。沆砀（hàng dàng）：白气弥漫的样子。>，天与云与山与水，上下一白。湖上影子，惟长堤一痕<长堤一痕：形容西湖长堤在雪中只隐隐露出一道痕迹。>、湖心亭一点、与余舟一芥<芥：小草，比喻轻微纤细的事物。>，舟中人两三粒而已。\r\n\r\n到亭上，有两人铺毡对坐，一童子烧酒炉正沸。见余，大喜曰：“湖中焉得更有此人！”拉余同饮。余强饮三大白而别<大白：大酒杯。>。问其姓氏，是金陵人，客此。及下船，舟子喃喃曰：“莫说相公痴，更有痴似相公者！”', '此文选自《陶庵梦忆》，是明末清初文学家张岱的代表作。作者出身官僚家庭，但一生未做官。此文以精炼的笔墨，记叙了作者自己在湖心亭看雪的经过，描绘了幽静深远、洁白广阔的雪景图，体现出作者幽远脱俗的闲情雅致。', 'indent', 1, '2013-01-31 16:11:05', 5, 10007, '2014-08-20 21:35:50', '', ''),
(10023, '浮生六记-闺房记乐', '', '余生乾隆癸未冬卜一月二十有二日，正值太平盛世，且在衣冠之家，后苏州沧浪亭畔，天之厚我可谓至矣。东坡云：“事如春梦了无痕”，苟不记之笔墨，未免有辜彼苍之厚。因思《关鸠》冠三百篇之首，被列夫妇于首卷，余以次递及焉。所愧少年失学，稍识之无，不过记其实情实事而已，若必考订其文法，是责明于垢鉴矣。\r\n\r\n余幼聘金沙于氏，八龄而天。娶陈氏。陈名芸，字淑珍，舅氏心余先生女也，生而颖慧，学语时，口授《琵琶行》，即能成诵。四龄失怙，母金氏，弟克昌，家徒壁立。芸既长，娴女红，三口仰其十指供给，克昌从师，修脯无缺。一日，于书簏中得《琵琶行》，挨字而认，始识字。刺绣之暇，渐通吟咏，有“秋侵人影瘦，霜染菊花肥”之句。余年—十三，随母归宁，两小无嫌，得见所作，虽叹其才思隽秀，窃恐其福泽不深，然心注不能释，告母曰：“若为儿择妇，非淑姊不娶。”母亦爱其柔和，即脱金约指缔姻焉。此乾隆乙末七月十六日也。\r\n\r\n是中冬，值其堂姊出阁，余又随母往。芸与余同齿而长余十月，自幼姊弟相呼，故仍呼之曰淑姊。时但见满室鲜衣，芸独通体素淡，仅新其鞋而已。见其绣制精巧，询为己作，始知其慧心不仅在笔墨也。其形削肩长项，瘦不露骨，眉弯目秀，顾盼神飞，唯两齿微露；似非佳相。一种缠绵之态，令人之意也消。索观诗稿，有仅一联，或三四句，多未成篇者，询其故，笑曰：“无师之作，愿得知己堪师者敲成之耳。”余戏题其签曰“锦囊佳句”。不知夭寿之机此已伏矣。是夜送亲城外，返已漏三下，腹饥索饵，婢妪以枣脯进，余嫌其甜。芸暗牵余袖，随至其室，见藏有暖粥并小菜焉，余欣然举箸。忽闻芸堂兄玉衡呼曰：“淑妹速来！”芸急闭门曰：“已疲乏，将卧矣。”玉衡挤身而入，见余将吃粥，乃笑睨芸曰：“顷我索粥，汝曰‘尽矣’，乃藏此专待汝婿耶？”芸大窘避去，上下哗笑之。余亦负气，挈老仆先归。自吃粥被嘲，再往，芸即避匿，余知其恐贻人笑也。\r\n\r\n至乾隆庚子正月二十二日花烛之夕，见瘦怯身材依然如昔，头巾既揭，相视嫣然。合卺后，并肩夜膳，余暗于案下握其腕，暖尖滑腻，胸中不觉抨抨作跳。让之食，适逢斋期，已数年矣。暗计吃斋之初，正余出痘之期，因笑调曰：“今我光鲜无恙，姊可从此开戒否？”芸笑之以目，点之以首。\r\n\r\n廿四日为余姊于归，廿三国忌不能作乐，故廿二之夜即为余婉款嫁。芸出堂陷宴，余在洞房与伴娘对酌，拇战辄北，大醉而卧，醒则芸正晓妆未竟也。是日亲朋络绎，上灯后始作乐。廿四子正，余作新舅送嫁，丑末归来，业已灯残人静，悄然入室，伴妪盹于床下，芸卸妆尚未卧，高烧银烛，低垂粉颈，不知观何书而出神若此，因抚其肩曰：“姊连日辛苦，何犹孜孜不倦耶？”芸忙回首起立曰：“顷正欲卧，开橱得此书，不觉阅之忘倦。《西厢》之名闻之熟矣，今始得见，莫不傀才子之名，但未免形容尖薄耳。”余笑曰：“唯其才子，笔墨方能尖薄。”伴妪在旁促卧，令其闭门先去。遂与比肩调笑，恍同密友重逢。戏探其怀，亦怦怦作跳，因俯其耳曰：“姊何心舂乃尔耶？”芸回眸微笑。便觉一缕情丝摇人魂魄，拥之入帐，不知东方之既白。\r\n\r\n芸作新妇，初甚缄默，终日无怒容，与之言，微笑而已。事上以敬，处下以和，井井然未尝稍失。每见朝暾上窗，即披衣急起，如有人呼促者然。余笑曰：“今非吃粥比矣，何尚畏人嘲耶？”芸曰：“曩之藏粥待君，传为话柄，今非畏嘲，恐堂上道新娘懒惰耳。”余虽恋其卧而德其正，因亦随之早起。自此耳鬓相磨，亲同形影，爱恋之情有不可以言语形容者。\r\n\r\n而欢娱易过，转睫弥月。时吾父稼夫公在会稽幕府，专役相迓，受业于武林赵省斋先生门下。先生循循善诱，余今日之尚能握管，先生力也。归来完姻时，原订随侍到馆。闻信之徐，心甚怅然，恐芸之对人堕泪。而芸反强颜劝勉，代整行装，是晚但觉神色稍异面已。临行，向余小语曰：“无人调护，自去经心！”及登舟解缆，正当桃李争研之候，而余则恍同林鸟失群，天地异色。到馆后，吾父即渡江东去。\r\n\r\n居三月，如十年之隔。芸虽时有书来，必两问一答，中多勉励词，余皆浮套语，心殊怏怏。每当风生竹院，月上蕉窗，对景怀人，梦魂颠倒。先生知其情，即致书吾父，出十题而遣余暂归。喜同戍人得赦，登舟后，反觉一刻如年。及抵家，吾母处问安毕，入房，芸起相迎，握手未通片语，而两人魂魄恍恍然化烟成雾，觉耳中惺然一响，不知更有此身矣。\r\n\r\n时当六月，内室炎蒸，幸居沧浪亭爱莲居西间壁，板桥内一轩临流，名曰“我取”，取“清斯濯缨，浊斯濯足”意也。榴前老树一株，浓阴覆窗，人画俱绿。隔岸游人往来不绝。此吾父稼夫公垂帘宴客处也。禀命吾母，携芸消夏于此。因暑罢绣，终日伴余课书论古，品月评花而已。芸不善饮，强之可三杯，教以射覆为令。自以为人间之乐，无过于此矣。\r\n\r\n一日，芸问曰：“各种古文，宗何为是？”余曰：“《国策》、《南华》取其灵快，匡衡、刘向取其雅健，史迁、班固取其博大，昌黎取其浑，柳州取其峭，庐陵取其宕，三苏取其辩，他若贾、董策对，庾、徐骈体，陆贽奏议，取资者不能尽举，在人之慧心领会耳。”芸曰：“古文全在识高气雄，女子学之恐难入彀，唯诗之一道，妾稍有领悟耳。”余曰：“唐以诗取士，而诗之宗匠必推李、杜，卿爱宗何人？”芸发议曰：“杜诗锤炼精纯，李诗激洒落拓．与其学杜之森严，不如学李之活泼。”余曰：“工部为诗家之大成，学者多宗之，卿独取李，何也？”芸曰：“格律谨严，词旨老当，诚杜所独擅。但李诗宛如姑射仙子，有一种落花流水之趣，令人可爱。非杜亚于李，不过妾之私心宗杜心浅，爱李心深。”余笑日：“初不料陈淑珍乃李青莲知已。”芸笑曰：“妄尚有启蒙师自乐天先生，时感于怀，未尝稍露。”余曰：“何谓也？”芸曰：“彼非作《琵琶行》者耶？”余笑曰：“异哉！李太白是知己，自乐天是启蒙师，余适字三白，为卿婿，卿与‘白’宇何其有缘耶？”差笑曰：“白字有缘，将来恐白字连篇耳(吴音呼别字为白字)。”相与大笑。余曰：“卿既知诗，亦当知赋之弃取。”芸曰：“《楚辞》为赋之祖，妾学浅费解。就汉、晋人中调高语炼，似觉相如为最。”余戏曰：“当日文君之从长卿，或不在琴而在此乎？”复相与大笑而罢。\r\n\r\n余性爽直，落拓不羁；芸若腐儒，迂拘多礼。偶为之整袖，必连声道“得罪”；或递巾授扇，必起身来接。余始厌之，曰：“卿欲以礼缚我耶？《语》曰：‘礼多必诈’。”芸两颊发赤，曰：“恭而有礼，何反言诈？”余曰：“恭敬在心，不在虚文。”芸曰：“至亲莫如父母，可内敬在心而外肆狂放耶？”余曰：“前言戏之耳。”芸曰：“世间反目多由戏起，后勿冤妾，令人郁死！”余乃挽之入怀，抚慰之，始解颜为笑。自此“岂敢”、“得罪”竟成语助词矣。鸿案相庄廿有三年，年愈久而情愈密。家庭之内，或暗室相逢，窄途邂逅，必握手问曰：“何处去？”私心忒忒，如恐旁人见之者。实则同行并坐，初犹避人，久则不以为意。芸或与人坐谈，见余至，必起立偏挪其身，余就而并焉。彼此皆不觉其所以然者，始以为惭，继成不期然而然。独怪老年夫妇相视如仇者，不知何意？或日：“非如是，焉得白头偕老哉？”斯言诚然钦？\r\n\r\n是年七夕，芸设香烛瓜果，同拜天孙干我取轩中。余镌“愿生生世世为夫妇”图章二方，余执朱文，芸执白文，以为往来书信之用。是夜月色颇佳，俯视河中，波光如练，轻罗小扇，并坐水窗，仰见—飞云过天，变态万状。芸曰：“宇宙之大，同此一月，不知今日世间，亦有如我两人之情兴否？”余曰：“纳凉玩月，到处有之。若品论云霞，或求之幽闺绣闼，慧心默证者固亦不少。若夫妇同观，所品论着恐不在此云霞耳。”未几，烛烬月沉，撤果归卧。\r\n\r\n七月望，俗谓鬼节，芸备小酌，拟邀月畅饮。夜忽阴云如晦，芸愀然曰：“妾能与君白头偕老，月轮当出。”余亦索然。但见隔岸萤光，明灭万点，梳织于柳堤蓼渚间。余与芸联句以遣闷怀，而两韵之后，逾联逾纵，想入非夷，随口乱道。芸已漱涎涕泪，笑倒余怀，不能成声矣。觉其鬃边茉莉浓香扑鼻，因拍其背，以他词解之曰：“想古人以茉莉形色如珠，故供助妆压鬓，不知此花必沾油头粉面之气，其香更可爱，所供佛手当退三舍矣。”芸乃止笑曰：“佛手乃香中君子，只在有意无意间；莱莉是香中小人，故须借人之势，其香也如胁肩谄笑。”余曰：“卿何远君子而近小人？”芸曰：“我笑君子爱小人耳。”正话间，漏已三滴，渐见风扫云开，一轮涌出，乃大喜，倚窗对酌。酒未三杯，忽闻桥下哄然一声，如有人堕。就窗细瞩，波明如镜，不见一物，惟闻河滩有只鸭急奔声．余知沧浪亭畔素有溺鬼，恐芸胆怯，未敢即言，芸曰：“噫！此声也，胡为乎来哉？”不禁毛骨皆栗。急闭窗，携酒归房．一灯如豆，罗帐低垂，弓影杯蛇，惊神未定。剔灯入帐，芸已寒热大作。余亦继之，困顿两旬。真所谓乐极灾生，亦是白头不终之兆。\r\n\r\n中秋日，余病初愈。以芸半年新妇，未尝一至间壁之沧浪亭，先令老仆约守者勿放闲人，于将晚时，偕芸及余幼妹，一妪一婢扶焉，老仆前导，过石桥，进门折东，曲径而入。叠石成山，林木葱翠，亭在土山之巅。循级至亭心，周望极目可数里，炊烟四起，晚霞灿然。隔岸名“近山林”；为大宪行台宴集之地，时正谊书院犹未启也。携一毯设亭中，席地环坐，守着烹茶以进。少焉，一轮明月已上林梢，渐觉风生袖底，月到被心，俗虑尘怀，爽然顿释。芸曰：“今日之游乐矣！若驾一叶扁舟，往来亭下，不更快哉！”时已上灯，亿及七月十五夜之惊，相扶下亭而归。吴俗，妇女是晚不拘大家小户皆出，结队而游，名曰“走月亮”。沧浪亭幽雅清旷，反无一人至者。\r\n\r\n吾父稼夫公喜认义子，以故余异姓弟兄有二十六人。吾母亦有义女九人，九人中王二姑、俞六姑与芸最和好。王痴憨善饮，俞豪爽善谈。每集，必逐余居外，而得三女同锡，此俞六姑一人计也。余笑曰：“俟妹于归后，我当邀妹丈来，一住必十日。”俞曰：“我亦来此，与嫂同榻，不大妙耶？”芸与王微笑而已。\r\n\r\n时为吾弟启堂娶妇，迁居钦马桥之米仓巷，屋虽宏畅，非复沧浪亭之幽雅矣。吾母诞辰演剧，芸初以为奇观。吾父素无忌讳，点演《惨别》等剧，老伶刻画，见者情动，余窥帘见芸忽起去，良久不出，入内探之，俞与王亦继至。见芸一人支颐独坐镜窗之侧，余曰：“何不快乃尔？”劳曰：“观剧原以陶情，今日之戏徒令人断肠耳。”俞与王皆笑之。系曰：“此深于情者也。”俞曰：“嫂将竟日独坐于此耶？”莹曰：“候有可观者再往耳。”王闻言先出，请吾母点《刺梁》《后索》等剧，劝芸出观，始称快。\r\n\r\n余堂伯父素存公早亡，无后，吾父以余嗣焉。墓在西跨塘福寿山祖茔之侧，每年春日，必挈芸拜扫。王二姑闻其地有戈园之胜，请同往。芸见地下小乱石有苔纹，斑驳可观，指示余曰：“以此叠盆山，较宣州白石为古致。”余曰：“若此者恐难多得。”王曰：“嫂果爱此，我为拾之。”即向守坟者借麻袋一，鹤步而拾之．每得一块，余曰“善”，即收之；余曰“否”，即去之。未几，粉汗盈盈，拽袋返曰：“再拾则力不胜矣。”芸且拣且言曰：“我闻山果收获，必借猴力，果然。”王愤撮十指作哈痒状，余横阻之，责芸曰：“人劳汝逸，犹作此语，无怪妹之动愤也。”归途游戈园，稚绿娇红，争妍竞媚。王素憨，逢花必折，芸叱曰：“既无瓶养：又不簪戴，多折何为？！”王曰：“不知痛痒者，何害？”余笑曰：“将来罚嫁麻面多须郎，为花泄忿。”王怒余以目，掷花于地，以莲钩拨入池中，曰，“何欺侮我之甚也！”芸笑解之而罢。\r\n\r\n芸初缄默，喜听余议论。余调其言，如蟋蟀之用纤草，渐能发议。其每日饭必用茶泡，喜食芥卤乳腐，吴俗呼为臭乳腐，又喜食虾卤瓜。此二物余生平所最恶者，因戏之曰：“狗无胃而食粪，以其不知臭秽；蜣螂团粪而化蝉，以其欲修高举也。卿其狗耶？蝉耶？”芸曰：“腐取其价廉而可粥可饭，幼时食惯，今至君家已如蜣螂化蝉，犹喜食之者，不忘本出；至卤瓜之味，到此初尝耳。”余曰；“然则我家系狗窦耶？”芸窘而强解日：“夫粪，人家皆有之，要在食与不食之别耳。然君喜食蒜，妾亦强映之。腐不敢强，瓜可扼鼻略尝，入咽当知其美，此犹无益貌丑而德美也。”余笑曰：“卿陷我作狗耶？”芸曰：“妾作狗久矣，屈君试尝之。”以箸强塞余口。余掩鼻咀嚼之，似觉脆美，开鼻再嚼，竟成异味，从此亦喜食。芸以麻油加白糖少许拌卤腐，亦鲜美；以卤瓜捣烂拌卤腐，名之曰双鲜酱，有异昧。余曰：“始恶而终好之，理之不可解也。”芸曰：“情之所钟，虽丑不嫌。”\r\n\r\n余启堂弟妇，王虚舟先生孙女也，催妆时偶缺珠花，芸出其纳采所受者呈吾母，婢妪旁惜之，芸日：“凡为妇人，已属纯阴，珠乃纯阴之精，用为首饰，阳气全克矣，何贵焉？”而于破书残画反极珍惜：书之残缺不全者，必搜集分门，汇订成帙，统名之曰“继简残编”；字画之破损者，必觅故纸粘补成幅，有破缺处，倩予全好而卷之，名门“弃余集赏”。于女红、中馈之暇，终日琐琐，不惮烦倦。芸于破笥烂卷中，偶获片纸可观者，如得异宝．旧邻冯妪每收乱卷卖之。\r\n\r\n其癖好与余同，且能察眼意，锤眉语，一举一动，示之以色，无不头头是道。余尝曰：“惜卿雌而伏，苟能化女为男，相与访名山，搜胜迹，遨游天下，不亦快哉！”芸曰：“此何难，俟妾鬃斑之后，虽不能远游五岳，而近地之虎阜、灵岩，南至西湖，北至平山，尽可偕游。”余曰：“恐卿鬓斑之日，步履已艰。”芸曰，“今世不能，期以来世。”余曰：“来世卿当作男，我为女子相从。”芸曰：“必得不昧今生，方觉有情趣。”余笑曰：“幼时一粥犹谈不了，若来世不昧今生，合卺之夕，细谈隔世，更无合眼时矣。”芸曰：“世传月下老人专司人间婚姻事，今生夫妇已承牵合，来世姻缘亦须仰借神力，盍绘一像祀之？”时有苕溪戚柳堤名遵，善写人物。倩绘一像：一手挽红丝，一手携杖悬姻缘簿，童颜鹤发，奔驰于非烟非雾中。此戚君得意笔也。友人石琢堂为题赞语于首，悬之内室，每逢朔望，余夫妇必焚香拜祷。后因家庭多故，此画竟失所在，不知落在谁家矣。“他生未卜此生休”，两人痴情，果邀神鉴耶？\r\n\r\n迁仓米巷，余颜其卧楼曰“宾香阁”，盖以芸名而取如宾意也。院窄墙高，一无可取。后有厢谈，通藏书处，开窗对陆氏废园，但有荒凉之象。沧浪风景，时切芸怀。有老妪居金母桥之东、埂巷之北，绕屋皆菜圃，编篱为门，门外有池约亩许，花光树影，错杂篱边，其地即元末张士诚王府废基也。屋西数武，瓦砾堆成土山，登其巅可远眺，地旷人稀，颇饶野趣。妪偶言及，芸神往不置，谓余曰：“自自别沧浪，梦魂常绕，每不得已而思其次，其老妪之居乎？”余曰：“连朝秋暑灼人，正思得一清凉地以消长昼，卿若愿往，我先观其家可居，即袱被而往，作一月盘桓何如？”劳曰：“恐堂上不许。”余曰：“我自请之。”越日至其地，屋仅二间，前后隔而为四，纸窗竹榻，颇有幽趣。老妪知余意，欣然出其卧室为赁，四壁糊以白纸，顿觉改观。于是禀知吾母，挈芸居焉。邻仅老夫妇二人，灌园为业，知余夫妇避暑于此，先来通殷勤，并钓池鱼、摘园蔬为馈，偿其价，不受，芸作鞋报之，始谢而受。时方七月，绿树阴浓，水面风来，蝉鸣聒耳。邻老又为制鱼竿，与芸垂钓于柳阴深处。日落时登土山观晚霞夕照，随意联吟，有“兽云吞落日，弓月弹流星”之句。少焉月印池中，虫声四起，设竹榻于篱下，老妪报酒温饭熟，遂就月光对酌，微醺而饭。浴罢则凉鞋蕉扇，或坐或卧，听邻老谈因果报应事。三鼓归卧，周体清凉，几不知身居城市矣。篱边倩邻老购菊，遍植之。九月花开，又与芸居十日。吾母亦欣然来观，持螯对菊，赏玩竟日。芸喜曰：“他年当与君卜筑于此，买绕屋菜园十亩，课仆妪，植瓜蔬，以供薪水。君画我绣，以为持酒之需。布衣菜饭，可乐终身，不必作远游计也。”余深然之。今即得有境地，预知己沦亡，可胜浩叹！\r\n\r\n离余家中里许，醋库巷有洞庭君祠，俗呼水仙庙。回廊曲折，小有园亭．每逢神诞，众姓各认一落，密悬一式之玻璃灯，中设宝座，旁列瓶几，插花陈设，以较胜负。日惟演戏，夜则参差高下，插烛于瓶花间，名曰“花照”。花光好影，宝鼎香浮，若龙宫夜宴。司事者或笙箫歌唱，或煮茗清谈，观者如蚁集，檐下皆设栏为限。余为众友邀去插花布置，因得躬逢其盛。归家向芸艳称之，芸曰：“惜妾非男子，不能往。”余曰：“冠我冠，衣我衣，亦化女为男之法也。”于是易鬓为辫，添扫蛾眉；加余冠，微露两鬃，尚可掩饰；服余衣，长一寸又半；于腰间折而缝之，外加马褂。芸曰：“脚下将奈何？”余曰：“坊间有蝴蝶履，大小由之，购亦极易，且早晚可代撤鞋之用，不亦善乎？”芸欣然。及晚餐后，装束既毕，效男子拱手阔步者良久，忽变卦曰：“妾不去矣，为人识出既不便，堂上闻之又不可。”余怂恿曰：“庙中司事者谁不知我，即识出亦不过付之一笑耳。吾母现在九妹丈家，密去密来，焉得知之。”芸揽镜自照，狂笑不已。余强挽之，悄然径去，遍游庙中，无识出为女子者。或问何人，以表弟对，拱手而已。最后至一处，有少妇幼女坐于所设宝座后，乃杨姓司事者之眷属也。芸忽趋彼通款曲，身一侧，而不觉一按少妇之肩，旁有婢媪怒而起曰：“何物狂生，不法乃尔！”余试为措词掩饰，芸见势恶，即脱帽翘足示之曰：“我亦女子耳。”相与愕然，转怒为欢，留茶点，唤肩舆送归。\r\n\r\n吴江钱师竹病放，吾父信归，命余往吊。芸私调余曰：“吴江必经太湖，妾欲偕往，一宽跟界。”余曰：“正虑独行踽踽，得卿同行，固妙，但无可托词耳。”芸曰，“托言归宁。君先登舟，妾当继至。”余曰：“若然，归途当泊舟万年桥下，与卿待月乘凉，以续沧浪韵事。”时六月十八日也。是日早凉，携一仆先至胥江渡口，登舟而待，芸果肩舆至。解维出虎啸桥，渐见风帆沙鸟，水天一色。芸曰：“此即所谓太湖耶？今得见天地之宽，不虚此生矣！想闺中人有终身中能见此者！”闲话未几，风摇岸柳，已抵江城。\r\n\r\n余登岸拜奠毕，归视舟中洞然，急询舟子。舟子指曰：“不见长桥柳阴下，观鱼鹰捕鱼者乎？”盖芸已与船家女登岸矣。余至其后，芸犹粉汗盈盈，倚女而出神焉。余拍其肩口：“罗衫汗透矣！”芜回首曰：“恐钱家有人到舟，故暂避之。君何回来之速也？”余笑曰：“欲捕逃耳。”于是相挽登舟，返棹至万年桥下，阳乌犹末落山。舟窗尽落，清风徐来，绒扇罗衫，剖瓜解暑。少焉霞映桥红，烟笼柳暗，银瞻欲上，渔火满江矣。命仆至船梢与舟子同饮。船家女名素云，与余有杯酒交，人颇不俗，招之与芸同坐。船头不张灯火，待月快酌，射覆为令。素云双目闪闪，听良久，曰：“觞政侬颇娴习，从未闻有斯令，愿受教。”芸即譬其言而开导之，终茫然。余笑曰：“女先生且罢论，我有一言作譬，即了然矣。”芸曰：“君若何譬之？”余曰：“鹤善舞而不能耕，牛善耕而不能舞，物性然也，先生欲反而教之，无乃劳乎？”素云笑捶余肩曰：“汝骂我耶！”芸出令曰；“只许动口，不许动手。违者罚大觥。”素云量豪，满斟一觥，一吸而尽。余曰：“动手但准摸索，不准捶人。”芸笑挽素云置余怀，曰：“请君摸索畅怀。”余笑曰：“卿非解人，摸索在有意无意间耳，拥而狂探，田舍郎之所为也。”时四鬃所簪莱莉，为酒气所蒸，杂以粉汗油香，芳馨透鼻，余戏曰：“小人臭味充满船头，令人作恶。”素云不禁握拳连捶曰：“谁教汝狂嗅耶？”芸呼曰：“违令，罚两大觥！”素云曰：“彼又以小人骂我，不应捶耶？”芸曰：“彼之所谓小人，益有故也。请干此，当告汝。”素云乃连尽两觥，芸乃告以沧浪旧居乘凉事。素云曰：“若然，真错怪矣，当再罚。”又干一觥。芸曰：“久闻素娘善歌，可一聆妙音否？”素即以象箸击小碟而歌。芸欣然畅饮，不觉酩酊，乃乘舆先归。余又与素云茶话片刻，步月而回。时余寄居友人鲁半舫家萧爽楼中，越数日，鲁夫人误有所闻，私告芸曰：“前日闻若婿挟两妓饮于万年桥舟中，子知之否？”姜口：“有之，其一即我也。”因以偕游始末详告之，鲁大笑，释然而去。\r\n\r\n乾隆甲寅七月，亲自粤东归。有同伴携妾回者，曰徐秀峰，余之表妹婿也。艳称新人之美，邀芸往观。芸他日谓秀峰曰：“美则美矣，韵犹未也。”秀峰口：“然则若郎纳妾，必美而韵者？”芸口：“然。”从此痴心物色，而短于资。时有浙妓温冷香者，寓于吴，有咏柳絮四律，沸传吴下，好事者多和之。余友吴江张闲憨素赏冷香，携柳絮诗索和。芸微其人而置之，余技痒而和其韵，中有“触我春愁偏婉转，撩他离绪更缠绵”之句，芸甚击节。\r\n\r\n明年乙卯秋八月五日，吾母将挈芸游虎丘，闲憨忽至曰：“余亦有虎丘之游，今日特邀君作探花使者。”因请吾母先行，期于虎丘半塘相晤，拉余至冷香寓。见冷香已半老；有女名憨园，瓜期未破，亭亭玉立，真“一泓秋水照人寒”者也，款接间，颇知文墨；有妹文园，尚雏。余此时初无痴想，且念一杯之叙，非寒士所能酬，而既入个中，私心忐忑，强为酬答。因私谓闲憨曰：“余贫士也，子以尤物玩我乎？”闲憨笑曰：“非也，今日有友人邀憨园答我，席主为尊客拉去，我代客转邀客，毋烦倾他虑也。”余始释然。\r\n\r\n至半塘，两舟相遇，令憨园过舟叩见吾母。芸、憨相见，欢同旧识，携手登山，备览名胜。菩独爱千顷云高旷，坐赏良久。返至野芳滨，畅饮甚欢，并舟而泊。及解维，劳谓众出：“子陪张君，留憨陪妾可乎？”余诺之。返棹至都中桥，始过船分袂。归家已三鼓，芸曰：“今日得见美丽韵者矣，顷已约憨园明日过我，当为于图之。”余骇曰：“此非金屋不能贮，穷措大岂敢生此妄想哉？况我两人伉俪正笃，何必外求？”芸笑曰：“我自爱之，子姑待之。”\r\n\r\n明午，憨果至。芸殷勤款接，缝中以猜枚赢吟输饮为令，终席无一罗致语。及憨园归，芸曰：“顷又与密约，十八日来此结为姊妹，子宜备牲牢以待。”笑指臂上翡翠钏曰：“若见此铡属于憨，事必谐矣，顷已吐意，未深结其心也。”余姑听之。十八日大雨，憨竟冒雨至。入室良久，始挽手出，见余有羞色，盖翡翠铡已在憨臂矣。焚香结盟后，拟再续前饮，适憨有石湖之游，即别去。芸欣然告余曰：“丽人已得，君何以谢媒耶？”余询其详，芸曰：“向之秘言，恐憨意另有所属也，顷探之无他，语之曰：‘妹知今日之意否？’憨曰：‘蒙夫人抬举，真蓬篙倚玉树也，但吾母望我奢，恐难自主耳，愿彼此缓图之。’脱钏上臂时，又语之曰：‘玉取其坚，且有团园不断之意，妹试笼之以为先兆。’憨曰：‘聚合之权总在夫人也。’即此观之，憨心已得，所难必者冷香耳，当再图之。”余笑曰：“卿将效笠翁之《怜香伴》耶？”芸曰：“然。”自此无日不谈憨园矣。\r\n\r\n后憨为有力者夺去，不果。芸竟以之死。', '本文节选自《浮生六记》，作者以深情直率的笔调叙了夫妻闺房之乐，写出了夫妻间至诚至爱的真情。在中国文学史上，描写情爱的诗文很多，但大多或写宫廷艳史，或写权势礼法淫威下的爱情悲剧，或写风尘知己及少男少女之间的缠绵，很少涉及夫妻之情。别具慧眼的陈寅恪指出：“吾国文学，自来以礼法顾忌之故，不敢多言男女间关系，而于正式男女关系如夫妇者，尤少涉及。盖闺房燕昵之情意，家庭迷盐之琐屑，大抵不列于篇章，惟以笼统之词，概括言之而已。此后来沈三白《浮生六记》之《闺房记乐》，所以为例外创作。”', 'indent', 1, '2013-01-31 16:14:47', 5, 10008, '2014-08-19 22:42:16', '余幼聘金沙于氏，八龄而夭。娶陈氏。陈名芸，字淑珍，舅氏心余先生女也，生而颖慧，学语时，口授《琵琶行》，即能成诵。四龄失怙，母金氏，弟克昌，家徒壁立。芸既长，娴女红，三口仰其十指供给，克昌从师，修脯无缺。一日，于书簏中得《琵琶行》，挨字而认，始识字。刺绣之暇，渐通吟咏，有“秋侵人影瘦，霜染菊花肥”之句。余年一十三，随母归宁，两小无嫌，得见所作，虽叹其才思隽秀，窃恐其福泽不深，然心注不能释，告母曰：“若为儿择妇，非淑姊不娶。”母亦爱其柔和，即脱金约指缔姻焉。此乾隆乙末七月十六日也。\r\n\r\n是中冬，值其堂姊出阁，余又随母往。芸与余同齿而长余十月，自幼姊弟相呼，故仍呼之曰淑姊。时但见满室鲜衣，芸独通体素淡，仅新其鞋而已。见其绣制精巧，询为己作，始知其慧心不仅在笔墨也。其形削肩长项，瘦不露骨，眉弯目秀，顾盼神飞，唯两齿微露；似非佳相。一种缠绵之态，令人之意也消。索观诗稿，有仅一联，或三四句，多未成篇者，询其故，笑曰：“无师之作，愿得知己堪师者敲成之耳。”余戏题其签曰“锦囊佳句”。不知夭寿之机此已伏矣。是夜送亲城外，返已漏三下，腹饥索饵，婢妪以枣脯进，余嫌其甜。芸暗牵余袖，随至其室，见藏有暖粥并小菜焉，余欣然举箸。忽闻芸堂兄玉衡呼曰：“淑妹速来！”芸急闭门曰：“已疲乏，将卧矣。”玉衡挤身而入，见余将吃粥，乃笑睨芸曰：“顷我索粥，汝曰‘尽矣’，乃藏此专待汝婿耶？”芸大窘避去，上下哗笑之。余亦负气，挈老仆先归。自吃粥被嘲，再往，芸即避匿，余知其恐贻人笑也。\r\n\r\n至乾隆庚子正月二十二日花烛之夕，见瘦怯身材依然如昔，头巾既揭，相视嫣然。合卺后，并肩夜膳，余暗于案下握其腕，暖尖滑腻，胸中不觉抨抨作跳。让之食，适逢斋期，已数年矣。暗计吃斋之初，正余出痘之期，因笑调曰：“今我光鲜无恙，姊可从此开戒否？”芸笑之以目，点之以首。\r\n\r\n廿四日为余姊于归，廿三国忌不能作乐，故廿二之夜即为余婉款嫁。芸出堂陷宴，余在洞房与伴娘对酌，拇战辄北，大醉而卧，醒则芸正晓妆未竟也。是日亲朋络绎，上灯后始作乐。廿四子正，余作新舅送嫁，丑末归来，业已灯残人静，悄然入室，伴妪盹于床下，芸卸妆尚未卧，高烧银烛，低垂粉颈，不知观何书而出神若此，因抚其肩曰：“姊连日辛苦，何犹孜孜不倦耶？”芸忙回首起立曰：“顷正欲卧，开橱得此书，不觉阅之忘倦。《西厢》之名闻之熟矣，今始得见，莫不傀才子之名，但未免形容尖薄耳。”余笑曰：“唯其才子，笔墨方能尖薄。”伴妪在旁促卧，令其闭门先去。遂与比肩调笑，恍同密友重逢。戏探其怀，亦怦怦作跳，因俯其耳曰：“姊何心舂乃尔耶？”芸回眸微笑。便觉一缕情丝摇人魂魄，拥之入帐，不知东方之既白。', '浮生六记-闺房记乐（节选）'),
(10024, '夜雨寄北', '', '君问归期未有期，巴山夜雨涨秋池<巴山：泛指巴蜀之地，在今四川省南江县以北。>。\r\n\r\n何当共剪西窗烛，却话巴山夜雨时<却：还，再。>。', '《夜雨寄北》是晚唐诗人李商隐身居异乡巴蜀，写给远在长安的妻子（一说友人）的一首抒情七言绝句，是诗人给对方的复信。诗的开头两句以问答和对眼前环境的抒写，阐发了孤寂的情怀和对妻子深深的怀念。后两句即设想来日重逢谈心的欢悦，反衬今夜的孤寂。这首诗即兴写来，写出了诗人刹那间情感的曲折变化。语言朴实，在遣词、造句上看不出修饰的痕迹。与李商隐的大部分诗词表现出来的辞藻华美，用典精巧，长于象征、暗示的风格不同，这首诗却质朴、自然，同样也具有“寄托深而措辞婉”的艺术特色。', 'center', 1, '2013-01-31 22:59:55', 1, 10009, '2014-08-20 21:40:20', '', ''),
(10025, '登乐游原', '', '向晚意不适，驱车登古原。\r\n\r\n夕阳无限好，只是近黄昏。', '', 'center', 0, '2013-01-31 23:01:42', 1, 10009, '2014-07-23 19:52:42', NULL, NULL),
(10027, '锦瑟', '', '锦瑟无端五十弦，一弦一柱思华年。\r\n\r\n庄生晓梦迷蝴蝶，望帝春心托杜鹃。\r\n\r\n沧海月明珠有泪，蓝田日暖玉生烟。\r\n\r\n此情可待成追忆，只是当时已惘然。', '', 'center', 0, '2013-02-01 22:34:26', 1, 10009, '2014-07-23 19:52:42', NULL, NULL),
(10028, '南乡子', '', '晚景落琼杯<琼杯：制作精美的酒杯。>，照眼云山翠作堆。认得岷峨春雪浪，初来，万顷蒲萄涨渌醅。%春雨暗阳台，乱洒歌楼湿粉腮<粉腮：歌女的香腮。>。一阵东风来卷地，吹回，落照江天一半开。', '此词作于元丰四年（1081），系作者在黄州临皋亭所作。词中描写一个春日傍晚的即景，上片写春日晚景，下片雨降复晴。词的上片，由酒杯而云山，而江水，而岷峨，这是词人形象思维的过程，也是词外在的逻辑。艺术联想和想象的动力是情感。罪系黄州的苏东坡，端起酒杯，思乡之情便油然而生。正是这种情感作为动力，他的联想才最终指向故乡岷峨即蜀中，才产生了杯中之酒是岷峨的雪水这种奇特的心理。思乡之情是词的上片的内在逻辑。词的下片描绘倏忽变化的自然景观，给人动荡不定、神奇瑰丽的感觉。在政治斗争中遭到挫折的苏东坡，对自然界倏忽变化的敏感，由此可见一斑。整个一首词神气贯通、融为一体。思乡与人生的感慨尽得表现，正所谓“不着一字”而“尽得风流”。', 'indent', 1, '2013-02-01 22:36:33', 2, 10001, '2014-08-19 20:53:07', '', ''),
(10029, '青玉案-元夕', '', '东风夜放花千树<花千树：千株灯树。>，更吹落、星如雨<星如雨：指元夕所放球形灯。>。宝马雕车香满路，凤箫声动，玉壶光转，一夜鱼龙舞<凤萧：即萧。玉壶：灯名。鱼龙舞：指元夕所表演的百戏。>。%蛾儿雪柳黄金缕<蛾儿雪柳：头饰名。黄金缕：金丝线织成的首饰缀物。>，笑语盈盈暗香去。众里寻他千百度，蓦然回首，那人却在，灯火阑珊处<阑珊：零落稀疏的样子。>。', '这首词是都城元夕观灯所作，宋人习俗，元夕放灯，从正月十四日夜开始，至十六日夜结束。南宋都城临安（今浙江杭州）同汴（biàn）京一样，无论是皇宫、官署、贵臣府第还是普通百姓，都制作灯山，悬放灯火，杂陈百戏，供游人士女观看。本词应当是作者乾道七年（1171）正月居官临安人司农寺主簿时所作。\r\n\r\n此词从极力渲染元宵节绚丽多彩的热闹场面入手，反衬出一个孤高淡泊、超群拔俗、不同于金翠脂粉的女性形象，寄托着作者政治失意后，不愿与世俗同流合污的孤高品格。全词采用对比手法，上片极写花灯耀眼、乐声盈耳的元夕盛况，下片着意描写主人公在人群之中寻觅一位立于灯火零落处的孤高女子，构思精妙，语言精致，含蓄婉转，余味无穷。', 'indent', 1, '2013-02-01 22:42:36', 2, 10003, '2014-08-19 22:50:33', '', ''),
(10030, '饮酒（其五）', '', '结庐在人境，而无车马喧。\r\n\r\n问君何能尔？心远地自偏。\r\n\r\n采菊东篱下，悠然见南山。\r\n\r\n山气日夕佳，飞鸟相与还<山气：指山中景象。日夕：傍晚。相与还：结伴而归。>。\r\n\r\n此中有真意，欲辨已忘言。​', '本篇是《饮酒》二十首中的第五首。诗中写了悠然自得的情，也写了幽美淡远的景，在情景交融的境界中蕴含着万物各得其所、委运任化的哲理；这哲理又被诗人提炼、浓缩到“心远地自偏”、“此中有真意”等警句，整首诗的韵调也更显得隽秀深长。', 'center', 1, '2013-02-01 22:46:17', 1, 10011, '2014-08-20 21:43:26', '', ''),
(10031, '西江月-夜行黄沙道中', '', '明月别枝惊鹊，清风半夜鸣蝉。稻花香里说丰年，听取蛙声一片。%七八个星天外，两三点雨山前。旧时茅店社林边，路转溪头忽见。', '', 'indent', 0, '2013-02-01 22:47:28', 2, 10003, '2014-09-10 10:13:49', '', ''),
(10032, '龟虽寿', '', '神龟虽寿，猷有竟时。\r\n\r\n腾蛇乘雾，终为土灰。\r\n\r\n老骥伏枥，志在千里；\r\n\r\n烈士暮年，壮心不已。\r\n\r\n盈缩之期，不但在天；\r\n\r\n养怡之福，可得永年。\r\n\r\n幸甚至哉！歌以咏志。', '', 'center', 0, '2013-02-01 22:59:45', 1, 10012, '2014-07-23 19:52:42', NULL, NULL),
(10033, '山窗听雪敲竹', '', '飞雪有声，惟在竹间最雅。山窗寒夜时，听雪洒竹林，淅沥萧萧，连翩瑟瑟，声韵悠然，逸我清听。忽尔回风交急，折竹一声，使我寒毡增冷。暗想金屋人欢，玉笙声醉，恐此非尔所欢。', '', 'indent', 0, '2013-02-01 23:16:11', 5, 10013, '2014-07-23 19:52:42', NULL, NULL),
(10036, '桃花源记', '', '晋太元中<太元：东晋孝武帝的年号（376-397年）。>，武陵人<武陵：郡名，今武陵山区或湖南常德一带。>捕鱼为业，缘溪行，忘路之远近，忽逢桃花林。夹岸数百步，中无杂树，芳草鲜美，落英缤纷。渔人甚异之。复前行，欲穷其林。\r\n\r\n林尽水源，便得一山。山有小口，彷佛若有光。便舍船，从口入。初极狭，才通人；复行数十步，豁然开朗。土地平旷，屋舍俨然<俨（yǎn）然：整齐的样子。>。有良田美池桑竹之属，阡陌交通<阡陌交通：田间小路交错相通。阡陌，田间小路，南北走向的叫阡，东西走向的叫陌。交通，交错相通。阡陌，田间小路。>，鸡犬相闻。其中往来种作，男女衣着，悉如外人；黄发垂髫，并怡然自乐。\r\n\r\n见渔人，乃大惊，问所从来，具答之。便要还家<要：通“邀”，邀请。>，设酒杀鸡作食。村中闻有此人，咸来问讯。自云先世避秦时乱，率妻子邑人<邑人：同乡（县）的人。邑，古代区域单位。《周礼·地官·小司徒》：“九夫为井，四井为邑。”>来此绝境<绝境：与人世隔绝的地方。 绝，绝处。>，不复出焉，遂与外人间隔。问今是何世，乃不知有汉，无论魏晋。此人一一为具言所闻，皆叹惋。余人各复延至其家，皆出酒食。停数日，辞去。此中人语云：“不足为外人道也。”\r\n\r\n既出，得其船，便扶向路<便扶向路：就顺着旧的路（回去）。扶：沿着、顺着。向，从前的、旧的。>，处处志之。及郡下，诣太守<诣（yì）：到。特指到尊长那里去。>，说如此。太守即遣人随其往，寻向所志，遂迷不复得路。南阳刘子骥，高尚士也，闻之，欣然规往。未果，寻病终。后遂无问津者。', '本文选自《陶渊明集》，是陶渊明的代表作之一，也是《桃花源诗》的序言。借武陵渔人行踪这一线索，把现实和理想境界联系起来，通过对桃花源的安宁和乐、自由平等生活的描绘，表现了作者追求美好生活的理想和对现实社会的不满。', 'indent', 1, '2013-02-02 00:13:34', 5, 10011, '2014-08-20 21:46:26', '', ''),
(10037, '和张仆射塞下曲（其二）', '', '林暗草惊风，将军夜引弓。\r\n\r\n平明寻白羽，没在石棱中。', '', 'center', 0, '2013-02-02 00:21:24', 1, 10014, '2014-08-18 12:37:52', NULL, NULL);
INSERT INTO `work` (`id`, `title`, `foreword`, `content`, `intro`, `layout`, `highlight`, `create_time`, `type_id`, `author_id`, `updated_at`, `mobile_content`, `mobile_title`) VALUES
(10038, '水龙吟-登建康赏心亭', '', '楚天千里清秋，水随天去秋无际。遥岑远日，献愁供恨，玉簪螺髻<岑：山小而高，遥岑：远山。螺髻：田螺一般的发髻，形容远山的秀美。此句把江南的群山比作梳着高髻，面带愁容的美女。>。落日楼头，断鸿声里，江南游子<断鸿：离群的孤雁。江南游子：意指自己孤身来到江南。>。把吴钩看了<吴钩：春秋时吴国的一种弯刀，看吴钩以鸣己志。>，栏干拍遍，无人会、登临意。%休说鲈鱼堪鲙，尽西风、季鹰归未<晋朝人张翰（字季鹰），在洛阳作官，见秋风起，想到家乡苏州味美的鲈鱼，便弃官回乡。>？求田问舍，怕应羞见，刘郎才气<求田问舍：买田置房，顾家弃国。刘郎：刘备。>。可惜流年，忧愁风雨，树犹如此<《晋书-桓温传》记载，桓温北征，经过金城，见自己过去种的柳树已长到几围粗，便叹道：“木犹如此，人何以堪？”，即感慨年华易逝。>。倩何人，唤取红巾翠袖，揾英雄泪<倩：请求。红巾翠袖：女子的装束。揾(wèn)，擦。>。', '赏心亭是南宋建康城上的一座亭子。本词作于淳熙元年的秋季，作者南归十二年后，沉滞下僚，满腹牢骚，无处宣泄，遂于再登赏心亭之际，眺望楚地大好河山，慷慨悲歌。\r\n\r\n全词就登临所见挥发，由写景进而抒情，情和景融合无间，将内心的感情写得既含蓄而又淋漓尽致。虽然出语沉痛悲愤，但整首词的基调还是激昂慷慨的，表现出辛词豪放的风格特色。', 'indent', 1, '2013-02-02 00:24:02', 2, 10003, '2014-08-20 21:47:48', '', ''),
(10039, '观书有感', '', '半亩方塘一鉴开，天光云影共徘徊。\r\n\r\n问渠那得清如许？为有源头活水来。\r\n', '', 'center', 0, '2013-02-02 00:27:23', 1, 10015, '2014-07-23 19:52:42', NULL, NULL),
(10040, '江城子-乙卯正月二十日夜记梦', '', '十年生死两茫茫<十年：指结发妻子王弗去世已十年。>，不思量，自难忘。千里孤坟<千里：王弗葬地四川眉山与苏轼任所山东密州，相隔遥远，故称“千里”。>，无处话凄凉。纵使相逢应不识，尘满面，鬓如霜。%夜来幽梦忽还乡，小轩窗，正梳妆。相顾无言，惟有泪千行。料得年年肠断处，明月夜，短松冈。', '苏轼原配夫人王氏卒于宋英宗治平二年（1065），葬于四川彭山县。写此词时作者在密州（今山东诸城）任职，距王氏去世正好十年。此词情意缠绵，字字血泪，表现了绵绵不尽的哀伤和思念。', 'indent', 1, '2013-02-02 17:06:39', 2, 10001, '2014-08-19 22:58:15', '', ''),
(10041, '挽歌', '', '荒草何茫茫，白杨亦萧萧。\r\n\r\n严霜九月中，送我出远郊。\r\n\r\n四面无人居，高坟正嶣峣。\r\n\r\n马为仰天鸣，风为自萧条。\r\n\r\n幽室一已闭，千年不复朝。\r\n\r\n千年不复朝，贤达无奈何！\r\n\r\n向来相送人，各自还其家。\r\n\r\n亲戚或余悲，他人亦已歌。\r\n\r\n死去何所道，托体同山阿。', '', 'center', 0, '2013-02-02 17:10:30', 1, 10011, '2014-07-23 19:52:42', NULL, NULL),
(10042, '满江红-怒发冲冠', '', '怒发冲冠，凭栏处，潇潇雨歇。抬望眼，仰天长啸，壮怀激烈。三十功名尘与土，八千里路云和月。莫等闲，白了少年头，空悲切！%靖康耻，犹未雪。臣子恨，何时灭？驾长车，踏破贺兰山阙！壮志饥食胡虏肉，笑谈渴饮匈奴血。待从头，收拾旧山河，朝天阙！', '', 'indent', 0, '2013-02-02 17:14:00', 2, 10016, '2014-07-23 19:52:42', NULL, NULL),
(10043, '小重山', '', '昨夜寒蛩不住鸣<蛩（qióng）：蟋蟀。>。惊回千里梦<千里梦：指光复中原之梦。>，已三更。起来独自绕阶行。人悄悄<悄悄（qiǎo）：形容寂静。元稹《莺莺传》：“更深人悄悄，晨会雨濛濛。”>，窗外月胧明<月胧明：月光明亮。>。白首为功名。%旧山松竹老，阻归程。欲将心事付瑶琴。知音少，弦断有谁听？', '南宋绍兴七年（1137年），正当抗金前线捷报频传，凯歌高奏，士气民心大振，收复中原失地胜利在望的时刻。宋高宗赵构不顾朝野上下的反对，再次起用汉奸秦桧为枢密使。次年又拜右仆射、同中书门下平章事兼枢密使。从此秦桧独揽大权，极力推行投降卖国政策。广大军民抗金救国的积极性受到严重的压抑和摧残，主战派赵鼎、王庶、张戒、曾开、胡铨等人都因反对“议和”，触怒秦桧，相继被排斥出朝廷，遭到贬谪、流放和编管。岳飞和许多爱国志士一样，受到投降派的压制和阻挠，深感自己杀敌报国的理想难以实现，内心充满了忧愤和抑郁。\r\n\r\n此词上半阕写出忧深思远之情，与阮籍《咏怀》诗第一首“夜中不能寐，起坐弹鸣琴”意境相似。下半阕“白首”二句，表面低沉消极，但实际上正是壮志难酬的孤愤。“欲将”三句，用比兴手法点出“知音”难遇的凄凉情怀，甚为悲伤忧郁。', 'indent', 1, '2013-02-02 17:16:32', 2, 10016, '2014-08-20 21:51:26', '', ''),
(10045, '南乡子-送述古', '', '回首乱山横，不见居人只见城。谁似临平山上塔，亭亭，迎客西来送客行。归路晚风清，一枕初寒梦不成。今夜残灯斜照处，荧荧，秋雨晴时泪不晴。', '', 'indent', 0, '2013-02-03 15:03:25', 2, 10001, '2014-07-23 19:52:42', NULL, NULL),
(10046, '清平乐', '', '别来春半<春半：即半春，春天的一半。>，触目柔肠断。砌下落梅如雪乱，拂了一身还满。%雁来音信无凭<无凭：没有凭证，指没有书信。>，路遥归梦难成。离恨恰如春草，更行更远还生。', '全词写怀人念远、忧思难禁之情，或为作者牵记其弟李从善入宋不得归，故触景生情而作。上片点出春暮及相别时间，落了一身还满的雪梅正像愁之欲去还来；而下片由彼方措意，说从善留宋难归，托雁捎信无凭，心中所怀的离恨，就好比越走越远还生的春草那样无边无际。两者相形，倍觉愁肠寸断的凄苦和离恨常伴的幽怨。歇拍两句从动态写出离恨的随人而远，尤显生动，为人所称。', 'indent', 1, '2013-02-03 20:18:55', 2, 10017, '2014-08-20 11:20:53', '', ''),
(10047, '浪淘沙', '', '把酒祝东风，且共从容。垂杨紫陌洛城东，总是当时携手处，游遍芳丛。%聚散苦匆匆，此恨无穷。今年花胜去年红，可惜明年花更好，知与谁同。', '', 'indent', 0, '2013-02-05 21:02:20', 2, 10018, '2014-07-23 19:52:42', NULL, NULL),
(10048, '卜算子-咏梅', '', '驿外断桥边，寂寞开无主。已是黄昏独自愁，更著风和雨。%无意苦争春，一任群芳妒。零落成泥碾作尘，只有香如故。', '此词是南宋爱国诗人陆游所作。这首词以清新的笔调写傲然不屈的梅花，暗喻自己的坚贞不屈，笔致细腻，意味深隽，是咏梅词中的绝唱。此时陆游正处在人生的低谷，主战派士气低落，因而十分悲观，整首词十分悲凉，渲染了一种不畏强权的精神。', 'indent', 1, '2013-02-05 21:05:36', 2, 10019, '2014-08-20 21:53:11', '', ''),
(10049, '贾生', '', '宣室求贤访逐臣，贾生才调更无伦。\r\n\r\n可怜夜半虚前席，不问苍生问鬼神。', '', 'center', 0, '2013-02-05 21:17:26', 1, 10009, '2014-07-23 19:52:42', NULL, NULL),
(10050, '记承天寺夜游', '', '元丰六年十月十二日夜，解衣欲睡，月色入户，欣然起行。念无与乐者，遂至承天寺，寻张怀民<张怀民：作者的朋友，名梦得，字怀民，清河（今河北清河）人。元丰六年也被贬到黄州，寓居承天寺。>。怀民亦未寝，相与步于中庭。庭下如积水空明，水中藻、荇交横，盖<盖：原来是。>竹柏影也。何夜无月？何处无竹柏？但少闲人如吾两人者耳。', '本文写于宋神宗元丰六年（1083年），当时作者正因“乌台诗案”被贬谪到黄州任职。文中对月夜景色作了美妙描绘，真实的记录了作者当时生活的片段，表达苏轼壮志难酬的苦闷，自解、自慰、自我排遣，同时表现出作者旷达乐观的人生态度。', 'indent', 1, '2013-02-12 20:56:08', 5, 10001, '2014-08-20 21:54:10', '', ''),
(10051, '宿骆氏亭寄怀崔雍崔衮', '', '竹坞无尘水槛清<竹坞：生长竹的池边高地。水槛：临水阑干。>，相思迢递隔重城。\r\n\r\n秋阴不散霜飞晚<霜飞晚：霜期来得晚>，留得枯荷听雨声。', '崔雍和崔衮，是崔戎的两个儿子，李商隐的从表兄弟。唐文宗大和七年（834年），李商隐应试不中，投奔做华州刺史的表叔崔​戎​。第二年，崔戎调任兖州观察使，没想刚到兖州就病故了。崔戎对李商隐不仅有亲戚之情，还有知遇之恩。崔戎的两个儿子崔雍、崔衮和李商隐也是情深义重。这首诗大概作于唐文宗大和八年，诗人离开崔家，旅宿在骆姓人家的园亭里，寂寥中怀念起两位朋友，写下了这首很有情韵的小诗。\r\n\r\n全诗用笔极为简练，以竹坞、亭槛、流水、枯荷等极其普通的景物，勾勒出清幽绝妙的意境，并且把作者对崔雍、崔衮两兄弟丧父之悲的同情以及诗人自己的寂寥之感含蓄地传递出来。', 'center', 1, '2013-02-21 11:22:59', 1, 10009, '2014-08-20 21:55:40', '', ''),
(10052, '丑奴儿近-博山道中效李易安体', '', '千峰云起，骤雨一霎儿价<骤雨一霎儿：形容一阵急雨。价：语助词，相当于“地”。>。更远树斜阳，风景怎生图画？青旗沽酒<沽酒：卖酒。>，山那畔别有人家。只消山水光中，无事过这一夏。%午醉醒时，松窗竹户，万千潇洒。野鸟飞来，又是一般闲暇。却怪白鸥，觑着人欲下未下。旧盟都在，新来莫是，别有说话<旧盟：作者归寓带湖之处，曾写有《水调歌头-盟欧》，表示要和鸥鹭“既盟之后，来往莫相猜”。新来：近来。别有说话：别有打算。>？', '博山位于上饶以东永丰县（今江西广丰）境内，淳熙十三年（1186年）前后，作者曾多次出游博山，这首词就是在往来途中所写。易安即李清照，擅长用清新、白描的手法来抒写自己的情感，这种特色被称为易安体词。本词即为作者效仿易安体所作。\r\n\r\n此词写大雨后的山光水色的傍晚景色，上片首写起云，次写骤雨，再次写放晴，体现了夏天山村的天气变化。下片是作者设想在这里生活的情景。全词浅显明快，恬淡清新，反映了作者退居上饶后寄情山林的心情。文字秀丽、温婉，深似李清照词风。', 'indent', 1, '2013-02-21 11:26:08', 2, 10003, '2014-08-20 21:57:45', '', ''),
(10053, '喜外弟卢纶见宿', '', '静夜四无邻，荒居旧业贫<旧业：指家中的产业。>。\r\n\r\n雨中黄叶树，灯下白头人。\r\n\r\n以我独沉久<以：因为。>，愧君相见频。\r\n\r\n平生自有分<自有分（fèn）：分，情谊。>，况是蔡家亲<蔡家亲：晋羊祜为蔡邕外孙，这里借指两家是表亲。>。', '此诗是作者为表弟卢纶到家拜访有感而作。首句是写作者悲凉的境遇：年老独居荒野，近无四邻，孤苦无依，生活贫困。“雨中黄叶树，灯下白头人”一联写景抒情，把一位穷愁潦倒的白头老人的形象刻画得很丰满。后两句写对表弟到来的感激，这是写“喜”，但喜中仍有悲。喜的是因为自己被贬沉沦，亲人还来探望，自然喜出望外；但自己的处境不佳，又感到对不起亲人，所以仍感辛酸惭愧。全诗语言朴实，语调低沉悲切，真实感人。', 'center', 1, '2013-02-21 11:33:30', 1, 10021, '2014-07-23 19:52:42', NULL, NULL),
(10060, '致彭德怀同志', '', '山高路远坑深，大军纵横驰奔。\r\n\r\n谁敢横刀立马？唯我彭大将军。', '1935年10月21日，到达陕北的红军迎击国民党35师骑兵团2000多人，毛泽东亲自在吴起镇西山督战迎敌，部署好战斗后，把指挥事宜交给彭德怀处理，战斗结束后，他当场赋此诗赠予彭德怀。这首诗中字里行间跳动着凯歌的欢快音符，更跳动着革命者那颗“爱将”之心。全诗仅浅明的六字白文，便充分表现了对将才的赞扬和称颂，在读者心目中树立起一位胸怀大略、指挥若定的彭大将军的高大形象。', 'center', 1, '2013-02-26 17:06:33', 1, 10025, '2014-08-20 21:59:43', '', ''),
(10061, '浪淘沙-北戴河', '', '大雨落幽燕，白浪滔天，秦皇岛外打鱼船，一片汪洋都不见，知向谁边？%往事越千年，魏武挥鞭，东临碣石有遗篇。萧瑟秋风今又是，换了人间。', '', 'indent', 0, '2013-02-26 17:07:50', 2, 10025, '2014-07-23 19:52:42', NULL, NULL),
(10062, '卜算子-咏梅', '读陆游咏梅词，反其意而用之', '风雨送春归，飞雪迎春到，忆是悬崖百丈冰，犹有花枝俏。俏也不争春，只把春来报。待到山花烂漫时，她在丛中笑。', '', 'indent', 0, '2013-02-26 17:10:10', 2, 10025, '2014-07-23 19:52:42', NULL, NULL),
(10063, '洞仙歌', '仆七岁时，见眉州老尼，姓朱，忘其名，年九十岁。自言尝随其师入蜀主孟昶宫中，一日大热，蜀主与花蕊夫人夜纳凉摩诃池上，作一词，朱具能记之。今四十年，朱已死久矣，人无知此词者，但记其首两句，暇日寻味，岂《洞仙歌》令乎？乃为足之云。', '冰肌玉骨，自清凉无汗。水殿风来暗香满。绣帘开，一点明月窥人，人未寝，欹枕钗横鬓乱。起来携素手，庭户无声，时见疏星渡河汉。试问夜如何？夜已三更，金波淡，玉绳低转。但屈指西风几时来，又不道流年暗中偷换。', '本词描述了五代时后蜀国君孟昶与其妃花蕊夫人夏夜在摩河池上纳凉的情景。', 'indent', 0, '2013-02-26 19:48:29', 2, 10001, '2014-07-23 19:52:42', NULL, NULL),
(10064, '诫子书', '', '夫君子之行，静以修身，俭以养德。非淡泊无以明志，非宁静无以致远。夫学须静也，才须学也。非学无以广才，非志无以成学。淫慢则不能励精，险躁则不能冶性。年与时驰，意与日去，遂成枯落，多不接世，悲守穷庐，将复何及！', '', 'indent', 0, '2013-03-01 14:02:00', 5, 10026, '2014-07-23 19:52:42', NULL, NULL),
(10065, '前出师表', '', '臣亮言：先帝创业未半，而中道崩殂；今天下三分，益州疲弊，此诚危急存亡之秋也。然侍卫之臣，不懈于内；忠志之士，忘身于外者：盖追先帝之殊遇，欲报之于陛下也。诚宜开张圣听，以光先帝遗德，恢弘志士之气；不宜妄自菲薄，引喻失义，以塞忠谏之路也。宫中府中，俱为一体；陟罚臧否，不宜异同：若有作奸犯科，及为忠善者，宜付有司，论其刑赏，以昭陛下平明之治；不宜偏私，使内外异法也。侍中、侍郎郭攸之、费祎、董允等，此皆良实，志虑忠纯，是以先帝简拔以遗陛下：愚以为宫中之事，事无大小，悉以咨之，然后施行，必得裨补阙漏，有所广益。将军向宠，性行淑均，晓畅军事，试用之于昔日，先帝称之曰“能”，是以众议举宠为督：愚以为营中之事，事无大小，悉以咨之，必能使行阵和睦，优劣得所也。亲贤臣，远小人，此先汉所以兴隆也；亲小人，远贤臣，此后汉所以倾颓也。先帝在时，每与臣论此事，未尝不叹息痛恨于桓、灵也！侍中、尚书、长史、参军，此悉贞亮死节之臣也，愿陛下亲之、信之，则汉室之隆，可计日而待也。\r\n\r\n臣本布衣，躬耕南阳，苟全性命于乱世，不求闻达于诸侯。先帝不以臣卑鄙，猥自枉屈，三顾臣于草庐之中，谘臣以当世之事，由是感激，遂许先帝以驱驰。后值倾覆，受任于败军之际，奉命于危难之间：尔来二十有一年矣。先帝知臣谨慎，故临崩寄臣以大事也。受命以来，夙夜忧虑，恐付托不效，以伤先帝之明；故五月渡泸，深入不毛。今南方已定，甲兵已足，当奖帅三军，北定中原，庶竭驽钝，攘除奸凶，兴复汉室，还于旧都：此臣所以报先帝而忠陛下之职分也。至于斟酌损益，进尽忠言，则攸之、依、允等之任也。愿陛下托臣以讨贼兴复之效，不效则治臣之罪，以告先帝之灵；若无兴复之言，则责攸之、依、允等之咎，以彰其慢。陛下亦宜自谋，以谘诹善道，察纳雅言，深追先帝遗诏。臣不胜受恩感激！今当远离，临表涕泣，不知所云。', '', 'indent', 0, '2013-03-01 14:03:07', 5, 10026, '2014-07-23 19:52:42', NULL, NULL),
(10066, '后出师表', '', '先帝虑汉、贼不两立，王业不偏安，故托臣以讨贼也。以先帝之明，量臣之才，故知臣伐贼，才弱敌强也。然不伐贼，王业亦亡。惟坐而待亡，孰与伐之？是故托臣而弗疑也。臣受命之日，寝不安席，食不甘味；思惟北征，宜先入南：故五月渡泸，深入不毛，并日而食。——臣非不自惜也：顾王业不可偏安于蜀都，故冒危难以奉先帝之遗意。而议者谓为非计。今贼适疲于西，又务于东，兵法“乘劳”：此进趋之时也。谨陈其事如左：\r\n\r\n高帝明并日月，谋臣渊深，然涉险被创，危然后安；今陛下未及高帝，谋臣不如良、平，而欲以长策取胜，坐定天下：此臣之未解一也。刘繇、王朗，各据州郡，论安言计，动引圣人，群疑满腹，众难塞胸；今岁不战，明年不征，使孙策坐大，遂并江东：此臣之未解二也。曹操智计，殊绝于人，其用兵也，仿怫孙、吴，然困于南阳，险于乌巢，危于祁连，逼于黎阳，几败北山，殆死潼关，然后伪定一时耳；况臣才弱，而欲以不危而定之：此臣之未解三也。曹操五攻昌霸不下，四越巢湖不成，任用李服而李服图之，委任夏侯而夏侯败亡，先帝每称操为能，犹有此失；况臣弩下，何能必胜：此臣之未解四也。自臣到汉中，中间期年耳，然丧赵云、阳群、马玉、阎芝、丁立、白寿、刘合、邓铜等，及驱长屯将七十余人，突将无前，丛叟、青羌，散骑武骑一千余人，此皆数十年之内，所纠合四方之精锐，非一州之所有；若复数年，则损三分之二也。——当何以图敌：此臣之未解五也。今民穷兵疲，而事不可息；事不可息，则住与行，劳费正等；而不及今图之，欲以一州之地，与贼持久：此臣之未解六也。\r\n\r\n夫难平者，事也。昔先帝败军于楚，当此时，曹操拊手，谓天下已定。——然后先帝东连吴、越，西取巴、蜀，举兵北征，夏侯授首：此操之失计，而汉事将成也。——然后吴更违盟，关羽毁败，秭归蹉跌，曹丕称帝：凡事如是，难可逆见。臣鞠躬尽瘁，死而后已；至于成败利钝，非臣之明所能逆睹也。', '', 'indent', 0, '2013-03-01 14:04:29', 5, 10026, '2014-07-23 19:52:42', NULL, NULL),
(10067, '子路、曾皙、冉有、公西华侍坐', '', '子路、曾皙、冉有、公西华侍坐。子曰：“以吾一日长乎尔，毋吾以也。居则曰：‘不吾知也。’如或知尔，则何以哉？”\r\n\r\n子路率尔而对曰：“千乘之国，摄乎大国之间，加之以师旅，因之以饥馑；由也为之，比及三年，可使有勇，且知方也。”\r\n\r\n夫子哂之。\r\n\r\n“求，尔何如？”\r\n\r\n对曰：“方六七十，如五六十，求也为之，比及三年，可使足民。如其礼乐，以俟君子。”\r\n\r\n“赤，尔何如？”\r\n\r\n对曰：“非曰能之，愿学焉。宗庙之事，如会同，端章甫，愿为小相焉。”\r\n\r\n“点，尔何如？”\r\n\r\n鼓瑟希，铿尔，舍瑟而作，对曰：“异乎三子者之撰。”\r\n\r\n子曰：“何伤乎？亦各言其志也！”曰：“莫春者，春服既成，冠者五六人，童子六七人，浴乎沂，风乎舞雩，咏而归。”\r\n\r\n夫子喟然叹曰：“吾与点也。”\r\n\r\n三子者出，曾皙后。曾皙曰：“夫三子者之言何如？”\r\n\r\n子曰：“亦各言其志也已矣！”\r\n\r\n曰：“夫子何哂由也？”\r\n\r\n曰：“为国以礼，其言不让，是故哂之。唯求则非邦也与？安见方六七十如五六十而非邦也者？唯赤则非邦也与？宗庙会同，非诸侯而何？赤也为之小，孰能为之大？”', '', 'indent', 0, '2013-03-01 14:10:42', 5, 10027, '2014-07-23 19:52:42', NULL, NULL),
(10068, '归园田居（其一）', '', '少无适俗韵，性本爱丘山。\r\n\r\n误落尘网中，一去十三年。\r\n\r\n羁鸟恋旧林，池鱼思故渊。\r\n\r\n开荒南野际，抱拙归园田。\r\n\r\n方宅十馀亩，草屋八九间。\r\n\r\n榆柳荫後檐，桃李罗堂前。\r\n\r\n暧暧远人村，依依墟里烟。\r\n\r\n狗吠深巷中，鸡鸣桑树颠。\r\n\r\n户庭无尘杂，虚室有馀闲。\r\n\r\n久在樊笼里，复得返自然。', '', 'center', 0, '2013-03-01 15:29:36', 1, 10011, '2014-07-23 19:52:42', NULL, NULL),
(10069, '白头吟', '', '皑如山上雪，皎若云间月。\r\n\r\n闻君有两意，故来相决绝。\r\n\r\n今日斗酒会，明旦沟水头。\r\n\r\n躞蹀御沟止，沟水东西流。\r\n\r\n凄凄复凄凄，嫁娶不须啼。\r\n\r\n愿得一心人，白首不相离。\r\n\r\n竹竿何袅袅，鱼尾何徙徙。\r\n\r\n男儿重意气，何用钱刀为。', '', 'center', 0, '2013-03-01 15:52:52', 1, 10100, '2014-07-23 19:52:42', NULL, NULL),
(10071, '沁园春-长沙', '', '独立寒秋，湘江北去，橘子洲头。看万山红遍，层林尽染；漫江碧透，百舸争流<舸（gě）：大船，这里泛指船只。>。鹰击长空，鱼翔浅底<击：搏击，这里形容飞得矫健有力。翔：本指鸟盘旋飞翔，这里形容鱼游得轻快自由。>，万类霜天竞自由。怅寥廓，问苍茫大地，谁主沉浮？%携来百侣曾游<侣：这里指同学、战友。>，忆往昔峥嵘岁月稠。恰同学少年<同学少年：毛泽东于1913年至1918年就读于湖南第一师范学校。1918年毛泽东和萧瑜、蔡和森等组织新民学会，开始了他早期的政治活动。>，风华正茂，书生意气，挥斥方遒<挥斥：挥斥，奔放。《庄子·田子方》：“挥斥八极”。方：正。遒：强劲有力。挥斥方遒，是说热情奔放，劲头正足。>。指点江山，激扬文字，粪土当年万户候。曾记否，到中流击水<中流：江心水深流急的地方。击水：作者自注：“击水：游泳。那时初学，盛夏水涨，几死者数，一群人终于坚持，直到隆冬，犹在江中。当时有一篇诗，都忘记了，只记得两句：自信人生二百年，会当水击三千里。”>，浪遏飞舟<遏（è）：阻止。>！', '长沙是毛泽东求学和早年从事革命活动的地方，1925年二月他从上海回湖南开展农民运动，八月从韶山到长沙，九月前往广州主持全国农民运动讲习所。在长沙逗留期间重游橘子洲，面对湘江上美丽动人的自然秋景，联想起当时的革命形势，便以“长沙”为题写下此词。\r\n\r\n在这峥嵘岁月里，作者和他的同学蔡和森、何叔衡等立志救国的知识青年，正值青春年少，神采飞扬，才华横溢，意气风发，热情奔放，面对万山红遍的美景，他们既赞叹锦绣河山的壮美，又悲愤大好河山的沉沦。于是，发表激浊扬清的文章，抨击黑暗，宣扬真理，鄙视当时的“万户侯”——军阀如粪土，这一段描写形象地概括了青年时期的毛泽东和其战友雄姿英发的战斗风貌和豪迈气概。', 'indent', 1, '2013-03-01 22:52:03', 2, 10025, '2014-08-20 22:01:02', '', ''),
(10072, '采桑子-重阳', '', '人生易老天难老，岁岁重阳。今又重阳，战地黄花分外香。一年一度秋风劲，不似春光。胜似春光，寥廓江天万里霜。', '', 'indent', 0, '2013-03-01 22:54:21', 2, 10025, '2014-07-23 19:52:42', NULL, NULL),
(10073, '长征', '', '红军不怕远征难，万水千山只等闲。\r\n\r\n五岭逶迤腾细浪，乌蒙磅礴走泥丸。\r\n\r\n金沙水拍云崖暖，大渡桥横铁索寒。\r\n\r\n更喜岷山千里雪，三军过后尽开颜。', '', 'center', 0, '2013-03-01 22:56:22', 1, 10025, '2014-07-23 19:52:42', NULL, NULL),
(10074, '沁园春-雪', '', '北国风光，千里冰封，万里雪飘。望长城内外，惟余莽莽。大河上下，顿失滔滔。山舞银蛇，原驰蜡象，欲与天公试比高。须晴日，看红装素裹，分外妖娆。%江山如此多娇，引无数英雄竞折腰。惜秦皇汉武，略输文采。唐宗宋祖，稍逊风骚。一代天骄，成吉思汗，只识弯弓射大雕。俱往矣，数风流人物，还看今朝。', '', 'indent', 0, '2013-03-01 22:58:08', 2, 10025, '2014-07-23 19:52:42', NULL, NULL),
(10075, '水调歌头-游泳', '', '才饮长沙水，又食武昌鱼。万里长江横渡，极目楚天舒。不管风吹浪打，胜似闲庭信步。今日得宽馀，子在川上曰：“逝者如斯夫”。%风樯动，龟蛇静，起宏图。一桥飞架南北，天堑变通途。更立西江石壁，截断巫山云雨，高峡出平湖。神女应无恙，当惊世界殊。', '该首词最早发表在《诗刊》1957年1月。1954年中央人民政府决定修建武汉长江大桥。1955年毛泽东视察了全部工程。1956年毛泽东巡视南方，又视察了大桥的施工。6月1日、3日、4日毛泽东三次畅游长江，写下了此词。\r\n\r\n词风依然壮志，他从上片对游泳的舒畅之感及时光流逝之感一直写到下片对社会主义建设蓝图在胸的自由联想。接着笔力一转，拨出雄音，“万里长江横渡，极目楚天舒。”点明此诗是“游泳”之主旨，同时又流露出诗人在江上所感到的舒展、空阔。', 'indent', 1, '2013-03-01 23:23:13', 2, 10025, '2014-08-20 11:44:17', '', ''),
(10076, '水调歌头-重上井冈山', '', '久有凌云志，重上井冈山。千里来寻故地，旧貌变新颜。到处莺歌燕舞，更有潺潺流水，高路入云端。过了黄洋界，险处不须看。%风雷动，旌旗奋，是人寰。三十八年看过去，弹指一挥间。可上九天揽月，可下五洋捉鳖，谈笑凯歌还。世上无难事，只要肯登攀。', '此词以登井冈山为题材，在忆旧颂新中将崇高的理想和伟大的实践精神相结合，将叙事、写景、抒情、议论熔于一炉，既包含着丰富的思想内容，具有高度的概括力，又不乏明快活泼、生动细致的景物描写，慷慨激昂，与词人一贯的乐观主义和浪漫主义一脉相承。', 'indent', 1, '2013-03-01 23:25:54', 2, 10025, '2014-08-20 11:54:17', '', ''),
(10077, '嫦娥', '', '云母屏风烛影深，长河渐落晓星沈。\r\n\r\n嫦娥应悔偷灵药，碧海青天夜夜心。', '', 'center', 0, '2013-03-01 23:31:04', 1, 10009, '2014-07-23 19:52:42', NULL, NULL),
(10078, '春晓', '', '春眠不觉晓，处处闻啼鸟。\r\n\r\n夜来风雨声，花落知多少？', '《春晓》是唐代诗人孟浩然隐居在鹿门山时所作，诗人抓住春天的早晨刚刚醒来时的一瞬间展开联想，描绘了一幅春天早晨绚丽的图景，抒发了诗人热爱春天、珍惜春光的美好心情。全诗语言平易浅近，自然天成，言浅意浓，景真情真，深得大自然的真趣。', 'center', 1, '2013-03-01 23:39:04', 1, 10029, '2014-08-20 11:59:28', '', ''),
(10079, '宿建德江', '', '移舟泊烟渚，日暮客愁新。\r\n\r\n野旷天低树，江清月近人。', '', 'center', 0, '2013-03-01 23:43:44', 1, 10029, '2014-07-23 19:52:42', NULL, NULL),
(10080, '如梦令', '', '万帐穹庐人醉<穹庐：圆形的毡帐。>，星影摇摇欲坠。归梦隔狼河，又被河声搅碎<"归梦"二句：言家乡远隔狼河，归梦不成。纵然做得归梦，河声彻夜，又把梦搅醒。狼河：白狼河，即今大凌河，在辽宁省西部。>。还睡，还睡，解道醒来无味<解道：知道、晓得。>。', '这首词是作者于康熙二十一年扈从东巡时所作，表现了深沉的思乡之情，以及作者对官场生活的厌烦。此词在写景上相当成功，开头两句"万帐穹庐人醉，星影摇摇欲坠"，尤其广为传诵。', 'indent', 1, '2013-03-01 23:57:30', 2, 10020, '2014-08-20 22:03:47', '', ''),
(10081, '浣溪沙', '', '谁念西风独自凉，萧萧黄叶闭疏窗<疏窗：刻有花纹的窗户。>，沉思往事立残阳。%被酒莫惊春睡重<被酒：中酒、酒醉。>，赌书消得泼茶香<"赌书"句：李清照《金石录后序》，“余性偶强记，每饭罢，坐归来堂，烹茶，指堆积书史，言某事在某书某卷第几叶第几行，以中否角胜负，为饮茶先后。中即举杯大笑，至茶倾覆怀中，反不得饮而起，甘心老是乡矣！”说明往日与亡妻有着和李清照一样的美满夫妻生活。>，当时只道是寻常。', '这是一首悼亡之作。上片由问句起，接以黄叶、疏窗、残阳之秋景的勾画，由景物而勾起沉思，氛围已是孤寂凄清。下片写沉思中所忆起的寻常往事，借用李清照夫妻和美的生活为喻，说明与亡妻往日的美满恩爱。结句的“寻常”二字更道出了今日的酸苦，即那些寻常的往事无法再现，亡妻不可复生，心灵之创痛也永无平复之日。', 'indent', 1, '2013-03-01 23:58:58', 2, 10020, '2014-08-20 22:05:28', '', ''),
(10082, '朝中措-平山堂', '', '平山栏槛倚晴空，山色有无中。手种堂前垂柳，别来几度春风。%文章太守<文章太守：作者当年知扬州府时，以文章名冠天下，故自称“文章太守”。>，挥毫万字，一饮千钟。行乐直须年少，樽前看取衰翁<衰翁：词人自称，此时作者已年逾五十。>。', '这首词是作者在平山堂送别友人刘敞时所作。平山堂是作者守扬州时所建，几年后重上平山堂，借酬赠友人之机，追忆起过去的豪迈生活：挥笔著书，赋文愈万字，饮宴堂上，千杯不醉。全词写出了作者意在山水之间的情感，塑造了一个风流儒雅、豪放达观的“文章太守”形象。词风豪放，在欧词中极为少见，对后来苏轼的豪放词产生了一定的影响。', 'indent', 1, '2013-03-02 00:02:17', 2, 10018, '2014-08-20 22:06:47', '', ''),
(10083, '观沧海', '', '东临碣石，以观沧海。\r\n\r\n水何澹澹，山岛竦峙。\r\n\r\n树木丛生，百草丰茂。\r\n\r\n秋风萧瑟，洪波涌起。\r\n\r\n日月之行，若出其中；\r\n\r\n星汉灿烂，若出其里。\r\n\r\n幸甚至哉！歌以咏志。', '', 'center', 0, '2013-03-02 00:11:11', 1, 10012, '2014-07-23 19:52:42', NULL, NULL),
(10084, '短歌行', '', '对酒当歌，人生几何？\r\n\r\n譬如朝露，去日苦多。\r\n\r\n慨当以慷<慨当以慷：指宴会上的歌声激昂慷慨。>，忧思难忘。\r\n\r\n何以解忧？唯有杜康<杜康：相传是最早造酒的人，这里代指酒。>。\r\n\r\n青青子衿，悠悠我心<青青子衿（jīn），悠悠我心：出自《诗经·郑风·子衿》。原写姑娘思念情人，这里用来比喻渴望得到有才学的人。子，对对方的尊称。衿，古式的衣领。青衿，是周代读书人的服装，这里指代有学识的人。悠悠，长久的样子，形容思虑连绵不断。>。\r\n\r\n但为君故，沉吟至今。\r\n\r\n呦呦鹿鸣，食野之苹。\r\n\r\n我有嘉宾，鼓瑟吹笙。\r\n\r\n明明如月，何时可掇？\r\n\r\n忧从中来，不可断绝。\r\n\r\n越陌度阡<越陌度阡：穿过纵横交错的小路。陌，东西向田间小路。阡，南北向的小路。>，枉用相存<枉用相存：屈驾来访。枉，这里是“枉驾”的意思；用，以。存，问候，思念。>。\r\n\r\n契阔谈宴<契阔谈宴：即宴谈契阔,在欢乐的宴会上畅叙离别怀念之情。契阔，本义是两件东西放在 一起的相合（契）与不相合（阔）,后来用以代指人的会合与离别。>，心念旧恩<旧恩：旧日的友好情谊。>。\r\n\r\n月明星稀，乌鹊南飞，\r\n\r\n绕树三匝，何枝可依<绕树句：乌鸦绕树无枝可依，以喻乱世中人才的无处依托。>？\r\n\r\n山不厌高，海不厌深。\r\n\r\n周公吐哺<吐哺：吐出口中正在咀嚼的食物,指中途停止吃饭。《韩诗外传》卷三记载周公曾说:“吾，文王之子，武王之弟，成王之叔父也，又相天下，吾于天下亦不轻矣。然一沐三握发，一饭三吐哺，犹恐失天下之士。”>，天下归心。', '《短歌行》是汉乐府旧题，属于《相和歌辞·平调曲》。此诗为曹操《短歌行》的第一首。通过宴会的歌唱，以沉稳顿挫的笔调抒写了诗人求贤如渴的思想和统一天下的雄心壮志。全诗内容深厚，庄重典雅，感情充沛，为曹操的代表名作之一。', 'center', 1, '2013-03-02 00:13:15', 1, 10012, '2014-07-23 19:52:42', NULL, NULL),
(10085, '游子吟', '', '慈母手中线，游子身上衣。\r\n\r\n临行密密缝，意恐迟迟归<意恐：担心。>。\r\n\r\n谁言寸草心，报得三春晖<三春晖：春天灿烂的阳光，指慈母之恩。三春：旧称农历正月为孟春，二月为仲春，三月为季春，合称三春。晖：阳光。形容母爱如春天温暖、和煦的阳光照耀着子女。>。', '本诗是唐代诗人孟郊的五言古诗，属于古体诗。全诗共六句三十字，采用白描的手法，通过回忆一个看似平常的临行前缝衣的场景，凸显并歌颂了母爱的伟大与无私，表达了诗人对母爱的感激以及对母亲深深的爱与尊敬。此诗情感真挚自然，千百年来广为传诵。', 'center', 1, '2013-03-02 00:25:13', 1, 10030, '2014-07-23 19:52:42', NULL, NULL),
(10087, '渔父', '', '屈原既放，游於江潭，行吟泽畔，颜色憔悴，形容枯槁。渔父见而问之曰：“子非三闾大夫与？何故至於斯！”\r\n\r\n屈原曰：“举世皆浊我独清，众人皆醉我独醒，是以见放！”\r\n\r\n渔父曰：“圣人不凝滞於物，而能与世推移。世人皆浊，何不淈其泥而扬其波？众人皆醉，何不餔其糟而歠其酾？何故深思高举，自令放为？”\r\n\r\n屈原曰：“吾闻之，新沐者必弹冠，新浴者必振衣；安能以身之察察，受物之汶汶者乎！宁赴湘流，葬於江鱼之腹中。安能以皓皓之白，而蒙世俗之尘埃乎！”\r\n\r\n渔父莞尔而笑，鼓枻而去，乃歌曰：“沧浪之水清兮，可以濯吾缨。沧浪之水浊兮，可以濯吾足。”遂去不复与言。', '', 'indent', 0, '2013-03-02 21:53:54', 5, 10031, '2014-07-23 19:52:42', NULL, NULL),
(10088, '醉翁亭记', '', '环滁皆山也。其西南诸峰，林壑尤美。望之蔚然而深秀者，琅琊也。山行六七里，渐闻水声潺潺，而泄出于两峰之间者，酿泉也。峰回路转，有亭翼然临于泉上者，醉翁亭也。作亭者谁？山之僧智仙也。名之者谁？太守自谓也。太守与客来饮于此，饮少辄醉，而年又最高，故自号曰“醉翁”也。醉翁之意不在酒，在乎山水之间也。山水之乐，得之心而寓之酒也。 \r\n\r\n若夫日出而林霏开，云归而岩穴暝，晦明变化者，山间之朝暮也。野芳发而幽香，佳木秀而繁阴，风霜高洁，水落而石出者，山间之四时也。朝而往，暮而归，四时之景不同，而乐亦无穷也。 \r\n\r\n至于负者歌于滁，行者休于树，前者呼，后者应，伛偻提携，往来而不绝者，滁人游也。临溪而渔，溪深而鱼肥；酿泉为酒，泉香而酒冽；山肴野蔌，杂然而前陈者，太守宴也。宴酣之乐，非丝非竹，射者中，弈者胜，觥筹交错，坐起而喧哗者，众宾欢也。苍然白发，颓乎其中者，太守醉也。 \r\n\r\n已而夕阳在山，人影散乱，太守归而宾客从也。树林阴翳，鸣声上下，游人去而禽鸟乐也。然而禽鸟知山林之乐，而不知人之乐；人知从太守游而乐，而不知太守之乐其乐也。醉能同其乐，醒能述其文者，太守也。太守谓谁？庐陵欧阳修也。', '', 'indent', 0, '2013-03-02 22:19:12', 5, 10018, '2014-07-23 19:52:42', NULL, NULL),
(10089, '岳阳楼记', '', '庆历四年春，滕子京谪守巴陵郡。越明年，政通人和，百废俱兴，乃重修岳阳楼， 增其旧制，刻唐贤今人诗赋于其上，属予作文以记之。\r\n\r\n予观夫巴陵胜状，在洞庭一湖。衔远山，吞长江，浩浩汤汤，横无际涯；朝晖夕阴，气象万千；此则岳阳楼之大观也，前人之述备矣。然则北通巫峡，南极潇湘，迁客骚人，多会于此，览物之情，得无异乎？\r\n\r\n若夫霪雨霏霏，连月不开；阴风怒号，浊浪排空；日星隐耀，山岳潜形；商旅不行，樯倾楫摧；薄暮冥冥，虎啸猿啼；登斯楼也，则有去国怀乡，忧谗畏讥，满目萧然，感极而悲者矣。\r\n\r\n至若春和景明，波澜不惊，上下天光，一碧万顷；沙鸥翔集，锦鳞游泳，岸芷汀兰，郁郁青青。而或长烟一空，皓月千里，浮光跃金，静影沉璧，渔歌互答，此乐何极！登斯楼也，则有心旷神怡，宠辱皆忘，把酒临风，其喜洋洋者矣。\r\n\r\n嗟夫！予尝求古仁人之心，或异二者之为，何哉？不以物喜，不以己悲，居庙堂之高，则忧其民；处江湖之远，则忧其君。是进亦忧，退亦忧；然则何时而乐耶？其必曰：先天下之忧而忧，后天下之乐而乐欤！噫！微斯人，吾谁与归！', '', 'indent', 0, '2013-03-02 22:26:15', 5, 10032, '2014-07-23 19:52:42', NULL, NULL),
(10090, '渔家傲', '', '塞下秋来风景异，衡阳雁去无留意。四面边声连角起，千嶂里，长烟落日孤城闭。%浊酒一杯家万里，燕然未勒归无计。羌管悠悠霜满地，人不寐，将军白发征夫泪。', '', 'indent', 0, '2013-03-02 22:36:37', 2, 10032, '2014-07-23 19:52:42', NULL, NULL),
(10091, '苏幕遮', '', '碧云天，黄叶地，秋色连波，波上寒烟翠；山映斜阳天接水，芳草无情，更在斜阳外。%黯乡魂，追旅思，夜夜除非，好梦留人睡；明月楼高休独倚，酒入愁肠，化作相思泪。', '', 'indent', 0, '2013-03-02 22:41:19', 2, 10032, '2014-07-23 19:52:42', NULL, NULL),
(10092, '五柳先生传', '', '先生不知何许人也，亦不详其姓字。宅边有五柳树，因以为号焉。闲静少言，不慕荣利。好读书，不求甚解；每有会意，便欣然忘食。性嗜酒，家贫不能常得。亲旧知其如此，或置酒而招之。造饮辄尽，期在必醉；既醉而退，曾不吝情去留。环堵萧然，不蔽风日，短褐穿结，箪瓢屡空，晏如也。常著文章自娱，颇示己志。忘怀得失，以此自终。\r\n\r\n赞曰：黔娄之妻有言：“不戚戚于贫贱，不汲汲于富贵。”其言兹若人之俦乎？衔觞赋诗，以乐其志，无怀氏之民欤？葛天氏之民欤？', '', 'indent', 0, '2013-03-02 22:48:00', 5, 10011, '2014-07-23 19:52:42', NULL, NULL),
(10093, '兰亭集序', '', '永和九年，岁在癸丑，暮春之初，会于会稽山阴之兰亭，修禊事也。群贤毕至，少长咸集。此地有崇山峻岭，茂林修竹，又有清流激湍，映带左右。引以为流觞曲水，列坐其次，虽无丝竹管弦之盛，一觞一咏，亦足以畅叙幽情。\r\n\r\n是日也，天朗气清，惠风和畅。仰观宇宙之大，俯察品类之盛，所以游目骋怀，足以极视听之娱，信可乐也。\r\n\r\n夫人之相与，俯仰一世。或取诸怀抱，晤言一室之内；或因寄所托，放浪形骸之外。虽趣舍万殊，静躁不同，当其欣于所遇，暂得于己，快然自足，曾不知老之将至。及其所之既倦，情随事迁，感慨系之矣。向之所欣，俯仰之间，已为陈迹，犹不能不以之兴怀。况修短随化，终期于尽。古人云：“死生亦大矣。”岂不痛哉！ \r\n\r\n每览昔人兴感之由，若合一契，未尝不临文嗟悼，不能喻之于怀。固知一死生为虚诞，齐彭殇为妄作。后之视今，亦犹今之视昔，悲夫！故列叙时人，录其所述。虽世殊事异，所以兴怀，其致一也。后之览者，亦将有感于斯文。', '《兰亭集序》又名《兰亭宴集序》、《兰亭序》。东晋穆帝永和九年（公元353年）三月三日，王羲之与谢安、孙绰等四十一位军政高官，在山阴（今浙江绍兴）兰亭“修禊”，会上各人做诗，《兰亭集序》即为王羲之为众人所作之诗写的序文手稿。文中记叙了兰亭山水之美和聚会的畅快之情，抒发作者对生死无常的感慨。', 'indent', 1, '2013-03-02 22:59:56', 5, 10033, '2014-08-20 12:48:41', '', ''),
(10094, '滕王阁序', '', '豫章故郡，洪都新府。星分翼轸，地接衡庐。襟三江而带五湖，控蛮荆而引瓯越。物华天宝，龙光射牛斗之墟；人杰地灵，徐孺下陈蕃之榻。雄州雾列，俊彩星驰。台隍枕夷夏之交，宾主尽东南之美。都督阎公之雅望，棨戟遥临；宇文新州之懿范，襜帷暂驻。十旬休假，胜友如云。千里逢迎，高朋满座。腾蛟起凤，孟学士之词宗；紫电青霜，王将军之武库。家君作宰，路出名区。童子何知？躬逢胜饯。\r\n\r\n时维九月，序属三秋。潦水尽而寒潭清，烟光凝而暮山紫。俨骖騑于上路，访风景于崇阿。临帝子之长洲，得仙人之旧馆。层峦耸翠，上出重霄；飞阁流丹，下临无地。鹤汀凫渚，穷岛屿之萦回；桂殿兰宫，列冈峦之体势。\r\n\r\n披绣闼，俯雕甍。山原旷其盈视，川泽纡其骇瞩。闾阎扑地，钟鸣鼎食之家；舸舰迷津，青雀黄龙之舳。云销雨霁，彩彻区明。落霞与孤鹜齐飞，秋水共长天一色。渔舟唱晚，响穷彭蠡之滨，雁阵惊寒，声断衡阳之浦。\r\n\r\n遥襟甫畅，逸兴遄飞。爽籁发而清风生，纤歌凝而白云遏。睢园绿竹，气凌彭泽之樽；邺水朱华，光照临川之笔。四美具，二难并。穷睇眄于中天，极娱游于暇日。天高地迥，觉宇宙之无穷；兴尽悲来，识盈虚之有数。望长安于日下，目吴会于云间。地势极而南溟深，天柱高而北辰远。关山难越，谁悲失路之人；萍水相逢，尽是他乡之客。怀帝阍而不见，奉宣室以何年？\r\n\r\n嗟乎！时运不齐，命途多舛。冯唐易老，李广难封。屈贾谊于长沙，非无圣主；窜梁鸿于海曲，岂乏明时？所赖君子安贫，达人知命。老当益壮，宁移白首之心；穷且益坚，不坠青云之志。酌贪泉而觉爽，处涸辙而犹欢。北海虽赊，扶摇可接；东隅已逝，桑榆非晚。孟尝高洁，空余报国之情；阮籍猖狂，岂效穷途之哭？\r\n\r\n勃，三尺微命，一介书生。无路请缨，等终军之弱冠；有怀投笔，慕宗悫之长风。舍簪笏于百龄，奉晨昏于万里。非谢家之宝树，接孟氏之芳邻。他日趋庭，叨陪鲤对；今兹捧袂，喜托龙门。杨意不逢，抚凌云而自惜；钟期既遇，奏流水以何惭？\r\n\r\n鸣乎！胜地不常，盛筵难再。兰亭已矣，梓泽丘墟。临别赠言，幸承恩于伟饯；登高作赋，是所望于群公！敢竭鄙怀，恭疏短引。一言均赋，四韵俱成。请洒潘江，各倾陆海云尔：\r\n\r\n滕王高阁临江渚，佩玉鸣鸾罢歌舞。画栋朝飞南浦云，珠廉暮卷西山雨。闲云潭影日悠悠，物换星移几度秋。阁中帝子今何在？槛外长江空自流！', '《滕王阁序》全称《秋日登洪府滕王阁饯别序》，亦名《滕王阁诗序》，骈文名篇。滕王阁位于江西省南昌市赣江滨。唐高祖之子滕王李元婴任洪州都督时（公元653年）始建，后阎伯屿为洪州牧，宴群僚于阁上，王勃省父过此，即席而作。《滕王阁序》笔力明快、风格清新、气势浩荡，堪称骈文典范之作。文中铺叙滕王阁一带形势景色和宴会盛况，抒发了作者“无路请缨”之感慨。', 'indent', 1, '2013-03-02 23:11:54', 5, 10034, '2014-08-20 22:28:55', '', ''),
(10095, '望岳', '', '岱宗夫如何<岱宗：古代以泰山为五岳之首，诸山所宗，称“岱宗”。历代帝王凡举行封禅大典，皆在此山。夫（fú）：语气词。>，齐鲁青未了<齐、鲁：代指山东地区。青未了：指郁郁苍苍的山色无边无际。>。\r\n\r\n造化钟神秀，阴阳割昏晓。\r\n\r\n荡胸生层云，决眦入归鸟<决眦（zì）：极目远望归鸟，眼角几乎要裂开。决：裂开。眦：眼角。>。\r\n\r\n会当凌绝顶，一览众山小。', '本诗是杜甫青年时代的作品，充满了诗人青年时代的浪漫与激情。全诗紧紧围绕诗题“望岳”的“望”字着笔，由远望到近望，再到凝望，最后是俯望。诗人描写了泰山雄伟磅礴的气象，抒发了自己勇于攀登，傲视一切的雄心壮志，洋溢着蓬勃向上的朝气。', 'center', 1, '2013-03-02 23:28:38', 1, 10035, '2014-07-23 19:52:42', NULL, NULL),
(10096, '饮中八仙歌', '', '知章骑马似乘船，眼花落井水底眠。\r\n\r\n汝阳三斗始朝天，道逢曲车口流涎，恨不移封向酒泉。\r\n\r\n左相日兴费万钱，饮如长鲸吸百川，衔杯乐圣称避贤。\r\n\r\n宗之潇洒美少年，举觞白眼望青天，皎如玉树临风前。\r\n\r\n苏晋长斋绣佛前，醉中往往爱逃禅。\r\n\r\n李白斗酒诗百篇，长安市上酒家眠，\r\n\r\n天子呼来不上船，自称臣是酒中仙。\r\n\r\n张旭三杯草圣传，脱帽露顶王公前，挥毫落纸如云烟。\r\n\r\n焦遂五斗方卓然，高谈雄辩惊四筵。', '', 'center', 0, '2013-03-02 23:32:29', 1, 10035, '2014-07-23 19:52:42', NULL, NULL),
(10097, '茅屋为秋风所破歌', '', '八月秋高风怒号，卷我屋上三重茅。茅飞渡江洒江郊，高者挂罥长林梢，下者飘转沉塘坳。\r\n\r\n南村群童欺我老无力，忍能对面为盗贼。公然抱茅入竹去，唇焦口燥呼不得，归来倚杖自叹息。\r\n\r\n俄顷风定云墨色，秋天漠漠向昏黑。布衾多年冷似铁，娇儿恶卧踏里裂。床头屋漏无干处，雨脚如麻未断绝。自经丧乱少睡眠，长夜沾湿何由彻！\r\n\r\n安得广厦千万间，大庇天下寒士俱欢颜，风雨不动安如山！呜呼！何时眼前突兀见此屋，吾庐独破受冻死亦足！', '', 'indent', 0, '2013-03-02 23:35:54', 1, 10035, '2014-07-23 19:52:42', NULL, NULL),
(10098, '戏为六绝句', '', '（一）\r\n\r\n庾信文章老更成，凌云健笔意纵横。\r\n\r\n今人嗤点流传赋，不觉前贤畏后生。\r\n\r\n（二）\r\n\r\n王杨卢骆当时体，轻薄为文哂未休。\r\n\r\n尔曹身与名俱灭，不废江河万古流。\r\n\r\n（三）\r\n\r\n纵使卢王操翰墨，劣于汉魏近风骚。\r\n\r\n龙文虎脊皆君驭，历块过都见尔曹。\r\n\r\n（四）\r\n\r\n才力应难跨数公，凡今谁是出群雄？\r\n\r\n或看翡翠兰苕上，未掣鲸鱼碧海中。\r\n\r\n（五）\r\n\r\n不薄今人爱古人，清词丽句必为邻。\r\n\r\n窃攀屈宋宜方驾，恐与齐梁作后尘。\r\n\r\n（六）\r\n\r\n未及前贤更勿疑，递相祖述复先谁？\r\n\r\n别裁伪体亲风雅，转益多师是汝师！', '', 'center', 0, '2013-03-02 23:41:46', 1, 10035, '2014-07-23 19:52:42', NULL, NULL),
(10099, '绝句四首（其三）', '', '两个黄鹂鸣翠柳，一行白鹭上青天。\r\n\r\n窗含西岭千秋雪，门泊东吴万里船。', '', 'center', 0, '2013-03-02 23:44:40', 1, 10035, '2014-07-23 19:52:42', NULL, NULL),
(10100, '闻官军收河南河北', '', '剑外忽传收蓟北，初闻涕泪满衣裳。\r\n\r\n却看妻子愁何在，漫卷诗书喜欲狂。\r\n\r\n白日放歌须纵酒，青春作伴好还乡。\r\n\r\n即从巴峡穿巫峡，便下襄阳向洛阳。​', '', 'center', 0, '2013-03-02 23:46:32', 1, 10035, '2014-07-23 19:52:42', NULL, NULL),
(10101, '卜算子-黄州定惠院寓居作', '', '缺月挂疏桐，漏断人初静。谁见幽人独往来，缥缈孤鸿影。%惊起却回头，有恨无人省。拣尽寒枝不肯栖，寂寞沙洲冷。', '', 'indent', 0, '2013-03-02 23:49:41', 2, 10001, '2014-07-23 19:52:42', NULL, NULL),
(10102, '浣溪沙', '游蕲水清泉寺，寺临兰溪，溪水西流。', '山下兰芽短浸溪，松间沙路净无泥。萧萧暮雨子规啼。%谁道人生无再少？门前流水尚能西！休将白发唱黄鸡。', '', 'indent', 0, '2013-03-02 23:50:48', 2, 10001, '2014-07-23 19:52:42', NULL, NULL);
INSERT INTO `work` (`id`, `title`, `foreword`, `content`, `intro`, `layout`, `highlight`, `create_time`, `type_id`, `author_id`, `updated_at`, `mobile_content`, `mobile_title`) VALUES
(10103, '春江花月夜', '', '春江潮水连海平，海上明月共潮生。 \r\n\r\n滟滟随波千万里，何处春江无月明！\r\n\r\n江流宛转绕芳甸，月照花林皆似霰。 \r\n\r\n空里流霜不觉飞，汀上白沙看不见。\r\n\r\n江天一色无纤尘，皎皎空中孤月轮。\r\n\r\n江畔何人初见月？江月何年初照人？\r\n\r\n人生代代无穷已，江月年年只相似。\r\n\r\n不知江月待何人，但见长江送流水。\r\n\r\n白云一片去悠悠，青枫浦上不胜愁。\r\n\r\n谁家今夜扁舟子？何处相思明月楼？\r\n\r\n可怜楼上月徘徊，应照离人妆镜台。\r\n\r\n玉户帘中卷不去，捣衣砧上拂还来。\r\n\r\n此时相望不相闻，愿逐月华流照君。\r\n\r\n鸿雁长飞光不度，鱼龙潜跃水成文。\r\n\r\n昨夜闲潭梦落花，可怜春半不还家。\r\n\r\n江水流春去欲尽，江潭落月复西斜。\r\n\r\n斜月沉沉藏海雾，碣石潇湘无限路。\r\n\r\n不知乘月几人归，落月摇情满江树。', '', 'center', 0, '2013-03-02 23:56:08', 1, 10036, '2014-07-23 19:52:42', NULL, NULL),
(10104, '七步诗', '', '煮豆燃豆萁，豆在釜中泣。\r\n\r\n本是同根生，相煎何太急？', '', 'center', 0, '2013-03-03 00:05:38', 1, 10037, '2014-07-23 19:52:42', NULL, NULL),
(10113, '贤哉，回也！', '', '子曰：“贤哉，回也！一箪食，一瓢饮，在陋巷，人不堪其忧，回也不改其乐。贤哉，回也！” ', '选自《论语-雍也》第十一节。孔子称赞颜回“不改其乐”，即贫贱不能移的秉性。由此阐述了一个具有普遍意义的道理，即人总是要有一点精神的，为了自己的理想，就要不断追求，即使生活清苦困顿也自得其乐。', 'indent', 1, '2013-03-05 19:35:43', 5, 10027, '2014-08-20 12:50:10', '', ''),
(10118, '如梦令', '', '正是辘轳金井<辘轳金井：装有辘轳的水井。辘轳，井上汲水的起重装置。金井，指施有雕栏的井。 >，满砌落花红冷。蓦地一相逢，心事眼波难定。谁省，谁省，从此簟纹灯影<簟(diàn)纹：指竹席之纹络，这里借指孤眠幽独的景况。>。', '此词描写作者与佳人偶遇，在古代男女授受不亲的陈规下，一见钟情所带来的冲击无法想象。然而惊鸿一瞥的美好情感转而制造了更多的内心纷扰，对方的心思无法琢磨，未来的不可测又添上了一份恐慌，于是，深宵的青灯旁、孤枕畔，又多了一个辗转反侧的不眠人。', 'indent', 1, '2013-03-05 20:00:53', 2, 10020, '2014-08-20 12:50:55', '', ''),
(10119, '金缕曲-赠梁汾', '', '德也狂生耳。偶然间、淄尘京国，乌衣门第。有酒惟浇赵州土，谁会成生此意。不信道、遂成知己。青眼高歌俱未老，向尊前、拭尽英雄泪。君不见，月如水。%共君此夜须沉醉。且由他、娥眉谣诼，古今同忌。身世悠悠何足问，冷笑置之而已。寻思起、从头翻悔。一日心期千劫在，后身缘、恐结他生里。然诺重，君须记。', '此词作于康熙十五年，亦是性德的成名之作。其时性德初识郁郁不得志的顾贞观，觉得相见恨晚。据顾贞观说，吴兆骞被诬流放，纳兰性德看了顾贞观给吴兆骞的两首《金缕曲》，异常感动，决心参予营救吴兆骞的活动，并且给顾贞观写了这首披肝沥胆的诗篇。\r\n\r\n这首《金缕曲》显得既酣畅，又深沉；既慷慨淋漓，又耐人寻味。这首词没有华丽的词藻，却使人读来五内沸腾，神摇魄荡，感觉到作者字字句句，出自肺腑。它的成就，证实了一条创作的真理：真情实感，是诗歌的生命。', 'indent', 1, '2013-03-05 20:08:01', 2, 10020, '2014-08-20 13:00:21', '', ''),
(10120, '长相思', '', '山一程，水一程，身向榆关那畔行。夜深千帐灯。%风一更，雪一更，聒碎乡心梦不成。故园无此声。', '', 'indent', 0, '2013-03-05 20:14:20', 2, 10020, '2014-07-23 19:52:42', NULL, NULL),
(10121, '木兰词-拟古决绝词柬友', '', '人生若只如初见，何事秋风悲画扇。等闲变却故人心，却道故人心易变。%骊山语罢清宵半，泪雨零铃终不怨，何如薄幸锦衣郎，比翼连枝当日愿。', '', 'indent', 0, '2013-03-05 20:17:16', 2, 10020, '2014-07-23 19:52:42', NULL, NULL),
(10122, '忆秦娥', '', '箫声咽，秦娥梦断秦楼月。秦楼月，年年柳色，霸陵伤别。%乐游原上清秋节，咸阳古道音尘绝。音尘绝，西风残照，汉家陵阙。', '', 'indent', 0, '2013-03-05 20:28:38', 2, 10041, '2014-07-23 19:52:42', NULL, NULL),
(10123, '一斛珠', '', '晚妆初过，沉檀<沉檀（tán）：一种妇女妆饰用的颜料，唐、宋时妇女闺妆多用它，或用于眉端之间，或用于口唇之上。>轻注些儿个。向人微露丁香颗<丁香：常绿乔木，古时用以代指女人的舌头。颗：指牙。丁香颗：这里指女人口内之牙，此句描绘歌女开口歌唱，舌齿微露。>，一曲清歌，暂引樱桃破<樱桃，落叶乔木，古人常用樱桃比喻女子口唇。唐韩偓《袅娜》诗云：“着词但见樱桃破，飞盏遥闻豆蔻香。”破，张开。此句描写歌女们张开红润小口歌唱的情形。>。%罗袖裛残殷色可<罗袖句：罗袖，质地较薄的丝衣的袖。裛（yì），熏蒸，这里指香气。残，指香气消失殆尽。殷，深红色。可，意近“可可”，这里是模模糊糊、隐隐约约的意思。元稹《春》诗：“九霄浑可可，万姓尚忡忡。”此句说歌女的丝制的衣袖上的香气已经消失将尽，深红的颜色也只隐约可见了。>，杯深旋被香醪涴<杯深句：杯深，指酒杯斟酒斟得很满。旋，随即，很快地。香醪（láo），美酒。涴（wò），同涴，污染。>。绣床斜凭娇无那<娇无那（nuò）：这里是形容娇娜无比，不能自主的样子。无那，无限、非常之意。>，烂嚼红茸，笑向檀郎唾。', '此词是一曲描写男女欢情的艳歌，从整体风格看，应是李煜前期的作品。全词写女主人公从化妆出场到终场赴宴的全过程，中间充满了戏剧情趣的描写，塑造了一个富有个性特征的人物形象，具有强烈的艺术感染力。', 'indent', 1, '2013-03-05 20:31:57', 2, 10017, '2014-08-20 22:31:31', '', ''),
(10124, '玉楼春', '', '晚妆初了明肌雪，春殿嫔娥鱼贯列<春殿：即御殿。>。凤箫吹断水云间<水云间：即水和云相接之处，谓极远。>，重按霓裳歌遍彻<重按，一再按奏。按，弹奏。霓裳，《霓裳羽衣曲》的简称。>。%临风谁更飘香屑，醉拍阑干情味切<切：恳切，真挚而迫切的心情。>。归时休放烛花红，待踏马蹄清夜月。', '中国传统的文学理论历来认为：“欢愉之辞难工，穷苦之言易好。”后主此词则打破了这一传统看法。词中形象丰美，情趣盎然，具有极强的艺术感染力。词中以真动人，以美感人，趣味高雅，纵情而不淫荡，风流而不艳薄，结尾二句宕开一层，从豪华热闹转向清静淡泊，更显得俊爽超逸，高雅不凡。', 'indent', 1, '2013-03-05 20:34:15', 2, 10017, '2014-08-20 13:12:15', '', ''),
(10125, '菩萨蛮', '', '花明月黯笼轻雾，今霄好向郎边去！衩袜步香阶，手提金缕鞋。%画堂南畔见，一向偎人颤。奴为出来难，教君恣意怜。', '', 'indent', 0, '2013-03-05 20:36:45', 2, 10017, '2014-07-23 19:52:42', NULL, NULL),
(10126, '渔父', '', '浪花有意千重雪，桃李无言一队春。一壶酒，一竿纶，世上如侬有几人？', '', 'indent', 0, '2013-03-05 20:41:29', 2, 10017, '2014-07-23 19:52:42', NULL, NULL),
(10127, '渔父', '', '一棹春风一叶舟，一纶茧缕一轻钩。花满渚，酒满瓯，万顷波中得自由。', '', 'indent', 0, '2013-03-05 20:42:52', 2, 10017, '2014-07-23 19:52:42', NULL, NULL),
(10128, '虞美人', '', '春花秋月何时了，往事知多少。小楼昨夜又东风，故国不堪回首月明中。%雕栏玉砌应犹在，只是朱颜改。问君能有几多愁，恰似一江春水向东流。', '', 'indent', 0, '2013-03-05 20:44:52', 2, 10017, '2014-07-23 19:52:42', NULL, NULL),
(10129, '乌夜啼', '', '林花谢了春红，太匆匆，无奈朝来寒雨晚来风。%胭脂泪，相留醉，几时重。自是人生长恨水长东。', '', 'indent', 0, '2013-03-05 20:45:45', 2, 10017, '2014-07-23 19:52:42', NULL, NULL),
(10130, '浪淘沙令', '', '帘外雨潺潺，春意阑珊。罗衾不耐五更寒。梦里不知身是客，一晌贪欢。%独自莫凭栏，无限江山，别时容易见时难。流水落花春去也，天上人间。', '', 'indent', 0, '2013-03-05 20:46:31', 2, 10017, '2014-07-23 19:52:42', NULL, NULL),
(10131, '相见欢', '', '无言独上西楼，月如钩。寂寞梧桐深院锁清秋。%剪不断，理还乱，是离愁。别是一般滋味在心头。', '', 'indent', 0, '2013-03-05 20:51:18', 2, 10017, '2014-07-23 19:52:42', NULL, NULL),
(10132, '浪淘沙', '', '往事只堪哀，对景难排。秋风庭院藓侵阶。一任珠帘闲不卷，终日谁来？%金剑已沉埋，壮气蒿莱。晚凉天净月华开。想得玉楼瑶殿影，空照秦淮！', '', 'indent', 0, '2013-03-05 20:52:08', 2, 10017, '2014-07-23 19:52:42', NULL, NULL),
(10133, '咏鹅', '', '鹅，鹅，鹅，曲项向天歌。\r\n\r\n白毛浮绿水，红掌拨清波。​', '《咏鹅》是初唐诗人骆宾王于七岁时写的一首五言古诗。 这首诗开篇先声夺人，“鹅！鹅！鹅！”写出鹅的声响美，又通过“曲项”与“向天”、“白毛”与“绿水”、“红掌”与“清波”的对比写出鹅的线条美与色彩美，同时，“歌”、“浮”、“拨”等字又写出鹅的动态美，听觉与视觉、静态与动态、音声与色彩完美结合，将鹅的形神活现而出。', 'center', 1, '2013-03-05 20:59:45', 1, 10042, '2014-08-18 11:01:44', NULL, NULL),
(10134, '讨武瞾檄文', '', '伪临朝武氏者，性非和顺，地实寒微。昔充太宗下陈，曾以更衣入侍。洎乎晚节，秽乱春宫。潜隐先帝之私，阴图后房之嬖。入门见嫉，蛾眉不肯让人；掩袖工谗，狐媚偏能惑主。践元后于翚翟，陷吾君于聚麀。加以虺蜴为心，豺狼成性。近狎邪僻，残害忠良。杀姊屠兄，弑君鸩母。人神之所同嫉，天地之所不容。犹复包藏祸心，窥窃神器。君之爱子，幽之于别宫；贼之宗盟，委之以重任。呜呼！霍子孟之不作，朱虚侯之已亡。燕啄皇孙，知汉祚之将尽。龙漦帝后，识夏庭之遽衰。\r\n\r\n敬业皇唐旧臣，公侯冢子。奉先帝之成业，荷本朝之厚恩。宋微子之兴悲，良有以也；袁君山之流涕，岂徒然哉！是用气愤风云，志安社稷。因天下之失望，顺宇内之推心。爰举义旗，以清妖孽。\r\n\r\n南连百越，北尽三河；铁骑成群，玉轴相接。海陵红粟，仓储之积靡穷；江浦黄旗， 匡复之功何远！班声动而北风起，剑气冲而南斗平。喑呜则山岳崩颓，叱吒则风云变色。 以此制敌，何敌不摧？以此图功，何功不克？\r\n\r\n公等或居汉地，或协周亲；或膺重寄于话言，或受顾命于宣室。言犹在耳，忠岂忘 心。一抔之土未干，六尺之孤何托？倘能转祸为福，送往事居，共立勤王之勋， 无废大君之命，凡诸爵赏，同指山河。若其眷恋穷城，徘徊歧路，坐昧先几之兆，必贻后至之诛。请看今日之域中，竟是谁家之天下！\r\n\r\n移檄州郡，咸使知闻。', '', 'indent', 0, '2013-03-05 21:02:02', 5, 10042, '2014-07-23 19:52:42', NULL, NULL),
(10135, '在狱咏蝉', '', '西陆蝉声唱，南冠客思侵。\r\n\r\n那堪玄鬓影，来对白头吟。\r\n\r\n露重飞难进，风多响易沉。\r\n\r\n无人信高洁，谁为表予心。', '', 'center', 0, '2013-03-05 21:03:28', 1, 10042, '2014-07-23 19:52:42', NULL, NULL),
(10136, '渔父（四首）', '', '渔父饮，谁家去。鱼蟹一时分付。酒无多少醉为期，彼此不论钱数。\r\n\r\n渔父醉，蓑衣舞。醉时却寻归路。轻舟短棹任斜横，醒后不知何处。\r\n\r\n渔父醒，春江午。梦断落花飞絮。酒醒还醉醉还醒，一笑人间今古。\r\n\r\n渔父笑，轻鸥举。漠漠一江风雨。江边骑马是官人，借我孤舟南渡。', '', 'center', 0, '2013-03-05 21:07:19', 2, 10001, '2014-07-23 19:52:42', NULL, NULL),
(10137, '夏日绝句', '', '生当作人杰，死亦为鬼雄。\r\n\r\n至今思项羽，不肯过江东<江东：项羽当初随叔父项梁起兵的地方，即会稽郡“吴中起义”，秦会稽郡治所在吴县（今苏州）。>。', '这首诗起调高亢，鲜明地提出了人生的价值取向，爱国激情，溢于言表，在当时确有振聋发聩的作用。南宋统治者不管百姓死活，只顾自己逃命；抛弃中原河山，苟且偷生。诗人鞭挞南宋当权派的无耻行径，借古讽今，正气凛然。全诗仅二十个字，连用了三个典故，慷慨雄健、掷地有声，但无堆砌之弊。', 'center', 1, '2013-03-05 21:16:00', 1, 10043, '2014-08-20 22:33:20', '', ''),
(10138, '如梦令', '', '常记溪亭日暮，沉醉不知归路。兴尽晚回舟，误入藕花深处。争渡，争渡，惊起一滩鸥鹭。', '', 'indent', 0, '2013-03-05 21:18:02', 2, 10043, '2014-07-23 19:52:42', NULL, NULL),
(10139, '如梦令', '', '昨夜雨疏风骤，浓睡不消残酒。试问卷帘人，却道海棠依旧。知否？知否？应是绿肥红瘦。', '春夜里大自然经历了一场风吹雨打，词人预感到庭园中的花木必然是绿叶繁茂，花事凋零了。因此，翌日清晨她急切地向“卷帘人”询问室外的变化，粗心的“卷帘人”却答之以“海棠依旧”。对此，词人禁不住连用两个“知否”与一个“应是”来纠正其观察的粗疏与回答的错误。“绿肥红瘦”一句，形象地反映出作者对春天将逝的惋惜之情。全词充分体现出作者对大自然、对春天的热爱，篇幅虽短，但含蓄蕴藉，意味深长，对人物的心理刻画栩栩如生，以对话推动词意发展，跌宕起伏，显示出作者深厚的艺术功力。', 'indent', 1, '2013-03-05 21:18:57', 2, 10043, '2014-07-23 19:52:42', NULL, NULL),
(10140, '点绛唇', '', '蹴罢秋千，起来慵整纤纤手。露浓花瘦，薄汗轻衣透。%见有人来，袜铲金钗溜，和羞走。倚门回首，却把青梅嗅。', '此词描述少女的天真情态，上片写主人公下了秋千以后的情景，下片写主人公在来客忽至的羞赧情状，形象生动地刻画了一个天真纯洁、感情丰富却又矜持的少女形象。全词语言通俗，风格明快，节奏轻松，是李清照早年的代表作。', 'indent', 1, '2013-03-05 21:20:32', 2, 10043, '2014-08-18 14:39:13', NULL, NULL),
(10141, '醉花阴', '', '薄雾浓云愁永昼，瑞脑消金兽。佳节又重阳，玉枕纱橱，半夜凉初透。%东篱把酒黄昏後，有暗香盈袖。莫道不消魂，帘卷西风，人比黄花瘦。', '', 'indent', 0, '2013-03-05 21:22:24', 2, 10043, '2014-07-23 19:52:42', NULL, NULL),
(10142, '鹧鸪天-桂花', '', '暗淡轻黄体性柔，情疏迹远只香留。何须浅碧深红色，自是花中第一流。%梅定妒，菊应羞，画栏开处冠中秋。骚人可煞无情思，何事当年不见收。', '李清照喜欢桂花酒，也喜欢桂花的风神气质。桂花貌不出众，色不诱人，但却“暗淡轻黄”、“情疏迹远”而又馥香自芳，这正是词人品格的写照，显示了词人卓而不群的审美品味。', 'indent', 0, '2013-03-05 21:23:42', 2, 10043, '2014-08-18 16:37:36', NULL, NULL),
(10143, '一剪梅', '', '红藕香残玉簟秋。轻解罗裳，独上兰舟。云中谁寄锦书来？雁字回时，月满西楼。%花自飘零水自流。一种相思，两处闲愁。此情无计可消除，才下眉头，却上心头。', '', 'indent', 0, '2013-03-05 21:24:54', 2, 10043, '2014-07-23 19:52:42', NULL, NULL),
(10144, '渔家傲', '', '天接云涛连晓雾，星河欲转千帆舞。彷佛梦魂归帝所，闻天语，殷勤问我归何处。%我报路长嗟日暮，学诗漫有惊人句。九万里风鹏正举，风休住，蓬舟吹取三山去。', '此词写梦中海天溟蒙的景象及与天帝的问答，隐寓对社会现实的不满与失望，对理想境界的追求和向往。作者把真实的生活感受融入梦境，以浪漫主义的艺术构思，梦游的方式，奇妙的设想，倾述隐衷，寄托情思。全词打破了上片写景下片抒情或情景交错的惯常格局，以故事性情节为主干，以人神对话为内容，实现了梦幻与生活、历史与现实的有机结合，用典巧妙，景象壮阔，气势磅礴，音调豪迈，充分显示了作者性情中豪放不羁的一面。', 'indent', 0, '2013-03-05 21:28:20', 2, 10043, '2014-08-18 12:48:25', NULL, NULL),
(10145, '声声慢', '', '寻寻觅觅，冷冷清清，凄凄惨惨戚戚。乍暖还寒时候，最难将息。三杯两盏淡酒，\r\n怎敌他、晚来风急？雁过也，正伤心，却是旧时相识。%满地黄花堆积。憔悴损，如今有谁堪摘？守著窗儿，独自怎生得黑？梧桐更兼细雨，到黄昏、点点滴滴。这次第，怎一个、愁字了得！', '', 'indent', 0, '2013-03-05 21:30:30', 2, 10043, '2014-07-23 19:52:42', NULL, NULL),
(10146, '阮郎归-初夏', '', '绿槐高柳咽新蝉，薰风初入弦。碧纱窗下洗沉烟，棋声惊昼眠。%微雨过，小荷翻，榴花开欲然。玉盆纤手弄清泉，琼珠碎却圆。', '', 'indent', 0, '2013-03-05 21:39:30', 2, 10001, '2014-07-23 19:52:42', NULL, NULL),
(10147, '少年游', '润州作，代人寄远。', '去年相送，馀杭门外，飞雪似杨花。今年春尽，杨花似雪，犹不见还家。%对酒卷帘邀明月，风露透窗纱。恰似女亘娥怜双燕，分明照、画梁斜。', '', 'indent', 0, '2013-03-05 21:40:21', 2, 10001, '2014-07-23 19:52:42', NULL, NULL),
(10148, '定风波-南海归赠王定国侍人寓娘', '王定国歌儿曰柔奴，姓宇文氏，眉目娟丽，善应对，家世住京师。定国南迁归，余问柔：广南风土应是不好？柔对曰：此心安处，便是吾乡。因为缀词云：', '常羡人间琢玉郎，天应乞与点酥娘<琢玉郎：如玉琢成的男子，形容王定国姿容的俊美。乞与：赠与。点酥娘：形容歌姬的聪颖。>。尽道清歌传皓齿，风起，雪飞炎海变清凉<尽道：人人都称道。雪飞炎海：形容寓娘的歌声如雪片飞过炎热的夏日。>。%万里归来颜愈少<少：年轻。>，微笑，笑时犹带岭梅香。试问岭南应不好？却道：此心安处是吾乡。', '王定国，苏轼的朋友。元丰二年（1079），因受苏轼“乌台诗案”牵连，被贬为监宾州（今广西宾阳，属于岭南地区）盐酒税，五年后才被召还京城。寓娘为王定国的歌姬。王定国被贬岭南，寓娘毅然离开繁华的京城，与之同行，一直陪伴在其身旁。\r\n\r\n此词不仅刻画了歌女柔奴的姿容和才艺，而且着重歌颂了她的美好情操和高洁人品。柔中带刚，情理交融，空灵清旷，细腻柔婉，是这首词的独特风格。', 'indent', 1, '2013-03-05 21:42:43', 2, 10001, '2014-08-20 13:18:10', '', ''),
(10149, '江城子-别徐州', '', '天涯流落思无穷。既相逢，却匆匆。携手佳人，和泪折残红。为问东风余几许？春纵在，与谁同？%隋堤三月水溶溶，背归鸿，去吴中<背归鸿：与归鸿所飞的方向相反，苏轼南行，大雁北归。吴中：指湖州。>。回首彭城，清泗与淮通<彭城：今江苏徐州。泗（sì）：源出山东，流经徐州，注入淮河。>。欲寄相思千点泪，流不到，楚江东<楚江东：长江以南，这里也指湖州。>。', '元丰二年（1079年）三月，苏轼由徐州调往湖州。因弟弟子由在南都（今河南商丘）任签判，便于赴任途中先去南都小住半月，随后再南下。此词系南下途中所作，叙写与徐州友人的别情。\r\n\r\n此词化用李商隐《无题·相见时难别亦难》诗意，将积郁的愁思注入即事即地的景物之中，抒发了作者对徐州风物人情无限留恋之情，并在离愁别绪中融入了深沉的身世之感。', 'indent', 1, '2013-03-05 21:44:52', 2, 10001, '2014-08-20 22:35:37', '', ''),
(10150, '水调歌头', '丙辰中秋，欢饮达旦，大醉，作此篇，兼怀子由。', '明月几时有？把酒问青天。不知天上宫阙，今夕是何年。我欲乘风归去，又恐琼楼玉宇，高处不胜寒<归去：苏轼曾自比谪仙，故称上天为“归去”。琼楼玉宇：指月宫。>。起舞弄清影，何似在人间？%转朱阁，低绮户，照无眠<绮户：雕有花纹的门窗。>。不应有恨，何事长向别时圆？人有悲欢离合，月有阴晴圆缺，此事古难全。但愿人长久，千里共婵娟<婵娟：美好的形态，这里指月亮。>。', '此词作于神宗熙宁九年（1076）。当时，苏轼为避开汴京的政治风波而在密州做官，其唯一的亲人弟弟子由则远在齐州任掌书记。中秋之夜，处在政治上失意及与亲人离别之中的苏轼，不免有感于怀，故作此词。', 'indent', 0, '2013-03-05 21:49:43', 2, 10001, '2014-07-23 19:52:42', NULL, NULL),
(10151, '题西林壁', '', '横看成岭侧成峰，远近高低各不同。\r\n\r\n不识庐山真面目，只缘身在此山中。', '', 'center', 0, '2013-03-05 21:53:12', 1, 10001, '2014-07-23 19:52:42', NULL, NULL),
(10152, '和子由渑池怀旧', '', '人生到处知何似，应似飞鸿踏雪泥。\r\n\r\n泥上偶然留指爪，鸿飞那复计东西。\r\n\r\n老僧已死成新塔，坏壁无由见旧题。\r\n\r\n往日崎岖还记否，路长人困蹇驴嘶。', '', 'center', 0, '2013-03-05 21:55:14', 1, 10001, '2014-07-23 19:52:42', NULL, NULL),
(10153, '儋耳', '', '霹雳收威暮雨开，独凭栏槛倚崔嵬。\r\n\r\n垂天雌霓云端下，快意雄风海上来。\r\n\r\n野老已歌丰岁语，除书欲放逐臣回。\r\n\r\n残年饱饭东坡老，一壑能专万事灰。', '儋耳即今海南儋县。1093年（元祐八年）宋哲宗亲政，重新起用新党。1094年（绍圣元年），苏轼以讥刺先朝的罪名贬官惠州（州治在今广东惠阳），1097年（绍圣四年）再贬儋耳。1100年（元符三年）正月宋哲宗去世，宋徽宗继位，政局在短时间内发生了有利于元祐党人的变化，已死的追复原官，未死的逐渐内迁。六十五岁高龄的苏轼于五月内迁廉州（州治在今广西合浦），《儋耳》诗即作于此时。这首诗表现了他初得诏书时的欣喜之情，抒发了风烛残年、万念俱冷的深沉感慨。', 'center', 1, '2013-03-05 21:55:51', 1, 10001, '2014-08-18 15:48:04', NULL, NULL),
(10154, '定风波', '三月七日沙湖道中遇雨。雨具先去，同行皆狼狈，余独不觉。已而遂晴，故作此词。', '莫听穿林打叶声，何妨吟啸且徐行。竹杖芒鞋轻胜马<芒鞋：草鞋。>，谁怕？一蓑烟雨任平生。%料峭春风吹酒醒<料峭：形容微寒。>，微冷，山头斜照却相迎。回首向来萧瑟处，归去，也无风雨也无晴。', '沙湖位于黄州东面，此词描写作者在湖边行走时遇雨的情景。', 'indent', 0, '2013-03-05 22:00:07', 2, 10001, '2014-07-23 19:52:42', NULL, NULL),
(10155, '侠客行', '', '赵客缦胡缨，吴钩霜雪明。\r\n\r\n银鞍照白马，飒沓如流星。 \r\n\r\n十步杀一人，千里不留行。\r\n\r\n事了拂衣去，深藏身与名。 \r\n\r\n闲过信陵饮，脱剑膝前横。\r\n\r\n将炙啖朱亥，持觞劝侯嬴。 \r\n\r\n三杯吐然诺，五岳倒为轻。\r\n\r\n眼花耳热后，意气素霓生。 \r\n\r\n救赵挥金槌，邯郸先震惊。\r\n\r\n千秋二壮士，煊赫大梁城。\r\n\r\n纵死侠骨香，不惭世上英。\r\n\r\n谁能书閤下，白首太玄经。', '《侠客行》是唐代伟大诗人李白创作的一首描写和歌颂侠客的古体五言诗。此诗前四句从侠客的装束、兵刃、坐骑描写侠客的外貌；第二个四句写侠客高超的武术和淡泊名利的行藏；第三个四句引入信陵君和侯嬴、朱亥的故事来进一步歌颂侠客，同时也委婉地表达了自己的抱负，侠客得以结识明主，明主借助侠客的勇武谋略去成就一番事业，侠客也就功成名就了；最后四句表示，即使侠客的行动没有达到目的，但侠客的骨气依然流芳后世，并不逊色于那些功成名就的英雄，写史的人应该为他们也写上一笔。全诗抒发了他对侠客的倾慕，对拯危济难、用世立功生活的向往。', 'center', 1, '2013-03-05 22:07:39', 1, 10041, '2014-08-20 16:22:18', '', ''),
(10156, '静夜思', '', '床前明月光，疑是地上霜。\r\n\r\n举头望明月，低头思故乡。', '', 'center', 0, '2013-03-05 22:47:33', 1, 10041, '2014-07-23 19:52:42', NULL, NULL),
(10170, '南乡子', '', '细雨湿流光，芳草年年与恨长。烟锁凤楼无限事，茫茫，鸾镜鸳衾两断肠。%魂梦任悠扬，睡起杨花满绣床。薄幸不来门半掩，斜阳，负你残春泪几行。', '', 'indent', 0, '2013-03-06 16:58:22', 2, 10045, '2014-07-23 19:52:42', NULL, NULL),
(10171, '谒金门', '', '风乍起，吹皱一池春水。闲引鸳鸯香径里，手挼红杏蕊。%斗鸭阑干独倚，碧玉搔头斜坠。终日望君君不至，举头闻鹊喜。', '', 'indent', 0, '2013-03-06 16:59:50', 2, 10045, '2014-07-23 19:52:42', NULL, NULL),
(10172, '陋室铭', '', '山不在高，有仙则名。水不在深，有龙则灵。斯是陋室，惟吾德馨。苔痕上阶绿，草色入帘青。谈笑有鸿儒，往来无白丁。可以调素琴，阅金经。无丝竹之乱耳，无案牍之劳形。南阳诸葛庐，西蜀子云亭。孔子云：“何陋之有？”', '', 'indent', 0, '2013-03-06 19:27:56', 5, 10047, '2014-07-23 19:52:42', NULL, NULL),
(10173, '乌衣巷', '', '朱雀桥边野草花，乌衣巷口夕阳斜。\r\n\r\n旧时王谢堂前燕，飞入寻常百姓家。', '', 'center', 0, '2013-03-06 19:35:02', 1, 10047, '2014-07-23 19:52:42', NULL, NULL),
(10174, '西塞山怀古', '', '王濬楼船下益州，金陵王气黯然收。\r\n\r\n千寻铁锁沉江底，一片降幡出石头。\r\n\r\n人世几回伤往事，山形依旧枕寒流。\r\n\r\n今逢四海为家日，故垒萧萧芦荻秋。', '', 'center', 0, '2013-03-06 19:36:41', 1, 10047, '2014-07-23 19:52:42', NULL, NULL),
(10175, '酬乐天扬州初逢席上见赠', '', '巴山楚水凄凉地，二十三年弃置身。\r\n\r\n怀旧空吟闻笛赋，到乡翻似烂柯人。\r\n\r\n沉舟侧畔千帆过，病树前头万木春。\r\n\r\n今日听君歌一曲，暂凭杯酒长精神。', '', 'center', 0, '2013-03-06 19:40:39', 1, 10047, '2014-07-23 19:52:42', NULL, NULL),
(10176, '秋词', '', '自古逢秋悲寂寥，我言秋日胜春朝。\r\n\r\n晴空一鹤排云上，便引诗情到碧霄。', '', 'center', 0, '2013-03-06 19:41:35', 1, 10047, '2014-07-23 19:52:42', NULL, NULL),
(10177, '西江月-平山堂', '', '三过平山堂下，半生弹指声中。十年不见老仙翁，壁上龙蛇飞动。%欲吊文章太守，仍歌杨柳春风。休言万事转头空，未转头时是梦。', '', 'indent', 0, '2013-03-06 19:56:02', 2, 10001, '2014-07-23 19:52:42', NULL, NULL),
(10178, '水调歌头-黄州快哉亭赠张偓佺', '', '落日绣帘卷，亭下水连空。知君为我新作，窗户湿青红<新作：新建。湿青红：指所涂的青油未干。>。长记平山堂上，欹枕江南烟雨，杳杳没孤鸿<欹(qī)：通"倚"，斜倚，斜靠。杳杳(yǎo)：形容幽静深远的样子。>。认得醉翁语，山色有无中<醉翁语：指欧阳修《朝中措》词：“平上阑槛倚晴空，山色有无中。”>。%一千顷，都镜净，倒碧峰。忽然浪起，掀舞一叶白头翁。堪笑兰台公子，未解庄生天籁<兰台公子：指宋玉。庄生天籁：庄子将声音分为人籁、天籁、地籁，天籁是指自然界发出的声音，这里指风声。>，刚道有雌雄<刚到：硬说。雌雄：宋玉在《风赋》中说同样一阵风，吹在楚王身上感到“快哉”，而吹在老百姓身上就感到忧伤了。因此他将风分为雄风与雌风，雄风为大王之风，雌风为庶民之风。>。一点浩然气，千里快哉风<“一点”二句：胸中有了浩然之气，自然能够享受到快哉之风>。', '苏轼被贬黄州期间，结识同被谪放黄州的张怀民。元丰六年（1083）十一月，张怀民在其新居西南筑亭，以观览长江胜景，苏轼为其取名为“快哉亭”，并赠其这首《水调歌头》。\r\n\r\n全词把写景、抒情和议论熔为一炉，表现作者身处逆境却泰然处之、大气凛然的精神世界，在艺术构思和结构上，具有波澜起伏、跌宕多姿、大开大合、大起大落的特点，充分体现了苏词雄奇奔放的风格。', 'indent', 1, '2013-03-06 20:01:54', 2, 10001, '2014-08-20 22:39:46', '', ''),
(10180, '扬州慢', '淳熙丙申正日，予过维扬。夜雪初霁，荠麦弥望。入其城则四壁萧条，寒水自碧，暮色渐起，戍角悲吟。予怀怆然，感慨今昔，因自度此曲。千岩老人以为有《黍离》之悲也。', '淮左名都，竹西佳处，解鞍少驻初程。过春风十里，尽荠麦青青。自胡马窥江去后，废池乔木，犹厌言兵。渐黄昏、清角吹寒，都在空城。%杜郎俊赏，算而今，重到须惊。纵豆蔻词工，青楼梦好，难赋深情。二十四桥仍在，波心荡，冷月无声。念桥边红药，年年知为谁生？', '', 'indent', 0, '2013-03-06 20:23:37', 2, 10049, '2014-07-23 19:52:42', NULL, NULL),
(10181, '蝶恋花-春景', '', '花褪残红青杏小。燕子飞时，绿水人家绕。枝上柳绵吹又少，天涯何处无芳草！%墙里秋千墙外道。墙外行人，墙里佳人笑。笑渐不闻声渐悄，多情却被无情恼。', '此词是由北宋时期著名文学家苏轼任密州（今山东诸城）太守时所作。上片写春，触目红花纷谢，柳绵日少，青杏初结，普天芳草，充满了繁华易逝，“落花流水春去也”之意。下片写伤情，借“多情却被无情恼”的意象，寓有对朝廷一片痴心却被贬官远谪的惆怅，表达出作者仕途坎坷、飘泊天涯的失落心情。', 'indent', 1, '2013-03-06 20:29:16', 2, 10001, '2014-08-18 12:56:55', NULL, NULL),
(10182, '生查子-元夕', '', '去年元夜时<元夜：又称"元夕"，指农历正月十五夜，也称上元节。自唐代元夜张灯，故又称“灯节”。>，花市灯如昼<花市：指元夜花灯照耀的灯市。>。月上柳梢头，人约黄昏后。%今年元夜时，月与灯依旧。不见去年人，泪湿春衫袖。​', '这是首相思词，写去年与情人相会的甜蜜与今日不见情人的痛苦，明白如话，饶有韵味。词的上阕写“去年元夜”的事情，花市的灯像白天一样亮，不但是观灯赏月的好时节，也给恋爱的青年男女以良好的时机，在灯火阑珊处秘密相会。“月到柳梢头，人约黄昏后”二句言有尽而意无穷，柔情密意溢于言表。下阕写“今年元夜”的情景。“月与灯依旧”，虽然只举月与灯，实际应包括二三句的花和柳，是说闹市佳节良宵与去年一样，景物依旧。下一句“不见去年人”、“泪湿春衫袖”，表情极明显，一个“湿”字，将物是人非，旧情难续的感伤表现得淋漓尽致。', 'indent', 1, '2013-03-06 20:31:03', 2, 10018, '2014-08-20 22:41:02', '', ''),
(10183, '题菊花', '', '飒飒西风满院栽，蕊寒香冷蝶难来。\r\n\r\n他年我若为青帝，报与桃花一处开。', '《题菊花》是唐末农民起义领袖黄巢创作的一首诗，载于《全唐诗》卷七百三十三。此诗采用比兴手法，托物言志，抒发了作者力图主宰社会的豪迈思想。其不同凡响之处在于它展开了充满浪漫主义激情的大胆想象：一旦自己成为青帝（春神）就要让菊花与桃花在大好春光中开放，让菊花也同样享受到蕊暖香浓蜂蝶绕丛的欢乐。这种对不公正“天道”的大胆否定和对理想中的美好世界的热烈憧憬，集中地反映出诗人超越封建文人价值观念的远见卓识和勇于掌握、改变自身命运的雄伟胆略。', 'center', 1, '2013-03-06 20:40:05', 1, 10050, '2014-08-18 15:28:59', NULL, NULL),
(10184, '不第后赋菊', '', '待到秋来九月八，我花开后百花杀。\r\n\r\n冲天香阵透长安，满城尽带黄金甲。', '《不第后赋菊》是唐末农民起义领袖黄巢所作的咏物诗。此诗运用比喻的手法，赋予菊花以英雄风貌与高洁品格，把菊花作为广大被压迫人民的象征，以百花喻指反动腐朽的封建统治集团，形象地显示了农民革命领袖果决坚定的精神风貌。全诗辞采壮伟，设喻新颖，想象奇特，意境瑰丽，气魄雄伟。', 'center', 1, '2013-03-06 20:41:03', 1, 10050, '2014-08-18 15:28:35', NULL, NULL),
(10185, '出塞', '', '秦时明月汉时关，万里长征人未还。\r\n\r\n但使龙城飞将在，不教胡马度阴山。', '', 'center', 0, '2013-03-06 20:46:40', 1, 10051, '2014-07-23 19:52:42', NULL, NULL),
(10186, '从军行', '', '青海长云暗雪山，孤城遥望玉门关。\r\n\r\n黄沙百战穿金甲，不破楼兰终不还。', '', 'center', 0, '2013-03-06 20:47:13', 1, 10051, '2014-07-23 19:52:42', NULL, NULL),
(10187, '刹那芳华曲', '', '朝露昙花，咫尺天涯，人道是黄河十曲，毕竟东流去。八千年玉老，一夜枯荣，问苍天此生何必？%昨夜风吹处，落英听谁细数。九万里苍穹，御风弄影，谁人与共？千秋北斗，瑶宫寒苦，不若神仙眷侣，百年江湖。', '', 'indent', 0, '2013-03-06 21:10:25', 2, 10052, '2014-07-23 19:52:42', NULL, NULL),
(10188, '天睿灵韵曲', '', '月冷千山，寒江自碧，只影向谁去？万丈冰崖，雪莲花落，片片如星雨。听谁，露咽箫管，十指苔生<生苔：长出了苔藓，此处指很久都没有拿起那只萧。>，寥落吹新曲。%人影肥瘦，玉蟾圆缺，昆仑千秋雪。斜斟北斗，细饮银河<斜斟二句：面对闪亮北斗，浩瀚银河，举起酒杯自斟自饮。引自张孝祥《念奴娇·过洞庭》：“尽吸西江，细斟北斗”。>，共我醉明月。奈何一夜春风，心如桑叶<心如桑叶：心事像桑叶般涌动。>，又是花开时节。', '出自现代玄幻小说作家树下野狐作品 《搜神记》的第十六卷-瑶池会，第一章-昨夜星辰。拓拔野在瑶池会上与姑射仙子相遇，以珊瑚笛吹奏一曲，姑射名之为“天睿灵韵曲”，并为其作词。', 'indent', 0, '2013-03-06 21:14:11', 4, 10052, '2014-08-20 22:42:02', '', ''),
(10189, '芙蓉楼送辛渐', '', '寒雨连江夜入吴，平明送客楚山孤。\r\n\r\n洛阳亲友如相问，一片冰心在玉壶。', '', 'center', 0, '2013-03-06 21:16:30', 1, 10051, '2014-07-23 19:52:42', NULL, NULL),
(10190, '闺怨', '', '闺中少妇不知愁，春日凝妆上翠楼。\r\n\r\n忽见陌头杨柳色，悔教夫婿觅封侯。', '', 'center', 0, '2013-03-06 21:17:17', 1, 10051, '2014-07-23 19:52:42', NULL, NULL),
(10191, '渔歌子', '', '西塞山前白鹭飞，桃花流水鳜鱼肥。%青箬笠，绿蓑衣，斜风细雨不须归。', '', 'indent', 0, '2013-03-06 21:22:22', 2, 10053, '2014-07-23 19:52:42', NULL, NULL),
(10192, '念奴娇-过洞庭', '', '洞庭青草，近中秋、更无一点风色。玉鉴琼田三万顷，著我扁舟一叶<着：附着。>。素月分辉，明河共影，表里俱澄澈。悠然心会，妙处难与君说。%应念岭表经年<岭表：岭外，即五岭以南的两广地区，作者此前为官广西。岭表一作“岭海”。>，孤光自照，肝胆皆冰雪。短发萧疏襟袖冷<萧骚：稀疏。萧骚一作“萧疏”。襟袖冷：形容衣衫单薄。>，稳泛沧浪空阔。尽挹西江<挹：舀。挹一作“吸”。西江：长江连通洞庭湖，中上游在洞庭以西，故称西江。>，细斟北斗，万象为宾客。扣舷独啸，不知今夕何夕。 　', '此词是南宋文学家张孝祥泛舟洞庭湖时即景抒怀之作，借洞庭夜月之景，抒发了作者的高洁忠贞和豪迈气概，同时隐隐透露出作者被贬谪的悲凉。此词意象鲜明，意境深邃，结构严谨，想象瑰丽，真正做到了“宠辱不惊，闲看庭前花开花落；去留无意，漫观天外云舒云卷”，是首表现浩然正气的绝妙好词。', 'indent', 1, '2013-03-06 21:30:29', 2, 10054, '2014-08-20 14:22:21', '', ''),
(10193, '渔家傲-反第一次大“围剿”', '', '万木霜天红烂漫，天兵怒气冲霄汉。雾满龙冈千嶂暗，齐声唤，前头捉了张辉瓒。%二十万军重入赣，风烟滚滚来天半。唤起工农千百万，同心干，不周山下红旗乱。', '', 'indent', 0, '2013-03-06 21:32:10', 2, 10025, '2014-07-23 19:52:42', NULL, NULL),
(10194, '小石潭记', '', '从小丘西行百二十步，隔篁竹，闻水声，如鸣佩环，心乐之。伐竹取道，下见小潭，水尤清冽。全石以为底，近岸，卷石底以出，为坻，为屿，为嵁，为岩。青树翠蔓，蒙络摇缀，参差披拂。\r\n\r\n潭中鱼可百许头，皆若空游无所依。日光下澈，影布石上，怡然不动，倏尔远逝，往来翕忽，似与游者相乐。\r\n\r\n潭西南而望，斗折蛇行，明灭可见。其岸势犬牙差互，不可知其源。\r\n\r\n坐潭上，四面竹树环合，寂寥无人，凄神寒骨，悄怆幽邃。以其境过清，不可久居，乃记之而去。\r\n\r\n同游者：吴武陵，龚古，余弟宗玄。隶而从者，崔氏二小生：曰恕己，曰奉壹。', '', 'indent', 0, '2013-03-06 21:46:01', 5, 10055, '2014-07-23 19:52:42', NULL, NULL),
(10195, '渔翁', '', '渔翁夜傍西岩宿，晓汲清湘燃楚竹。\r\n\r\n烟销日出不见人，欸乃一声山水绿。\r\n\r\n回看天际下中流，岩上无心云相逐。', '', 'center', 0, '2013-03-06 21:50:19', 1, 10055, '2014-07-23 19:52:42', NULL, NULL),
(10196, '江雪', '', '千山鸟飞绝，万径人踪灭。\r\n\r\n孤舟蓑笠翁，独钓寒江雪。', '', 'center', 0, '2013-03-06 21:50:51', 1, 10055, '2014-07-23 19:52:42', NULL, NULL),
(10197, '始得西山宴游记', '', '自余为僇人，居是州，恒惴栗。其隙也，则施施而行，漫漫而游，日与其徒上高山，入深林，穷回溪，幽泉怪石，无远不到。到则披草而坐，倾壶而醉；醉则更相枕以卧，卧而梦，意有所极，梦亦同趣；觉而起，起而归；以为凡是州之山水有异态者，皆我有也，而未始知西山之怪特。\r\n\r\n今年九月二十八日，因坐法华西亭，望西山，始指异之。遂命仆人过湘江，缘染溪，斫榛莽，焚茅茷，穷山之高而止。攀援而登，箕踞而遨，则凡数州之土壤，皆在衽席之下。其高下之势，岈然洼然，若垤若穴，尺寸千里，攒蹙累积，莫得遁隐。萦青缭白，外与天际，四望如一。然后知是山之特立，不与培塿为类。悠悠乎与颢气俱，而莫得其涯；洋洋乎与造物者游，而不知其所穷。引觞满酌，颓然就醉，不知日之入。苍然暮色，自远而至，至无所见而犹不欲归。心凝形释，与万化冥合。然后知吾向之未始游，游于是乎始。故为之文以志。\r\n\r\n是岁元和四年也。', '柳宗元因参加王叔文革新运动，于唐宪宗元和元年（806年）被贬到永州担任司马。到永州后，其母病故，王叔文被处死，他自己也不断受到统治者的诽谤和攻击，心情压抑。永州山水幽奇雄险，许多地方还鲜为人知。柳宗元在这漫长的戴罪期间，便到处游览，搜奇探胜，借以开拓胸襟，得到精神上的慰藉。《永州八记》就是这种心态之下的游历结晶。此文为《永州八记》的第一篇，记叙了作者发现和宴游西山的经过，描写了西山的怪特，抒发了对怀才不遇愤懑和现实丑恶的无奈之情。', 'indent', 1, '2013-03-06 21:56:22', 5, 10055, '2014-08-18 15:25:12', NULL, NULL),
(10202, '道德经-第四十一', '', '上士闻道，勤而行之；中士闻道，若存若亡；下士闻道，大笑之。不笑不足以为道。故建言有之：明道若昧；进道若退；夷道若颣；上德若谷；广德若不足；建德若偷；质真若渝；大白若辱；大方无隅；大器晚成；大音希声；大象无形；道隐无名。夫唯道，善贷且成。', '', 'indent', 0, '2013-03-07 00:32:39', 5, 10006, '2014-07-23 19:52:42', NULL, NULL),
(10208, '梦游天姥吟留别', '', '海客谈瀛洲，烟涛微茫信难求。越人语天姥，云霓明灭或可睹。天姥连天向天横，势拔五岳掩赤城。天台四万八千丈，对此欲倒东南倾。\r\n\r\n我欲因之梦吴越，一夜飞度镜湖月。湖月照我影，送我至剡溪。谢公宿处今尚在，绿水荡漾清猿啼，脚著谢公屐，身登青云梯。半壁见海日，空中闻天鸡。千岩万转路不定，迷花倚石忽已暝。熊咆龙吟殷岩泉，栗深林兮惊层巅。云青青兮欲雨，水澹澹兮生烟。列缺霹雳，丘峦崩摧。洞天石扇，訇然中开。青冥浩荡不见底，日月照耀金银台。霓为衣兮风为马，云之君兮纷纷而来下。虎鼓瑟兮鸾回车，仙之人兮列如麻。忽魂悸以魄动，恍惊起而长嗟。惟觉时之枕席，失向来之烟霞。\r\n\r\n世间行乐亦如此，古来万事东流水。别君去兮何时还？且放白鹿青崖间，须行即骑访名山。安能摧眉折腰事权贵，使我不得开心颜！', '', 'indent', 0, '2013-03-07 14:42:10', 1, 10041, '2014-07-23 19:52:42', NULL, NULL),
(10209, '月下独酌', '', '花间一壶酒，独酌无相亲。\r\n\r\n举杯邀明月，对影成三人。\r\n\r\n月既不解饮，影徒随我身。\r\n\r\n暂伴月将影，行乐须及春。\r\n\r\n我歌月徘徊，我舞影零乱。\r\n\r\n醒时相交欢，醉后各分散。\r\n\r\n永结无情游，相期邈云汉。', '', 'center', 0, '2013-03-07 14:46:16', 1, 10041, '2014-07-23 19:52:42', NULL, NULL),
(10210, '早发白帝城', '', '朝辞白帝彩云间，千里江陵一日还。\r\n\r\n两岸猿声啼不住，轻舟已过万重山。​', '', 'center', 0, '2013-03-07 14:46:44', 1, 10041, '2014-07-23 19:52:42', NULL, NULL),
(10211, '长干行', '', '妾发初覆额，折花门前剧。\r\n\r\n郎骑竹马来，绕床弄青梅。\r\n\r\n同居长干里，两小无嫌猜。\r\n\r\n十四为君妇，羞颜未尝开。\r\n\r\n低头向暗壁，千唤不一回。\r\n\r\n十五始展眉，愿同尘与灰。\r\n\r\n常存抱柱信，岂上望夫台。\r\n\r\n十六君远行，瞿塘滟滪堆。\r\n\r\n五月不可触，猿声天上哀。\r\n\r\n门前迟行迹，一一生绿苔。\r\n\r\n苔深不能扫，落叶秋风早。\r\n\r\n八月蝴蝶黄，双飞西园草。\r\n\r\n感此伤妾心，坐愁红颜老。\r\n\r\n早晚下三巴，预将书报家。\r\n\r\n相迎不道远，直至长风沙。', '', 'center', 0, '2013-03-07 14:49:57', 1, 10041, '2014-07-23 19:52:42', NULL, NULL),
(10212, '独坐敬亭山', '', '众鸟高飞尽，孤云独去闲。\r\n\r\n相看两不厌，只有敬亭山。', '', 'center', 0, '2013-03-07 14:51:31', 1, 10041, '2014-07-23 19:52:42', NULL, NULL),
(10213, '宣州谢朓楼饯别校书叔云', '', '弃我去者，昨日之日不可留。\r\n\r\n乱我心者，今日之日多烦忧。\r\n\r\n长风万里送秋雁，对此可以酣高楼。\r\n\r\n蓬莱文章建安骨，中间小谢又清发。\r\n\r\n俱怀逸兴壮思飞，欲上青天揽明月。\r\n\r\n抽刀断水水更流，举杯销愁愁更愁。\r\n\r\n人生在世不称意，明朝散发弄扁舟。', '', 'center', 0, '2013-03-07 14:53:27', 1, 10041, '2014-07-23 19:52:42', NULL, NULL),
(10214, '将进酒', '', '君不见黄河之水天上来，奔流到海不复回。\r\n\r\n君不见高堂明镜悲白发，朝如青丝暮成雪。\r\n\r\n人生得意须尽欢，莫使金樽空对月。\r\n\r\n天生我材必有用，千金散尽还复来。\r\n\r\n烹羊宰牛且为乐，会须一饮三百杯。\r\n\r\n岑夫子，丹丘生，将进酒，君莫停。\r\n\r\n与君歌一曲，请君为我倾耳听。\r\n\r\n钟鼓馔玉不足贵，但愿长醉不复醒。\r\n\r\n古来圣贤皆寂寞，惟有饮者留其名。\r\n\r\n陈王昔时宴平乐，斗酒十千恣欢谑。\r\n\r\n主人何为言少钱，径须沽取对君酌。\r\n\r\n五花马，千金裘，呼儿将出换美酒，与尔同销万古愁。', '', 'center', 0, '2013-03-07 15:06:59', 1, 10041, '2014-07-23 19:52:42', NULL, NULL),
(10215, '永遇乐-京口北固亭怀古', '', '千古江山，英雄无觅，孙仲谋处。舞榭歌台，风流总被、雨打风吹去。斜阳草树，寻常巷陌，人道寄奴曾住。想当年、金戈铁马，气吞万里如虎。%元嘉草草，封狼居胥，赢得仓皇北顾。四十三年，望中犹记、烽火扬州路。可堪回首，佛狸祠下，一片神鸦社鼓。凭谁问，廉颇老矣，尚能饭否？', '', 'indent', 0, '2013-03-07 15:09:11', 2, 10003, '2014-07-23 19:52:42', NULL, NULL),
(10216, '蜀道难', '', '噫吁嚱，危呼高哉！蜀道之难难于上青天。蚕丛及鱼凫，开国何茫然。尔来四万八千岁，始与秦塞通人烟。西当太白有鸟道，可以横绝峨嵋巅。地崩山摧壮士死，然后天梯石栈相钩连。上有六龙回日之高标，下有冲波逆折之回川。黄鹤之飞尚不得，猿猱欲度愁攀缘。青泥何盘盘，百步九折萦岩峦。扪参历井仰胁息，以手抚膺坐长叹。\r\n\r\n问君西游何时还，畏途躔岩不可攀。但见悲鸟号古木，雄飞雌从绕林间。又闻子规啼夜月，愁空山。蜀道之难难于上青天，使人听此凋朱颜。连峰去天不盈尺，枯松倒挂倚绝壁。飞湍瀑流争喧豗，砯崖转石万壑雷。其险也若此，嗟尔远道之人，胡为呼来哉。\r\n\r\n剑阁峥嵘而崔嵬，一夫当关，万夫莫开。所守或匪亲，化为狼与豺。朝避猛虎，夕避长蛇。磨牙吮血，杀人如麻。锦城虽云乐，不如早还家。蜀道之难难于上青天，侧身西望长咨嗟。', '', 'indent', 0, '2013-03-07 15:26:41', 1, 10041, '2014-07-23 19:52:42', NULL, NULL),
(10217, '下终南山过斛斯山人宿置酒', '', '暮从碧山下，山月随人归。\r\n\r\n却顾所来径，苍苍横翠微。\r\n\r\n相携及田家，童稚开荆扉。\r\n\r\n绿竹入幽径，青萝拂行衣。\r\n\r\n欢言得所憩，美酒聊共挥。\r\n\r\n长歌吟松风，曲尽河星稀。\r\n\r\n我醉君复乐，陶然共忘机。', '', 'center', 0, '2013-03-07 15:27:45', 1, 10041, '2014-07-23 19:52:42', NULL, NULL),
(10218, '听蜀僧濬弹琴', '', '蜀僧抱绿绮，西下峨嵋峰。\r\n\r\n为我一挥手，如听万壑松。\r\n\r\n客心洗流水，余响入霜钟。\r\n\r\n不觉碧山暮，秋云暗几重。', '此诗写听蜀地一位和尚弹琴技艺之高妙，极写琴声之入神。首联写和尚来自故乡四川，表达对他的倾慕；颔联写弹琴，以大自然的万壑松涛声作比，令人感到琴声之不凡；颈联写琴声荡涤胸怀，使人心旷神怡，回味无穷；尾联写聚精会神听琴，而不知时日将尽，反衬琴声之高妙诱人。全诗一气呵成，势如行云流水，明快畅达，风韵健爽，在赞美琴声美妙的同时，也寓有知音的感慨和对故乡的眷恋。', 'center', 1, '2013-03-07 15:28:29', 1, 10041, '2014-08-20 14:23:08', '', ''),
(10219, '登金陵凤凰台', '', '凤凰台上凤凰游，凤去台空江自流。\r\n\r\n吴宫花草埋幽径，晋代衣冠成古丘。\r\n\r\n三山半落青天外，二水中分白鹭洲。\r\n\r\n总为浮云能蔽日，长安不见使人愁。', '', 'center', 0, '2013-03-07 15:29:33', 1, 10041, '2014-07-23 19:52:42', NULL, NULL),
(10220, '临江仙', '', '滚滚长江东逝水，浪花淘尽英雄<淘尽：荡涤一空。>。是非成败转头空。青山依旧在，几度夕阳红。%白发渔樵江渚上<渔樵：渔父和樵夫。渚：水中的的小块陆地。>，惯看秋月春风。一壶浊酒喜相逢。古今多少事，都付笑谈中。', '此词是明代文学家杨慎所作《廿一史弹词》第三段《说秦汉》的开场词，后毛宗岗父子评刻《三国演义》时将其放在卷首。央视版电视剧《三国演义》将其作为主题歌歌词。\r\n\r\n从全词看，基调慷慨悲壮，意味无穷，令人读来荡气回肠，不由得在心头平添万千感慨。在让读者感受苍凉悲壮的同时，这首词又营造出一种淡泊宁静的气氛，并且折射出高远的意境和深邃的人生哲理。作者试图在历史长河的奔腾与沉淀中探索永恒的价值，在成败得失之间寻找深刻的人生哲理，有历史兴衰之感，更有人生沉浮之慨，体现出一种高洁的情操、旷达的胸怀。', 'indent', 1, '2013-03-07 15:33:36', 2, 10059, '2014-08-20 22:47:21', '', '');
INSERT INTO `work` (`id`, `title`, `foreword`, `content`, `intro`, `layout`, `highlight`, `create_time`, `type_id`, `author_id`, `updated_at`, `mobile_content`, `mobile_title`) VALUES
(10221, '草', '', '离离原上草，一岁一枯荣。\r\n\r\n野火烧不尽，春风吹又生。\r\n\r\n远芳侵古道，晴翠接荒城。\r\n\r\n又送王孙去，萋萋满别情。', '', 'center', 0, '2013-03-07 15:39:03', 1, 10005, '2014-07-23 19:52:42', NULL, NULL),
(10222, '破阵子-为陈同甫赋壮词以寄', '', '醉里挑灯看剑，梦回吹角连营。八百里分麾下炙，五十弦翻塞外声，沙场秋点兵。%马作的卢飞快，弓如霹雳弦惊。了却君王天下事，赢得生前身后名，可怜白发生！', '', 'indent', 0, '2013-03-07 15:42:58', 2, 10003, '2014-07-23 19:52:42', NULL, NULL),
(10223, '雨霖铃', '', '寒蝉凄切，对长亭晚，骤雨初歇。都门帐饮无绪，留恋处，兰舟催发。执手相看泪眼，竟无语凝噎。念去去，千里烟波，暮霭沉沉楚天阔。%多情自古伤离别，更那堪冷落清秋节。今宵酒醒何处？杨柳岸，晓风残月。此去经年，应是良辰好景虚设。便纵有千种风情，更与何人说？', '', 'indent', 0, '2013-03-07 15:45:37', 2, 10060, '2014-07-23 19:52:42', NULL, NULL),
(10224, '凤栖梧', '', '伫倚危楼风细细，望极春愁，黯黯生天际。草色烟光残照里，无言谁会凭阑意。%拟把疏狂图一醉，对酒当歌，强乐还无味。衣带渐宽终不悔，为伊消得人憔悴。', '', 'indent', 0, '2013-03-07 15:46:54', 2, 10060, '2014-07-23 19:52:42', NULL, NULL),
(10225, '八声甘州', '', '对潇潇暮雨洒江天，一番洗清秋。渐霜风凄紧，关河冷落，残照当楼。是处红衰翠减，苒苒物华休。惟有长江水，无语东流。%不忍登高临远，望故乡渺邈，归思难收。\r\n叹年来踪迹，何事苦淹留。想佳人、妆楼颙望，误几回、天际识归舟。争知我、倚阑干处，正恁凝愁。', '', 'indent', 0, '2013-03-07 15:48:35', 2, 10060, '2014-07-23 19:52:42', NULL, NULL),
(10226, '八声甘州', '夜读《李广传》，不能寐。因念晁楚老、杨民瞻约同居山间，戏用李广事，赋以寄之。', '故将军饮罢夜归来，长亭解雕鞍。恨灞陵醉尉，匆匆未识，桃李无言。射虎山横一骑，裂石响惊弦。落魄封侯事，岁晚田园。%谁向桑麻杜曲，要短衣匹马，移住南山？看风流慷慨，谈笑过残年。汉开边、功名万里，甚当时健者也曾闲？纱窗外、斜风细雨，一阵轻寒。', '汉“飞将军”李广的故事广为人知，在古代诗文中也多所咏及。辛弃疾的这首《八声甘州》，便是其中的名篇。辛弃疾二十三岁即起兵抗金，南归以后亦所至多有建树。但因为人刚正不阿，敢于抨击邪恶势力，遭到朝中奸臣的忌恨，不仅未能实现恢复中原的理想，且被诬以种种罪名，在壮盛之年削除了官职。他的这种遭遇，极似汉时名将李广。这首词即借李广功高反黜的不平遭遇，抒发作者遭谗被废的悲愤心情。辛弃疾在题语说“夜读《李广传》，不能寐”，可见他当时的情绪是非常激动的。\r\n\r\n此词隐括了不少前人的诗文，但决不是简单地照搬古人语句，而是在隐括前人辞句时加进了生动的想象，融入了深厚的情感。如上阕写霸陵呵夜事，加进“长亭解雕鞍”的想象，便觉情景逼真；写出猎射虎事，加进“裂石响惊弦”的想象，更觉形神飞动。下阕“汉开边、功名万里，甚当时、健者也曾闲”一问，气劲辞婉，几经顿挫才把意思说完，情真意切，充满了无限悲愤。', 'indent', 1, '2013-03-07 16:03:54', 2, 10003, '2014-08-20 14:26:09', '', ''),
(10227, '丑奴儿-书博山道中壁', '', '少年不识愁滋味，爱上层楼。爱上层楼，为赋新词强说愁。%而今识尽愁滋味，欲说还休。欲说还休，却道天凉好个秋！', '', 'indent', 0, '2013-03-07 16:07:59', 2, 10003, '2014-07-23 19:52:42', NULL, NULL),
(10228, '摸鱼儿', '淳熙己亥，自湖北漕移湖南，同官王正之置酒小山亭，为赋。', '更能消、几番风雨，匆匆春又归去。惜春长恨花开早，何况落红无数。春且住，见说道、天涯芳草无归路。怨春不语。算只有、殷勤画檐蛛网，尽日惹飞絮。%长门事，准拟佳期又误。蛾眉曾有人妒，千金纵买相如赋，脉脉此情谁诉？君莫舞，君不见、玉环飞燕皆尘土！闲愁最苦，休去倚危栏，斜阳正在，烟柳断肠处。', '', 'indent', 0, '2013-03-07 16:09:55', 2, 10003, '2014-07-23 19:52:42', NULL, NULL),
(10229, '行路难', '', '金樽清酒斗十千，玉盘珍馐值万钱。 \r\n\r\n停杯投箸不能食，拔剑四顾心茫然。 \r\n\r\n欲度黄河冰塞川，将登太行雪满山。 \r\n\r\n闲来垂钓碧溪上，忽复乘舟梦日边。 \r\n\r\n行路难，行路难，多歧路，今安在？ \r\n\r\n长风破浪会有时，直挂云帆济沧海！ ', '', 'center', 0, '2013-03-07 16:20:13', 1, 10041, '2014-07-23 19:52:42', NULL, NULL),
(10232, '浮生六记-闲情记趣', '', '余忆童稚时，能张目对日，明察秋毫。盛藐小微物；必细察其纹理，故时有物外之趣。夏蚊成雷，私拟作群鹤舞空，心之所向，则或千或百果然鹤也。昂首观之，项为之强。又留蚊于素帐中，徐喷以烟，使其冲烟飞鸣，作青云白鹤观，果如鹤唳云端，怡然称快。于土墙凹凸处、花台小草丛杂处，常蹲其身，使与台齐，定神细视，以丛草为林，以虫蚁为兽，以土砾凸者为丘，凹者为堑，神游其中，怡然自得。一日，见二虫斗草间，观之正浓，忽有庞然大物拔山倒树而来，盖一癞蛤蟆也，舌一吐而二虫尽为所吞。余年幼方出神，不觉呀然惊恐，神定，捉蛤蟆，鞭数数十，驱之别院。年长思之，二虫之斗，盖图奸不从也，古语云“奸近杀”，虫亦然耶？贪此生涯，卵为蚯蚓所哈（吴俗称阳曰卵），肿不能便，捉鸭开口哈之，婢妪偶释手，鸭颠其颈作吞噬状，惊而大哭，传为语柄。此皆幼时闲情也。\r\n\r\n及长，爱花成癣，喜剪盆树。识张兰坡，始精剪枝养节之法，继悟接花叠石之法。花以兰为最，取其幽香韵致也，而瓣品之稍堪入谱者不可多得。兰坡临终时，赠余荷瓣素心春兰一盆，皆肩平心阔，茎细瓣净，可以入谱者，余珍如拱壁，值余幕游于外，芸能亲为灌溉，花叶颇茂，不二年，一旦忽萎死，起根视之，皆白如玉，且兰芽勃然，初不可解，以为无福消受，浩叹而已，事后始悉有人欲分不允，故用滚汤灌杀也。从此誓不植兰。次取杜鹃，虽无香而色可久玩，且易剪裁。以芸惜枝怜叶，不忍畅剪，故难成树。其他盆玩皆然。\r\n\r\n惟每年篱东菊绽，积兴成癖。喜摘插瓶，不爱盆玩。非盆玩不足观，以家无园圃，不能自植，货于市者，俱丛杂无致，故不取耳。其插花朵，数宜单，不宜双，每瓶取一种不取二色，瓶口取阔大不取窄小，阔大者舒展不拘。自五、七花至三、四十花，必于瓶口中一丛怒起，以不散漫、不挤轧、不靠瓶口为妙，所谓“起把宜紧”也。或亭亭玉立，或飞舞横斜。花取参差，间以花蕊，以免飞钹耍盘之病；况取不乱；梗取不强；用针宜藏，针长宁断之，毋令针针露粳，所谓“瓶口宜清”也。视桌之大小，一桌三瓶至七瓶而止，多则眉目不分，即同市井之菊屏矣。几之高低*自三四寸至二尺五六寸而止，必须参差高下互相照应，以气势联络为上，若中高两低，后高前低，成排对列，又犯俗所谓“锦灰堆”矣。或密或疏，或进或出，全在会心者得画意乃可。\r\n\r\n若盆碗盘洗，用漂青松香榆皮面和油，先熬以稻灰，收成胶，以铜片按钉向上，将膏火化，粘铜片于盘碗盆洗中。俟冷，将花用铁丝扎把，插于钉上，宜偏斜取势不可居中，更宜枝疏叶清，不可拥挤。然后加水，用碗沙少许掩铜片，使观者疑丛花生于碗底方妙。\r\n\r\n若以木本花果插瓶，剪裁之法（不能色色自觅，倩人攀折者每不合意），必先执在手中，横斜以观*势，反侧以取其态；相定之后，剪去杂技，以疏瘦古怪为佳；再思其梗如何入瓶，或折或曲，插入瓶口，方免背叶侧花之患。若一枝到手，先拘定其梗之直者插瓶中，势必枝乱梗强，花侧叶背，既难取态，更无韵致矣。折梗打曲之法，锯其梗之半而嵌以砖石。则直者曲矣，如患梗倒，敲一二钉以菀之。即枫叶竹枝，乱草荆棘，均堪入选。或绿竹一竿配以枸杞数粒，几茎细草伴以荆棘两枝，苟位置得宜，另有世外之趣。若新栽花木，不妨歪斜取势，听其叶侧，一年后枝叶自能向上，如树树直栽，即难取势矣。\r\n\r\n至剪裁盆树，先取根露鸡爪者，左右剪成三节，然后起枝。—枝一节，七枝到顶，或九枝到顶。枝忌对节如肩臂，节忌臃肿如鹤膝；须盘旋出枝，不可光留左右，以避赤胸露背之病；又不可前后直出．有名双起三起者，一根而起两三树也。如根无爪形，便成插树，故不取。然一树剪成，至少得三四十年。余生平仅见吾乡万翁名彩章者，一生剪成数树。又在扬州商家见有虞山游客携送黄杨翠柏各一盆，惜乎明珠暗投，余未见其可也。若留枝盘如宝塔，扎枝曲如蚯蚓者，便成匠气矣。\r\n\r\n点缀盆中花石，小景可以入画，大景可以入神。一瓯清茗，神能趋入其中，方可供幽斋之玩。种水仙无灵壁石，余尝以炭之有石意者代之。黄芽菜心其白如玉，取大小五七枝，用沙土植长方盘内，以炭代石，黑白分明，颇有意思。以此类推，幽趣无穷，难以枚举。如石葛蒲结子，用冷米汤同嚼喷炭上，置阴湿地，能长细菖蒲，随意移养盆碗中，茸茸可爱。以老蓬子磨薄两头，入蛋壳使鸡翼之，俟雏成取出，用久中燕巢泥加天门冬十分之二，搞烂拌匀，植于小器中，灌以河水，晒以朝阳，花发大如酒杯，缩缩如碗口，亭亭可爱。\r\n\r\n若夫园亭楼阁，套室回廊，叠石成山，栽花取势，又在大中见小，小中见大，虚中有实，实中有虚，或藏或露，或浅或深。不仅在“周回曲折”四宇，又不在地广石多徒烦工费。或掘地堆土成山，间以块石，杂以花草，篱用梅编，墙以藤引，则无山而成山矣。大中见小者，散漫处植易长之竹，编易茂之梅以屏之。小中见大者，窄院之墙宜凹凸其形，饰以绿色，引以藤蔓；嵌大石，凿字作碑记形；推窗如临石壁，便觉峻峭无穷。虚中有实者，或山穷水尽处，一折而豁然开朗；或轩阁设厨处，一开而通别院。实中有虚者，开门于不通之院，映以竹石，如有实无也；设矮栏于墙头，如上有月台而实虚也。贫士屋少人多，当仿吾乡太平船后梢之位置，再加转移。其间台级为床，前后借凑，可作三塌，间以板而裱以纸，则前后上下皆越绝，譬之如行长路，即不觉其窄矣。余夫妇乔寓扬州时，曾仿此法，屋仅两椽，上下卧室、厨灶、客座皆越绝而绰然有余。芸曾笑曰：“位置虽精，终非富贵家气象也。”是诚然欤？\r\n\r\n余扫墓山中，检有峦纹可观之石，归与芸商曰：“用油灰叠宣州石于白石盆，取色匀也。本山黄石虽古朴，亦用油灰，则黄白相阅，凿痕毕露，将奈何？”芸曰：“择石之顽劣者，捣末于灰痕处，乘湿糁之，干或色同也。”乃如其言，用宜兴窑长方盆叠起一峰：偏于左而凸于右，背作横方纹，如云林石法，廛岩凹凸，若临江石砚状；虚一角，用河泥种千瓣白萍；石上植茑萝，俗呼云松。经营数日乃成。至深秋，茑萝蔓延满山，如藤萝之悬石壁，花开正红色，白萍亦透水大放，红白相间。神游其中，如登蓬岛。置之檐下与芸品题：此处宜设水阁，此处宜立茅亭，此处宜凿六字曰“落花流水之间”，此可以居，此可以钓，此可以眺。胸中丘壑，若将移居者然。一夕，猫奴争食，自檐而堕，连盆与架顷刻碎之。余叹曰：“即此小经营，尚干造物忌耶！”两人不禁泪落。\r\n\r\n静室焚香，闲中雅趣。芸尝以沉速等香，于饭镢蒸透，在炉上设一铜丝架，离火中寸许，徐徐烘之，其香幽韵而无烟。佛手忌醉鼻嗅，嗅则易烂；木瓜忌出汗，汗出，用水洗之；惟香圆无忌。佛手、木瓜亦有供法，不能笔宣。每有入将供妥者随手取嗅，随手置之，即不知供法者也。\r\n\r\n余闲居，案头瓶花不绝。芸曰：“子之插花能备风晴雨露，可谓精妙入神。而画中有草虫一法，盍仿而效之。”余曰；“虫踯躅不受制，焉能仿效？”芸曰：“有一法，恐作俑罪过耳。”余曰：“试言之。”曰：“虫死色不变，觅螳螂蝉蝶之属，以针刺死，用细丝扣虫项系花草间，整其足，或抱梗，或踏叶，宛然如生，不亦善乎？”余喜，如其法行之，见者无不称绝。求之闺中，今恐未必有此会心者矣。\r\n\r\n余与芸寄届锡山华氏，时华夫人以两女从芸识字。乡居院旷，夏日逼人，劳教其家，作活花屏法甚妙。每屏—扇，用木梢二枝约长四五寸作矮条凳式，虚其中，横四挡，宽一尺许，四角凿圆眼，插竹编方眼，屏约高六七尺，用砂盆种扁豆置屏中，盘延屏上，两人可移动。多编数屏，随意遮拦，恍如绿阴满窗，透风蔽日，纡回曲折，随时可更，故曰活花屏，有此一法，即一切藤本香草随地可用。此真乡居之良法也。\r\n\r\n友人鲁半舫名璋，字春山，善写松拍及梅菊，工隶书，兼工铁笔。余寄居其家之萧爽楼一年有半。楼共五椽，东向，余后其三．晦明风雨，可以远眺。庭中有木犀一株，清香撩人。有廓有厢，地极幽静。移居时，有一仆一妪，并挈其小女来。仆能成衣，妪能纺绩，于是芸绣、妪绩、仆则成衣，以供薪水．余素爱客，小酌必行令。芸善不费之烹庖，瓜蔬鱼虾，一经芸手，便有意外昧．同人知余贫，每出杖头钱，作竟日叙。余又好洁，地无纤尘，且无拘束，不嫌放纵。时有杨补凡名昌绪，善人物写真；袁少迂名沛，工山水；王星澜名岩，工花卉翎毛，爱萧爽楼幽雅，皆携画具来。余则从之学画，写草篆，镌图章，加以润笔，交芸备茶酒供客，终日品诗论画而已。更有夏淡安、揖山两昆季，并缪山音、知白两昆季，及蒋韵香、陆橘香、周啸霞、郭小愚，华杏帆、张闲酣诸君子，如梁上之燕，自去自来。芸则拔钗沽酒，不动声色，良辰美景，不放轻越。今则天各一方，风流云散，兼之玉碎香埋，不堪回首矣！非所谓“当日浑闲事，而今尽可怜”者乎！\r\n\r\n萧爽楼有四忌：谈官宦升迁、公廨时事、八股时文、看牌掷色，有犯必罚酒五厅。有四取：慷慨豪爽、风流蕴藉、落拓不羁、澄静缄默。长夏无事，考对为会，每会八人，每人各携青蚨二百．先拈阄，得第一者为主者，关防别座，第二者为誊录，亦就座，余作举子，各于誊录处取纸一条，盖用印章。主考出五七言各一句，刻香为限，行立构思，不准交头私语，对就后投入一匣，方许就座。各人交卷毕，誊录启匣，并录一册，转呈主考，以杜徇私。十六对中取七言三联，五言三联。六联中取第一者即为后任主考，第二者为誊录，每人有两联不取者罚钱二十文，取一联者免罚十文，过限者倍罚。一场，主考得香钱百文。一日可十场，积钱千文，酒资大畅矣。惟芸议为官卷，准坐而构思。\r\n\r\n杨补凡为余夫妇写载花小影，神情确肖。是夜月色颇佳，兰影上粉墙，别有幽致，星澜醉后兴发曰：“补凡能为君写真，我能为花图影。”余笑曰：“花影能如入影否？”星澜取素纸铺于墙，即就兰影，用墨浓淡图之。日间取视，虽不成画，而花叶萧疏，自有月下之趣。芸宝之，各有题咏。\r\n\r\n苏城有南园、北园三处，菜花黄时，苦无酒家小饮。携盒而往，对花冷饮，殊无意昧。或议就近觅饮者，或议看花归饮者，终不如对花热饮为快。众议末定。芸笑曰：“明日但各出杖头钱，我自担炉火来。”众笑曰：“诺。”众去，余问曰：“卿果自往乎？”芸曰：“非也，妾见市中卖馄饨者，其担锅、灶无不备，盍雇之而往？妾先烹调端整，到彼处再一下锅，茶酒两便。”余曰：“酒菜固便矣，茶乏烹具。”芸曰：“携一砂罐去，以铁叉串串罐柄，去其锅，悬于行灶中，加柴火煎茶，不亦便乎？”余鼓掌称善。街头有鲍姓者，卖馄饨为业，以百钱雇其担，约以明日午后，鲍欣然允议。明日看花者至，余告以故，众咸叹服。饭后同往，并带席垫至南园，择柳阴下团坐。先烹茗，饮毕，然后暖酒烹肴。是时风和日丽，遍地黄金，青衫红袖，越阡度陌，蝶蜂乱飞，令人不饮自醉。既而酒肴俱熟，坐地大嚼，担者颇不俗，拉与同饮。游人见之莫不羡为奇想。杯盘狼籍，各已陶然，或坐或卧，或歌或啸。红日将颓，余思粥，但者即为买米煮之，果腹而归。芸曰：“今日之游乐乎？”众曰：“非夫人之力不及此。”大笑而散。贫士起居服食以及器皿房舍，宜省俭而雅洁，省俭之法曰“就事论事”。余爱小饮，不喜多菜．芸为置一梅花盒：用二寸白磁深碟六只，中置一只，外置五只，用灰漆就，其形如梅花，底盖均起凹楞，盖之上有柄如花蒂。置之案头，如一朵墨梅覆桌；启盏视之，如菜装于瓣中，一盒六色，二三知己可以随意取食，食完再添。另做矮遍圆盘一只，以便放杯箸酒壶之类，随处可摆，移掇亦便。即食物省俭之一端也。余之小帽领袜皆芸自做，衣之破者移东补西，必整必洁，色取瞄淡以免垢迹，既可出客，又可家常。此又服饰省俭之一端也。初至萧爽楼中，嫌其暗，以白纸糊壁，遂亮。夏月楼下去窗，无阑干，觉空洞无遮拦。芸曰：“有旧竹帘在，何不以帘代栏？”余曰：“如何？”姜曰：“用竹数根，黝黑色，一竖一横，留*走路，截半帘搭在横竹上，垂至地，高与桌齐，中竖短竹四根，用麻线扎定，然后于横竹搭帘处，寻旧黑布条，连横竹裹缝之。偶可遮拦饰观，又不费钱。”此“就事论事”之一法也。以此推之，古人所谓竹头木屑皆有用，良有以也。夏月荷花初开时，晚含而晓放，芸用小纱囊撮条叶少许，置花心，明早取出，烹天泉水泡之，香韵尤绝。', '本文为《浮生六记》其中一篇。', 'indent', 0, '2013-03-08 19:24:41', 5, 10008, '2014-07-23 19:52:42', NULL, NULL),
(10233, '浮生六记-坎坷记愁', '', '人生坎坷何为乎来哉？往往皆自作孽耳，余则非也，多情重诺，爽直不羁，转因之为累。况吾父稼夫公慷慨豪侠，急人之难、成人之事、嫁人之女、抚人之儿，指不胜屈，挥金如土，多为他人。余夫妇居家，偶有需用，不免典质。始则移东补西，继则左支右决绌。谚云：“处家人情，非钱不行。”先起小人之议，渐招同室之讥。“女子无才便是德”，真千古至言也！余虽居长而行三，故上下呼芸为“三娘”。后忽呼为“三太太”，始而戏呼，继成习惯，甚至尊卑长幼，皆以“三太太”呼之，此家庭之变机欤？\r\n\r\n乾隆乙巳，随侍吾父于海宁官舍。芸于吾家书中附寄小函，吾父曰：“媳妇既能笔墨，汝母家信付彼司之。”后家庭偶有闲言，吾母疑其述事不当，仍不令代笔。吾父见信非芸手笔，询余曰：“汝妇病耶？”余即作札问之，亦不答。久之，吾父怒曰：“想汝妇不屑代笔耳！”迨余归，探知委曲，欲为婉剖，芸急止之曰：“宁受责于翁，勿失欢于姑也。”竟不自白。\r\n\r\n庚成之春，予又随侍吾父于邗江幕中，有同事俞孚亭者挈眷居焉。吾父谓孚亭曰：“一生辛苦，常在客中，欲觅一起居服役之人而不可得。儿辈果能仰体亲意，当于家乡觅一人来，庶语音相合。”罕亭转述于余，密札致芸，倩媒物色，得姚氏女．芸以成否未定，未即禀知吾母。其来也，托言邻女为嬉游者，及吾父命余接取至署，芸又听旁人意见，托言吾父素所合意者。吾母见之曰：“此邻女之嬉游者也，何娶之乎？”芸遂并失爱于姑矣。\r\n\r\n壬子容，余馆真州。吾父病于邗江，余往省，亦病焉。余弟启堂时亦随待。芸来书曰：“启堂弟曾向邻妇借贷，倩芸作保，现追索甚急。”余询启堂，启堂转以嫂氏为多事，余遂批纸尾曰：“父子皆病，无钱可偿，俟启弟归时，自行打算可也。”未几病皆愈，余仍往真州。芸覆书来，吾父拆视之，中述启弟邻项事，且云：“令堂以老人之病留由姚姬而起，翁病稍痊，宜密瞩姚托言思家，妾当令其家父母到扬接取。实彼此卸责之计也。”吾父见书怒甚，询启堂以邻项事，答言不知，遂札饬余曰：“汝妇背夫借债，谗谤小叔，且称姑曰令堂，翁曰老人，悖谬之甚！我已专人持札回苏斥逐，汝若稍有人心，亦当知过！”余接此札，如闻青天霹雳，即肃书认罪，觅骑遄归，恐芸之短见也。到家述其本末，而家人乃持逐书至，历斥多过，言甚决绝。芸泣曰：“妾固不合妄言，但阿翁当恕妇女无知耳。”越数日，吾父又有手谕至，曰：“我不为已甚，汝携妇别居，勿使我见，免我生气足矣。”乃寄芸于外家，而芸以母亡弟出，不愿往依族中，幸友人鲁半舫闻而怜之，招余夫妇往居其家萧爽楼。\r\n\r\n越两载，吾父渐知始未，适余自岭南归，吾父自至萧爽楼谓芸曰：“前事我已尽知，汝盍归乎？”余夫妇欣然，仍归故宅，骨肉重圆。岂料又有憨园之孽障耶！\r\n\r\n芸素有血疾，以其弟克昌出亡不返。母金氏复念子病没，悲伤过甚所致，自识憨园，年余未发，余方幸其得良药。而憨为有力者夺去，以千金作聘，且许养其母。佳人已属沙叱利矣！余知之而未敢言也，及芸往探始知之，归而呜咽，谓余口：“初不料憨之薄情乃尔也！”余曰：“卿自情痴耳，此中人何情之有哉？况锦衣玉食者，未必能安于荆钗布裙也，雨其后悔，莫若无成。”因抚慰之再三。而芸终以受愚为恨，血疾大发，床席支离，刀圭无效，时发时止，骨瘦形销。不数年而逋负曰增，物议日起，老亲又以盟妓一端，憎恶日甚，余则调停中立。已非生人之境矣。\r\n\r\n芸生一女名青君，时年十四，颇知书，且极贤能，质钗典服，幸赖辛劳。子名逢森，时年十二，从师读书。余连年无馆，设一书画铺于家门之内，三日所进，不敷一日所出，焦劳困苦，竭蹶时形。隆冬无裘，挺身而过，青君亦衣中股栗，犹强曰“不寒”。因是芸誓不医药。偶能起床，适余有友人周春煦自福郡王幕中归，倩人绣《心经》一部，芸念绣经可以消灾降福，且利其绣价之丰，竟绣焉。而春煦行色匆匆，不能久待，十日告成，弱者骤劳，致增腰酸头晕之疾。岂知命薄者，佛亦不能发慈悲也！\r\n\r\n绣经之后，芸病转增，唤水索汤，上下厌之。有西人赁屋于余画铺之左，放利债为业，时倩余作画，因识之。友人某间渠借五十金，乞余作保，余以情有难却，允焉，而某竟挟资远遁。西人惟保是问，时来饶舌，初以笔墨为抵，渐至无物可偿。岁底吾父家居，西人索债，咆哮于门。吾父闻之，召余诃责曰：“我辈衣冠之家，何得负此小人之债！”正剖诉间，适芸有自幼同盟姊锡山华氏，知其病，遣人问讯。堂上误以为憨园之使，因愈怒曰：“汝妇不守闺训，结盟娼妓；汝亦不思习上，滥伍小人。若置汝死地，情有不忍．姑宽三日限，速自为计，退必首汝逆矣！”\r\n\r\n芸闻而泣曰：“亲怒如此，皆我罪孽。妾死君行，君必不忍；妾留君去，君必不舍。姑密唤华家人来，我强起问之。”因令青君扶至房外，呼华使问曰：“汝主母特遗来耶？抑便道来耶？”曰：“主母久闻夫人卧病，本欲亲来探望，因从未登门，不敢造次，临行嘱咐：“倘夫人不嫌乡居简亵，不妨到乡调养，践幼时灯下之言。”盖芸与同绣日，曾有疾病相扶之誓也。因嘱之曰：“烦汝速归，禀知主母，于两日后放舟密来。”\r\n\r\n其人既退，谓余曰：“华家盟姊情逾骨肉，君若肯至其家，不妨同行，但儿女携之同往既不便，留之累亲又不可，必于两日内安顿之。”时余有表兄王荩臣一子名韫石，愿得青君为媳妇。芸曰：“闻王郎懦弱无能，不过守成之子，而王又无成可守。幸诗礼之家，且又独子，许之可也。”余谓荩臣曰：“吾父与君有渭阳之谊，欲媳青君，谅无不允。但待长而嫁，势所不能。余夫妇往锡山后，君即禀知堂上，先为童熄；何如？”荩臣喜曰：“谨如命”。逢森亦托友人夏揖山转荐学贸易。\r\n\r\n安顿已定，华舟适至，时庚申之腊二十五日也。芸曰：“孑然出门，不惟招邻里笑，且西人之项无着，恐亦不放，必于明日五鼓悄然而去。”余曰：“卿病中能冒晓寒耶？”芸曰；“死生有命，无多虑也。”密禀吾父，办以为然。是夜先将半肩行李挑下船，令逢森先卧。青君泣于母侧，芸嘱曰：“汝母命苦，兼亦情痴，故遭此颠沛，幸汝父待我厚，此去可无他虑。两三年内，必当布置重圆。汝至汝家须尽妇道，勿似汝母。汝之翁姑以得汝为幸，必善视汝。所留箱笼什物，尽付汝带去。汝弟年幼，故未令知，临行时托言就医，数日即归，俟我去远告知其故，禀闻祖父可也。”旁有旧妪，即前卷中曾赁其家消暑者，愿送至乡，故是时陪傍在侧，拭泪不已。将交五鼓，暖粥共啜之。芸强颜笑曰：“昔一粥而聚，今一粥而散，若作传奇，可名《吃粥记》矣。”逢森闻声亦起，呻曰：“母何为？”芸曰：“将出门就医耳。”逢森曰：“起何早？”曰：“路远耳。汝与姊相安在家，毋讨祖母嫌。我与汝父同往，数日即归。”鸡声三唱，芸含泪扶妪，启后门将出，逢森忽大哭曰：“噫，我母不归矣！”青君恐惊人，急掩其口而慰之．当是时，余两人寸肠已断，不能复作一语，但止以“匆哭”而已。青君闭们后，芸出巷十数步，已疲不能行，使妪提灯，余背负之而行。将至舟次，几为逻者所执，幸老妪认芸为病女，余为婿，且得舟子皆华氏工人，闻声接应，相扶下船。解维后，芸始放声痛哭。是行也，其母子已成永诀矣！\r\n\r\n华名大成，居无锡之东高山，面山而居，躬耕为业，人极朴诚，其妻夏氏，即芸之盟姊也。是日午未之交，始抵其家。华夫人已倚门而侍，率两笑女至舟，相见甚欢，扶芸登岸，款待殷勤。四邻妇人孺子哄然入室，将芸环视，有相问讯者，有相怜惜者，交头接耳，满室啾啾。芸谓华夫人曰：“今日真如渔父入桃源矣。”华曰：“妹莫笑，乡人少所见多所怪耳。”自此相安度岁。\r\n\r\n至元宵，仅隔两旬而芸渐能起步，是夜观龙灯于打麦场中，神情态度渐可复元。余乃心安，与之私议曰：“我居此非计，欲他适而短于资，奈何？”芸曰：“妾亦筹之矣。君姊丈范惠来现于靖江盐公堂司会计，十年前曾借君十金，适数不敷，妾典钗凑之，君忆之耶？”余曰：“忘之矣。”芸曰：“闻靖江去此不远，君盍一往？”余如其言。\r\n\r\n时天颇暖，织绒袍哗叽短褂犹觉其热，此辛酉正月十六日也。是夜宿锡山客旅，赁被而卧。晨起趁江阴航船，一路逆风，继以微雨。夜至江阴江口，春寒彻骨，沽酒御寒，囊为之罄。踌躇终夜，拟卸衬衣质钱而渡。十九日北风更烈，雪势犹浓，不禁惨然泪落，暗计房资渡费，不敢再饮。正心寒股栗间，忽见一老翁草鞋毡笠负黄包，入店，以目视余，似相识者。余曰：“翁非泰州曹姓耶？”答曰：“然。我非公，死填沟壑矣！今小女无恙，时诵公德。不意今日相逢，何逗留于此？”盖余幕泰州时有曹姓，本微贱，一女有姿色，已许婿家，有势力者放债谋其女，致涉讼，余从中调护，仍归所许，曹即投入公们为隶，叩首作谢，故识之。余告以投亲遇雪之由，曹曰：“明日天晴，我当顺途相送。”出钱沽酒，备极款洽。二十日晓钟初动，即闻江口唤渡声，余惊起，呼曹同济。曹曰：“勿急，宜饱食登舟。”乃代偿房饭钱，拉余出沽。余以连日逗留，急欲赶渡，食不下咽，强啖麻饼两枚。及登舟，江风如箭，四肢发战。曹曰：“闻江阴有人缢于靖，其妻雇是舟而往，必俟雇者来始渡耳。”枵腹忍寒，午始解缆。至靖，暮烟四合矣。曹曰：“靖有公堂两处，所访者城内耶？城外耶？”余踉跄随其后，且行且对曰：“实不知其内外也。”曹曰：“然则且止宿，明日往访耳。”进旅店，鞋袜已为泥淤湿透，索火烘之，草草饮食，疲极酣睡。晨起，袜烧其半，曹又代偿房饭钱。访至城中，惠来尚未起，闻余至，披衣出，见余状惊曰：“舅何狼狈至此？”余曰：“姑勿问，有银乞借二金，先遣送我者。”惠来以香饼二圆授余，即以赠曹。曹力却，受一圆而去。余乃历述所遭，并言来意。惠来曰：“郎舅至戚，即无宿逋，亦应竭尽绵力，无如航海盐船新被盗，正当盘帐之时，不能挪移丰赠，当勉描番银二十圆以偿旧欠，何如？”余本无奢望，遂诺之．\r\n\r\n留住两日，天已晴暖，即作归计。二十五日仍回华宅。芸曰：“君遇雪乎？”余告以所苦。因惨然曰：“雪时，妾以君为抵靖，乃尚逗留江口。幸遇曹老，绝处逢生，亦可谓吉人天相矣。”越数日，得青君信，知逢森已为揖山荐引入店，荩臣请命于吾父，择正月二十四日将伊接去。儿女之事粗能了了，但分离至此，令人终觉惨伤耳。\r\n\r\n二月初，日暖风和，以靖江之项薄备行装，访故人胡肯堂于邗江盐署，有贡局众司事公延入局，代司笔墨，身心稍定。至明年壬戌八月，接芸书曰：“病体全廖，惟寄食于非亲非友之家，终觉非久长之策了，愿亦来邗，一睹平山之胜。”余乃赁屋于邗江先春门外，临河两椽，自至华氏接芸同行。华夫人赠一小奚奴曰阿双，帮司炊爨，并订他年结邻之约。\r\n\r\n时已十月，平山凄冷，期以春游。满望散心调摄，徐图骨肉重圆。不满月，而贡局司事忽裁十有五人，余系友中之友，遂亦散闲。芸始犹百计代余筹画，强颜慰藉，未尝稍涉怨尤。至癸亥仲春，血疾大发。余欲再至靖江作将伯之呼，芸曰：“求亲不如求友。”余曰：“此言虽是，亲友虽关切，现皆闲处，自顾不遑。”芸曰：“幸天时已暖，前途可无阻雪之虑，愿君速去速回，勿以病人为念。君或体有不安，妾罪更重矣。”时已薪水不继，余佯为雇骡以安其心，实则囊饼徒步，且食且行。向东南，两渡叉河，约八九十里，四望无村落。至更许，但见黄沙漠漠，明星闪闪，得一土地祠，高约五尺许，环以短墙，植以双柏，因向神叩首，祝曰：“苏州沈某投亲失路至此，欲假神祠一宿，幸神怜佑。”于是移小石香炉于旁，以身探之，仅容半体。以风帽反戴掩面，坐半身于中，出膝于外，闭目静听，微风萧萧而已。足疲神倦，昏然睡去。及醒，东方已白，短墙外忽有步语声，急出探视，盖土人赶集经此也。问以途，曰；“南行十里即泰兴县城，穿城向东南十里一土墩，过八墩即靖江，皆康庄也。”余乃反身，移炉于原位，叩首作谢而行。过泰兴，即有小车可附。申刻抵靖。投刺焉。良久，司阍者曰：“范爷因公往常州去矣。”察其辞色，似有推托，余诘之曰：“何日可归？”曰：“不知也。”余曰：“虽一年亦将待之。”阍者会余意，私问曰：“公与范爷嫡郎舅耶？”余曰：“苟非嫡者，不待其归矣。”阍者曰：“公姑待之。”越三日，乃以回靖告，共挪二十五金。\r\n\r\n雇骡急返，芸正形容惨变，咻咻涕泣。见余归，卒然曰：“君知昨午阿双卷逃乎？倩人大索，今犹不得。失物小事，人系伊母临行再三交托，今若逃归，中有大江之阻，已觉堪虞，倘其父母匿子图诈，将奈之何？且有何颜见我盟姊？”余曰：“请勿急，卿虑过深矣。匿子图诈，诈其富有也，我夫妇两肩担一口耳，况携来半载，授衣分食，从未稍加扑责，邻里咸知。此实小奴丧良，乘危窃逃。华家盟姊赠以匪人，彼无颜见卿，卿何反谓无颜见彼耶？今当一面呈县立案，以杜后患可也。”芸闻余言，意似稍释。然自此梦中呓语，时呼“阿双逃矣”，或呼“憨何负我”，病势日以增矣。\r\n\r\n余欲延医诊治，芸阻曰；“妾病始因弟亡母丧，悲痛过甚，继为情感，后由忿激，而平素又多过虑，满望努力做一好媳妇，而不能得，以至头眩、怔忡诸症毕备，所谓病人膏盲，良医束手，请勿为无益之费。忆妾唱随二十三中，蒙君错爱，百凡体恤，不以顽劣见弃，知己如君，得婿如此，妾已此生无憾！若布衣暖，菜饭饱，一室雍雍，优游泉石，如沧浪亭、萧爽楼之处境，真成烟火神仙矣。神仙几世才能修到，我辈何人，敢望神仙耶？强而求之，致干造物之忌，即有情魔之扰。总因君太多情，妾生薄命耳！”因又呜咽而言曰：“人生百年，终归一死。今中道相离，忽焉长别，不能终奉箕帚、目睹逢森娶妇，此心实觉耿耿。”言已，泪落如豆。余勉强慰之曰：“卿病八年，恹恹欲绝者屡矣，今何忽作断肠语耶？”芸曰：“连日梦我父母放舟来接，闭目即飘然上下，如行云雾中，殆魂离而躯壳存乎？”余曰：“此神不收舍，服以补剂，静心调养，自能安痊。”芸又唏嘘曰：“妾若稍有生机—线，断不敢惊君听闻。今冥路已近，苟再不言，言无日矣．君之不得亲心，流离颠沛，皆由妾故，妾死则亲心自可挽回，君亦可免牵挂。堂上春秋高矣，妾死，君宜早归。如无力携妾骸骨归，不妨暂居于此，待君将来可耳。愿君另续德容兼备者，以奉双亲，抚我遗子，妾亦瞑目矣。”言至此，痛肠欲裂，不觉惨然大恸。余曰：“卿果中道相舍，断无再续之理，况‘曾经沧海难为水，除却巫山不是云’耳。”芸乃执余手而更欲有言，仅断续叠言“来世”二宇，忽发喘口噤，两目瞪视，千呼万唤已不能言。痛泪两行，涔涔流溢．既而喘沥微，泪渐干，一灵缥缈，竟尔长逝！时嘉庆癸亥三月三十日也。当是时，孤灯一盏，举目无亲，两手空拳，寸心欲碎。绵绵此恨，曷其有极！\r\n\r\n承吾友胡省堂以十金为助，余尽室中所有，变卖一空，亲为成殓。呜呼！芸一女流，具男子之襟怀才识。归吾门后，余日奔走衣食，中馈缺乏，芸能纤悉不介意。及余家居，惟以文字相辩析而已。卒之疾病颠连，赍恨以没，谁致之耶？余有负闺中良友，又何可胜道哉？！奉劝世间夫妇，固不可彼此相仇，亦不可过于情笃。话云“恩爱夫妻不到头”，如余者，可作前车之鉴也。\r\n\r\n回煞之期，俗传是日魂必随煞而归，故居中铺设一如生前，且须铺生前旧衣于床上，置旧鞋于床下，以待魂归瞻顾，吴下相传谓之“收眼光”。延羽士作法，先召于床而后遣之，谓之“接眚”。邗江俗例，设酒肴于死者之室。一家尽出，调之“避眚”。以故有因避被窃者。芸娘眚期，房东因同居而出避，邻家嘱余亦设肴远避。众冀魄归一见，姑漫应之。同乡张禹门谏余曰：“因邪入邪，宜信其有，勿尝试也。”余曰：“所以不避而待之者，正信其有也。”张曰：“回煞犯煞不利生人，夫人即或魂归，业已阴阳有间，窃恐欲见者无形可接，应避者反犯其锋耳。”时余痴心不昧，强对曰：“死生有命。君果关切，伴我何如？”张口：“我当于门外守之，君有异见，一呼即入可也。”余乃张灯入室，见铺设宛然而音容已杳，不禁心伤泪涌。又恐泪眼模糊失所欲见，忍泪睁目，坐床而待。抚其所遗旧服，香泽犹存，不觉柔肠寸断，冥然昏去。转念待魂而来，何去遽睡耶？开目四现，见席上双烛青焰荧荧，缩光如豆，毛骨悚然，通体寒栗。因摩两手擦额，细瞩之，双焰渐起，高至尺许，纸裱顶格几被所焚。余正得借光四顾间，光忽又缩如前。此时心舂股栗，欲呼守者进观，而转念柔魂弱魄，恐为盛阳所逼，悄呼芸名而祝之，满室寂然，一无所见，既而烛焰复明，不复腾起矣。出告禹门，服余胆壮，不知余实一时情痴耳。\r\n\r\n芸没后，忆和靖“妻梅子鹤”语，自号梅逸。权葬芸于扬州西门外之金桂山，俗呼郝家宝塔。买一棺之地，从遗言寄于此。携木主还乡，吾母亦为悲悼，青君、逢森归来，痛哭成服。启堂进言曰：“严君怒犹未息，兄宜仍往扬州，俟严君归里，婉言劝解，再当专札相招。”余遂拜母别子女，痛哭一场，复至扬州，卖画度日。因得常哭于芸娘之墓，影单形只，备极凄凉，且偶经故居，伤心惨目。重阳日，邻冢皆黄，芸墓独青，守坟者曰：“此好穴场，故地气旺也。”余暗祝曰：“秋风已紧，身尚衣单，卿若有灵，佑我图得一馆，度此残年，以持家乡信息。”未几，江都幕客章驭庵先生欲回浙江葬亲，倩余代庖三月，得备御寒之具。封篆出署，张禹门招寓其家。张亦失馆，度岁艰难，商于余，即以余资二十金倾囊借之，且告曰：“此本留为亡荆扶柩之费，一俟得有乡音，偿我可也。”是年即寓张度岁，晨占夕卜，乡音殊杳。\r\n\r\n至甲子三月，接青君信，知吾父有病。即欲归苏，又恐触旧忿。正趑趄观望间，复接青君信，始痛悉吾父业已辞世。刺骨痛心，呼天莫及。无暇他计，即星夜驰归，触首灵前，哀号流血。呜呼！吾父一生辛苦，奔走于外。生余不肖，既少承欢膝下，又未侍药床前，不孝之罪何可逭哉！吾母见余哭，曰：“汝何此日始归耶？”余曰：“儿之归，幸得青君孙女信也。”吾母目余弟妇，遂默然。余入幕守灵至七，终无一人以家事告，以丧事商者。余自问人子之道已缺，故亦无颜询问。\r\n\r\n一日，忽有向余索逋者登门饶舌，余出应曰，“欠债不还，固应催索，然吾父骨肉未寒，乘凶追呼，未免太甚。”中有一人私谓余曰：“我等皆有人招之使来，公且避出，当向招我者索偿也。”余曰：“我欠我偿，公等速退！”皆唯唯而去。余因呼启堂谕之曰：“兄虽不肖，并未作恶不端，若言出嗣降服，从未得过纤毫嗣产，此次奔丧归来，本人子之道，岂为产争故耶？大丈夫贵乎自立，我既一身归，仍以一身去耳！”言已，返身入幕，不觉大恸。叩辞吾母，走告青君，行将出走深山，求赤松子于世外矣。\r\n\r\n青君正劝阻间，友人夏南熏字淡安、夏逢泰字揖山两昆季寻踪而至，抗声谏余曰：“家庭若此，固堪动忿，但足下父死而母尚存，妻丧而子未立，乃竟飘然出世，于心安乎。”余曰：“然则如之何？”淡安曰：“奉屈暂居寒舍，闻石琢堂殿撰有告假回籍之信，盍俟其归而往谒之？其必有以位置君也。”余曰：“凶丧未满百日，兄等有老亲在堂，恐多未便。”揖山曰：“愚兄弟之相邀，亦家君意也。足下如执以为不便，四邻有禅寺，方丈僧与余交最善，足下设榻于寺中，何如？”余诺之。青君曰：“祖父所遗房产，不下三四千金，既已分毫不取。岂自己行囊亦舍去耶？我往取之，径送禅寺父亲处可也。”因是于行囊之外，转得吾父所遗图书、砚台、笔筒数件。\r\n\r\n寺僧安置予于大悲阁。阁南向，向东设神像，隔西首一间，设月窗，紧对佛龛，中为作佛事者斋食之地。余即设榻其中，临门有关圣提刀立像，极威武。院中有银杏一株，大三抱，荫覆满阁，夜静风声如吼。揖山常携酒果来对酌，曰：“足下一人独处，夜深不寐，得无畏怖耶？”余口：“仆一生坦直，胸无秽念，何怖之有？”居未几，大雨倾盆，连宵达旦三十条天，时虑银杏折枝，压梁倾屋。赖神默佑，竟得无恙。而外之墙坍屋倒者不可胜计，近处田禾俱被漂没。余则日与僧人作画，不见不闻。七月初，天始霁，揖山尊人号几莼芗有交易赴崇明，偕余往，代笔书券得二十金。归，值吾父将安葬，启堂命逢森向余曰：“叔因葬事乏用，欲助一二十金。”余拟倾囊与之，揖山不允，分帮其半。余即携青君先至墓所，葬既毕，仍返大悲阁。九月杪，揖山有田在东海永寨沙，又偕余往收其息。盘桓两月，归已残冬，移寓其家雪鸿草堂度岁。真异姓骨肉也。\r\n\r\n乙丑七月，琢堂始自都门回籍。琢堂名韫玉，字执如，琢堂其号也，与余为总角交。乾隆庚戌殿元，出为四川重庆守。白莲教之乱，三年戎马，极著劳绩。及归，相见甚欢，旋于重九日挈眷重赴四川重庆之任，邀余同往。余即四别吾母于九妹倩陆尚吾家，盖先君故居已属他人矣。吾母嘱曰“汝弟不足恃，汝行须努力。重振家声，全望汝也！”逢森送余至半途，忽泪落不已，因嘱勿送而返。舟出京口，琢堂有旧交王惕夫孝廉在淮扬盐署，绕道往晤，余与偕往，又得一顾芸娘之墓。返舟由长江溯流而上，一路游览名胜。至湖北之荆州，得升潼关观察之信，遂留余雨其嗣君敦夫眷属等，暂寓荆州，琢堂轻骑减从至重庆度岁，遂由成都历栈道之任。丙寅二月，川眷始由水路往，至樊城登陆。途长费短，车重人多，毙马折轮，备尝辛苦。抵潼关甫三月，琢堂又升山左廉访，清风两袖。眷属不能偕行，暂借潼川书院作寓。十月杪，始支山左廉俸，专人接眷。附有青君之书，骇悉逢森于四月间夭亡。始忆前之送余堕泪者，盖父子永诀也。呜呼！芸仅一子，不得延其嗣续耶！琢堂闻之，亦为之浩叹，赠余一妾，重入春梦。从此扰扰攘攘，又不知梦醒何时耳。', '本文为《浮生六记》其中一篇。', 'indent', 0, '2013-03-08 19:27:57', 5, 10008, '2014-07-23 19:52:42', NULL, NULL);
INSERT INTO `work` (`id`, `title`, `foreword`, `content`, `intro`, `layout`, `highlight`, `create_time`, `type_id`, `author_id`, `updated_at`, `mobile_content`, `mobile_title`) VALUES
(10234, '浮生六记-浪游记快', '', '余游幕三十年来，天下所未到者，蜀中、黔中与滇南耳。惜乎轮蹄征逐，处处随人，山水怡情，云烟过眼，不道领略其大概，不能探僻寻幽也。余凡事喜独出己见，不屑随人是非，即论诗品画，莫不存人珍我弃、人弃我取之意，故名胜所在，贵乎心得，有名胜而不觉其佳者，有非名胜面自以为妙者，聊以平生历历者记之。\r\n\r\n余年十五时，吾父稼夫公馆于山阴赵明府幕中。有赵省斋先生名传者，杭之宿儒也，赵明府延教其子，吾父命余亦拜投门下。暇日出游，得至吼山，离城约十余里。不通陆路。近山见一石洞，上有片石横裂欲堕，即从其下荡舟入。豁然空其中，四面皆峭壁，俗名之曰“水园”。临流建石阁五椽，对面石壁有“观鱼跃”三宇，水深不测，相传有巨鳞潜伏，余投饵试之，仅见不盈尺者出而唼食焉。阁后有道通旱园，拳石乱矗，有横阔如掌者，有柱石平其顶而上加大石者，凿痕犹在，一无可取。游览既毕，宴于水阁，命从者放爆竹，轰然一响，万山齐应，如闻霹雳生。此幼时快游之始。惜乎兰亭、禹陵未能一到，至今以为憾。\r\n\r\n至山阴之明年，先生以亲老不远游，设帐于家，余遂从至杭，西湖之胜因得畅游。结构之妙，予以龙井为最，小有天园次之。石取天竺之飞来峰，城隍山之瑞石古洞。水取玉泉，以水清多鱼，有活泼趣也。大约至不堪者，葛岭之玛瑙寺。其余湖心亭，六一泉诸景，各有妙处，不能尽述，然皆不脱脂粉气，反不如小静室之幽僻，雅近天然。\r\n\r\n苏小墓在西泠桥侧。土人指示，初仅半丘黄土而已，乾隆庚子圣驾南巡，曾一询及，甲辰春复举南巡盛典，则苏小墓已石筑其坟，作八角形，上立一碑，大书曰：“钱塘苏小小之墓”。从此吊古骚人不须徘徊探访矣。余思古来烈魄忠魂堙没不传者，固不可胜数，即传而不久者亦不为少，小小一名妓耳，自南齐至今。尽人而知之，此殆灵气所钟，为湖山点缀耶？\r\n\r\n桥北数武有祟文书院，余曾与同学赵缉之投考其中。时值长夏，起极早，出钱塘门，过昭庆寺，上断桥，坐石阑上。旭日将升，朝霞映于柳外，尽态极妍；白莲香里，清风徐来，令人心骨皆清。步至书院，题犹未出也。午后交卷。\r\n\r\n偕缉之纳凉于紫云洞，大可容数十人，石窍上透日光。有入设短几矮凳，卖酒于此。解衣小酌，尝鹿脯甚妙，佐以鲜菱雪藕，微酣出洞。缉之曰：“上有朝阳台，颇高旷，盍往一游？”余亦兴发，奋勇登其巅，觉西湖如镜，杭城如丸，钱塘江如带，极目可数百里。此生平第一大观也。坐良久，阳乌将落，相携下山，南屏晚钟动矣。韬光、云栖路远未到，其红门局之梅花，姑姑庙之铁树，不过尔尔。紫阳洞予以为必可观，而访寻得之，洞口仅容—指，涓涓流水而已，相传中有洞天，恨不能抉门而入。\r\n\r\n清明日，先生春祭扫墓，挈余同游。墓在东岳，是乡多竹，坟丁掘未出土之毛笋，形如梨而尖，作羹供客。余甘之，尽其两碗。先生曰：“噫！是虽味美而克心血，宜多食肉以解之。”余素不贪屠门之嚼，至是饭量且因笋而减，归途觉烦躁，唇舌几裂。过石屋洞，不甚可观。水乐洞峭壁多藤萝，入洞如斗室，有泉流甚急，其声琅琅。池广仅三尺，深五寸许，不溢亦不竭。余俯流就饮，烦躁顿解。洞外二小亭，坐其中可听泉声。衲子请观万年缸。缸在香积厨，形甚巨，以竹引泉灌其内，听其满溢，年久结苔厚尺许，冬日不冰，故不损也。\r\n\r\n辛丑秋八月吾父病疟返里，寒索火，热索冰，余谏不听，竟转伤寒，病势日重。余侍奉汤药，昼夜不交睫者几一月。吾妇芸娘亦大病，恹恹在床。心境恶劣，莫可名状。吾父呼余嘱之曰：“我病恐不起，汝守数本书，终非糊口计，我托汝于盟弟蒋思斋，仍继吾业可耳。”越日思斋来，即于榻前命拜为师。未几，得名医徐观莲先生诊治，父病渐痊。芸亦得徐力起床。而余则从此习幕矣。此非快事，何记于此？曰：此抛书浪游之始，故记之。\r\n\r\n思斋先生名襄，是年冬，即相随习幕于奉贤宫舍。有同习幕者，顾姓名金鉴，宇鸿干，号紫霞，亦苏州人也。为人慷慨刚毅，直谅不阿，长余一岁，呼之为兄。鸿干即毅然呼余为弟，倾心相交。此余第一知己交也，惜以二十二岁卒，余即落落寡交，今年且四十有六矣，茫茫沧海，不知此生再遇知己如鸿干者否？\r\n\r\n忆与鸿干订交，襟怀高旷，时兴山居之想。重九日，余与鸿干俱在苏，有前辈王小侠与吾父稼夫公唤女伶演剧，宴客吾家，余患其扰，先一日约鸿干赴寒山登高，借访他日结庐之地。芸为整理小酒（木盍）。\r\n\r\n越日天将晓，鸿干已登门相邀。遂携（木盍）出胥门，入面肆，各饱食。渡胥江，步至横塘枣市桥，雇一叶扁舟，到山日犹未午。舟子颇循良，令其籴米煮饭。余两人上岸，先至中峰寺。寺在支硎古刹之南，循道而上，寺藏深树，山门寂静，地僻僧闲，见余两人不衫不履，不甚接待，余等志不在此，未深入。归舟，饭已熟。饭毕，舟子携（木盍）相随，瞩其子守船，由寒山至高义园之自云精舍。轩临峭壁，飞凿小池，围以石栏，一泓秋水，崖悬薜荔，墙积莓苔。坐轩下，惟闻落叶萧萧，悄无人迹。出门有一亭，嘱舟子坐此相候。余两人从石罅中入，名“一线天”，循级盘旋，直造其巅，曰“上白云”，有庵已坍颓，存一危栈，仅可远眺。小憩片刻，即相扶而下，舟子曰：“登高忘携酒（木盍）矣。”鸿干曰：“我等之游，欲觅偕隐地耳，非专为登高也。”舟子曰：“离此南行二三里，有上沙村，多人家，有隙地，我有表戚范姓居是村，盍往一游？”余喜曰：“此明末徐俟斋先生隐居处也，有园闻极幽雅，从未一游。”于是舟子导往。村在两山夹道中。园依山而无石，老树多极纡回盘郁之势，亭榭窗栏尽从朴素，竹篱茆舍，不愧隐者之居。中有皂荚亭，树大可两抱。余所历园亭，此为第一。园左有山，俗呼鸡笼山，山峰直竖，上加大石，如杭城之瑞石古洞，而不及其玲珑。旁一青石加榻，鸿干卧其上曰：“此处仰观峰岭，俯视园亭，既旷且幽，可以开樽矣。”因拉舟子同饮，或歌或啸，大畅胸怀。土人知余等觅地而来，误以为堪舆，以某处有好风水相告。鸿干曰：“但期合意，不论风水。”（岂意竟成谶语！）酒瓶既罄，各采野菊插满两鬓。\r\n\r\n归舟，日已将没。更许抵家，客犹未散。芸私告余曰：“女伶中有兰官者，端庄可取。”余假传母命呼之入内，握其腕而睨之，果丰颐白腻。余顾芸曰：“美则美矣，终嫌名不称实。”芸曰：“肥者有福相。”余曰：“马亏嵬之祸，玉环之福安在？”芸以他辞遣之出。谓余曰：“今日君又大醉耶？”余乃历述所游，芸亦神往者久之。\r\n\r\n癸卯春，余从思斋先生就维扬之聘，始见金、焦面目。金山宜远观，焦山宜近视，惜余往来其间未尝登眺。渡江而北，渔洋所谓“绿杨城郭是扬州”一语已活现矣！平山堂离城约三四里，行其途有八九里，虽全是人工，而奇思幻想，点缀天然，即阆苑瑶池、琼楼玉宇，谅不过此。其妙处在十余家之园亭合而为一，联络至山，气势俱贯。其最难位置处，出城入景，有一里许紧沿城郭。夫城缀于旷远重山间，方可入画，园林有此，蠢笨绝伦。而观其或亭或台、或墙或石、或竹或树，半隐半露间，使游人不觉其触目，此非胸有丘壑者断难下手。城尽，以虹园为首折面向北，有石梁曰“虹桥”，不知园以桥名乎？桥以园名乎？荡舟过，曰“长堤春柳”，此景不缀城脚而缀于此，更见布置之妙。再折而西，垒土立庙，曰“小金山”，有此一挡便觉气势紧凑，亦非俗笔。闻此地本沙土，屡筑不成，用木排若干，层叠加土，费数万金乃成，若非商家，乌能如是。过此有胜概楼，年年观竞渡于此。河面较宽，南北跨一莲花桥，桥门通八面，桥面设五亭，扬人呼为“四盘一暖锅”，此思穷力竭之为，不甚可取。桥南有莲心寺，寺中突起喇嘛白塔，金顶缨络，商矗云霄，殿角红墙松柏掩映，钟磬时闻，此天下园亭所未有者。过桥见三层高阁，画栋飞檐，五采绚烂，叠以太湖石，围以白石栏，名目“五云多处”，如作文中间之大结构也。过此名“蜀冈朝阳”，平坦无奇，且属附会。将及山，河面渐束，堆土植竹树，作四五曲。似已山穷水尽，而忽豁然开朗，平山之万松林已列于前矣。“平山堂”为欧阳文忠公所书。所谓淮东第五泉，真者在假山石洞中，不过一井耳，味与天泉同；其荷亭中之六孔铁井栏者，乃系假设，水不堪饮。九峰园另在南门幽静处，别饶天趣，余以为诸园之冠。康山未到，不识如何。此皆言其大概，其工巧处、精美处，不能尽述，大约宜以艳妆美人目之，不可作浣纱溪上观也。余适恭逢南巡盛典，各工告竣，敬演接驾点缀，因得畅其大观，亦人生难遇者也。\r\n\r\n甲辰之春，余随待吾父于吴江明府幕中，与山阴章苹江、武林章映牧、苕溪颐蔼泉诸公同事，恭办南斗圩行宫，得第二次瞻仰天颜。一日，天将晚矣，忽动归兴。有办差小快船，双舻两浆，于太湖飞棹疾驰，吴俗呼为“出水辔头”，转瞬已至吴门桥。即跨鹤腾空，无此神爽。抵家，晚餐未熟也。吾乡素尚繁华，至此日之争奇夺胜，较昔尤奢。灯彩眩眸，笙歌聒耳，古人所谓“画栋雕甍”、“珠帘绣幕”、“玉栏干”、“锦步障”，不啻过之。余为友人东拉西扯，助其插花结彩，闲则呼朋引类，剧饮狂歌，畅怀游览，少年豪兴，不倦不疲。苟生于盛世而仍居僻壤，安得此游观哉？\r\n\r\n是年，何明府因事被议，吾父即就海宁王明府之聘。嘉兴有刘蕙阶者，长斋佞佛，来拜吾父。其家在烟雨楼侧，一阁临河，曰“水月居”，其涌经处也，洁静如僧舍。烟雨楼在镜湖之中，四岸皆绿杨，惜无多竹。有平台可远眺，渔舟星列，漠漠平波，似宜月夜。衲子备素斋甚佳。至海宁，与白门史心月、山阴俞午桥同事。心月一子名烛衡，澄静缄默，彬彬儒雅，与余莫逆，此生平第二知心交也。惜萍水相逢，聚首无多日耳。游陈氏安澜园，地占百亩，重楼复阁，夹道回廊；池甚广，桥作六曲形；石满藤萝，凿痕全掩；古木千章，皆有参天之势；鸟啼花落，如人深山。此人工而归于天然者。余所历平地之假石园亭，此为第一。曾于桂花楼中张宴，诸味尽为花气所夺，惟酱姜味不变。姜接之性老而愈辣，以喻忠节之臣，洵不虚也。出南门即大海，一日两潮，如万丈银堤破海而过。船有迎潮者，潮至，反棹相向，于船头设一木招，状如长柄大刀，招一捺，潮即分破，船即随招而入，俄顷始浮起，拨转船头随潮而去，顷刻百里。塘上有塔院，中秋夜曾随吾父观潮于此。循塘东约三十里，名尖山，一峰突起，扑入海中，山顶有阁，匾曰“海阔天空”，一望无际，但见怒涛接天而已。\r\n\r\n余年二十有五，应徽州绩溪克明府之召，由武林下“江山船”，过富春山，登子陵钓台。台在山腰，一峰突起，离水十余丈。岂汉时之水竞与峰齐耶？月夜泊界口，有巡检署，“山高月小，水落石出”，此景宛然。黄山仅见其脚，惜未一瞻面目。绩溪城处于万山之中，弹丸小邑，民情淳朴。近城有石镜山，由山弯中曲折中里许，悬崖急湍，湿翠欲滴；渐高至山腰，有一方石亭，四面皆陡壁；亭左石削如屏，青色光润，可鉴人形，俗传能照前生。黄巢至此，照为猿猴形，纵火焚之，故不复现。离域十里有火云洞天，石纹盘结，凹凸廛岩，如黄鹤山樵笔意，而杂乱无章，洞石皆深绛色。旁有一庵甚幽静，盐商程虚谷曾招游设宴于此。席中有肉馒头，小沙弥眈眈旁视，授以四枚，临行以番银二圆为酬，山僧不识，推不受。告以一枚可易青钱七百余文，僧以近无易处，仍不受。乃攒凑青蚨六百文付之，始欣然作谢。他日余邀同人携（木盍）再往，老僧嘱曰：“曩者小徒不知食何物而腹泻，今勿再与。”可知藜藿之腹不受肉味，良可叹也。余谓同人曰：“作和尚者，必用此等僻地，终身不见不闻，或可修真养静。若吾乡之虎丘山，终日目所见者妖童艳妓，耳所听者弦索笙歌，鼻所闻者佳肴美酒，安得身如枯木、心如死灰哉？”\r\n\r\n又去城三十里，名曰仁里，有花果会，十二年一举，每举各出盆花为赛。余在绩溪适逢其会，欣然欲往，苦无轿马，乃教以断竹为杠，缚椅为轿，雇人肩之而去，同游者惟同事许策廷，见者无不讶笑。至其地，有庙，不知供何神。庙前旷处高搭戏台，画梁方柱极其巍焕，近视则纸扎彩画，抹以油漆者。锣声忽至，四人抬对烛大如断柱，八人抬一猪大若牯牛，盖公养十二年始宰以献神。策廷笑曰：“猪固寿长，神亦齿利。我若为神，乌能享此。”余曰：“亦足见其愚诚也。”入庙，殿廊轩院所设花果盆玩，并不剪枝拗节，尽以苍老古怪为佳，大半皆黄山松。既而开场演剧，人如潮涌而至，余与策廷遂避去。未两载，余与同事不合，拂衣归里。\r\n\r\n余自绩溪之游，见热闹场中卑鄙之状不堪入目，因易儒为贾。余有姑丈袁万九，在盘溪之仙人塘作酿酒生涯，余与施心耕附资合伙。袁酒本海贩，不一载，值台湾林爽文之乱，海道阻隔，货积本折，不得已仍为冯妇。馆江北四年，一无快游可记。迨居萧爽楼，正作烟火神仙，有表妹倩徐秀峰自粤东归，见余阅居，慨然曰：“足下待露而爨，笔耕而炊，终非久计，盍偕我作岭南游？当不仅获蝇头利也。”芸亦劝余曰：“乘此老亲尚健，子尚壮年，与其商柴计米而寻欢，不如一劳永逸。”余乃商诸交游者，集资作本。芸会亦自办绣货及岭南所无之苏酒醉蟹等物。禀知堂上，于小春十日，偕秀峰由东坝出芜湖口。\r\n\r\n长江初历，大畅襟怀。每晚舟泊后，必小酌船头。见捕鱼者罾幂不满三尺，孔大约有四寸，铁箍四角，似取易沉。余笑曰：“圣人之教虽曰‘罟不用数’，而如此之大孔小罾，焉能有获？”秀峰曰；“此专为网（鱼便）鱼设也。”见其系以长绠，忽起忽落，似探鱼之有无。末几，急挽出水，已有（鱼便）鱼枷罾孔而起矣。余始喟然曰：“可知一己之见，未可测其奥妙。”一日，见江心中一峰突起，四无依倚。秀峰曰：“此小孤山也。”霜林中，殿阁参差。乘风径过，惜未一游。至滕王阁，犹吾苏府学之尊经阁移于胥门之大马头，王子安序中所云不足信也。即于阁下换高尾昂首船，名“三板子”，由赣关至南安登陆。值余三十诞辰，秀峰备面为寿。越日过大庾岭，出巅一亭，匾曰“举头日近”，言其高也。山头分为二，两边峭壁，中留一道如石巷。口列两碑，一曰“急流勇退”，一曰“得意不可再往”。山顶有梅将军祠，未考为何朝人。所谓岭上梅花，并无一树，意者以梅将军得名梅岭耶？余所带送礼盆梅，至此将交腊月，已花落而叶黄矣。过岭出口，山川风物便觉顿殊。岭西一山，石窍玲珑，已忘其名，舆夫曰：“中有仙人床榻。”匆匆竟过，以未得游为怅。至南雄，雇老龙船，过佛山镇，见人家墙顶多列盆花，叶如冬青，花如牡丹，有大红、粉白、粉红三种，盖山茶花也。\r\n\r\n腊月望，始抵省城，寓靖海门内，赁王姓临街楼屋三椽。秀峰货物皆销与当道，余亦随其开单拜客，即有配礼者络绎取货，不旬日而余物已尽。除夕蚊声如雷。岁朝贺节，有棉袍纱套者。不惟气候迥别，即土著人物，同一五官而神情迥异。\r\n\r\n正月既望，有署中园乡三友拉余游河观妓，名曰“打水围”，妓名“老举”。于是同出靖海门，下小艇（如剖分之半蛋而加篷焉），先至沙面。妓船名“花艇”，皆对头分排，中留水巷以通小艇往来。每帮约一二十号，横木绑定，以防海风。两船之间钉以木桩，套以藤圈，以便随潮长落。鸨儿呼为“梳头婆”，头用银丝为架，高约四寸许，空其中而蟠发于外，以长耳挖插一朵花于鬓，身披元青短袄，著元青长裤，管拖脚背，腰束汗巾，或红或绿，赤足撒鞋，式如梨园旦脚。登其艇，即躬身笑迎，搴帏入舱。旁列椅杌，中设大炕，一门通艄后。妇呼有客，即闻履声杂沓而出，有挽髻者，有盘辫者，傅粉如粉墙，搽脂如榴火，或红袄绿裤，或绿袄红裤，有著短袜而撮绣花蝴蝶履者，有赤足而套银脚镯者，或蹲于炕，或倚于门，双瞳闪闪，一言不发。余顾秀峰曰：“此何为者也？”秀峰曰：“目成之后，招之始相就耳。”余试招之，果即欢容至前，袖出槟榔为敬。入口大嚼，涩不可耐，急吐之，以纸擦唇，其吐如血。合艇留大笑。又至军工厂，妆束亦相等，惟长幼皆能琵琶而已。与之言，对曰“（口迷）”，“（口迷）”者，“何”也。余曰：“‘少不入广’者，以其销魂耳，若此野妆蛮语，谁为动心哉？”一友曰：“潮帮妆束如仙，可往一游。”至其帮，排舟亦如沙面。有著名鸨儿素娘者，妆束如花鼓妇。其粉头衣皆长领，颈套项锁，前发齐眉，后发垂肩，中挽一鬏似丫髻，裹足者著裙，不裹足者短袜，亦著蝴蝶履，长拖裤管，语音可辩。而余终嫌为异服，兴趣索然。秀峰曰：“靖海门对渡有扬帮，留吴妆，君往，必有合意者。”一友曰：“所谓扬帮者，仅一鸨儿，呼曰邵寡妇，携一媳日大姑，系来自扬州，余皆湖广江西人也。”因至扬帮。对面两排仅十余艇，其中人物皆云鬟雾鬓，脂粉薄施，阔袖长裙，语音了了，所谓邵寡妇者殷勤相接。遂有一友另唤酒船，大者曰“恒（舟娄）”，小者曰“沙姑艇”，作东道相邀，请余择妓。余择一雏年者，身材状貌有类余妇芸娘，而足极尖细，名喜儿。秀峰唤一统名翠姑。余皆各有旧交。放艇中流，开怀畅饮。至更许，余恐不能自持，坚欲回寓，而城已下钥久矣。盖海疆之城，日落即闭，余不知也。及终席，有卧吃鸦片烟者，有拥妓而调笑者，使头各送衾枕至，行将连床开铺。余暗询喜儿：“汝本艇可卧否？”对曰：“有寮可居，未知有客否也。”（寮者，船顶之楼。）余曰：“姑往探之。”招小艇渡至邵船，但见合帮灯火相对如长廊，寮适无客。鸨儿笑迎曰：“我知今日贵客来，故留寮以相待也。”余笑曰：“姥真荷叶下仙人哉！”遂有使头移烛相引，由舱后梯而登。宛如斗室，旁一长榻，几案俱备。揭帘再进，即在头舱之顶，床亦旁设，中间方窗嵌以玻璃，不火而光满一室，盖对船之灯光也。衾帐镜奁，颇极华美。喜儿曰：“从台可以望月。”即在梯门之上叠开一窗，蛇行而出，即后梢之顶也。三面皆设短栏，一轮明月，水阔天空。纵横如乱叶浮水者，酒船也；闪烁如繁星列天者，酒船之灯也；更有小艇梳织往来，笙歌弦索之声杂以长潮之沸，令人情为之移。余曰：“‘少不入广’，当在斯矣！”惜余妇芸娘不能偕游至此，回顾喜儿，月下依稀相似，因挽之下台，息烛而卧。天将晓，秀峰等已哄然至，余披衣起迎，皆责以昨晚之逃。余曰：“无他，恐公等掀衾揭帐耳！”遂同归寓。\r\n\r\n越数日，偕秀峰游海珠寺。寺在水中，围墙若城四周。离水五尺许有洞，设大炮以防海寇，潮长潮落，随水浮沉，不觉炮门之或高或下，亦物理之不可测者。十三洋行在幽兰门之西，结构与洋画同。对渡名花地，花木甚繁，广州卖花处也。余自以为无花不识，至此仅识十之六七，询其名有《群芳谱》所未载者，或土音之不同钦？海珠寺规模极大，山门内植榕树，大可十余抱，阴浓如盖，秋冬不凋。柱槛窗栏皆以铁梨木为之。有菩提树，其叶似柿，浸水去皮，肉筋细如蝉翼纱，可裱小册写经。\r\n\r\n归途访喜儿于花艇，适翠、喜二妓俱无客。茶罢欲行，挽留再三。余所属意在寮，而其媳大姑已有酒客在上，因渭邵鸨儿曰：“若可同往寓中，则不妨一叙。”邵曰：“可。”秀峰先归，嘱从者整理酒肴。余携翠、喜至寓。正谈笑间，适郡署王懋老不期来，挽之同饮。酒将沾唇，忽闻楼下人声嘈杂，似有上楼之势，盖房东一侄素无赖，知余招妓，故引人图诈耳。秀蜂怨曰：“此皆三白一时高兴，不合我亦从之。”余曰：“事已至此，应速思退兵之计，非斗口时也。”懋老曰：“我当先下说之。”余即唤仆速雇两轿，先脱两妓，再图出城之策。闻懋老说之不退，亦不上楼。两轿已备，余仆手足颇捷，令其向前开路，秀挽翠姑继之，余挽喜儿于后，一哄而下。秀峰、翠姑得仆力已出门去，喜儿为横手所拿，余急起腿，中其臂，手一松面喜儿脱去，余亦乘势脱身出。余仆犹守于门，以防追抢。急问之曰：“见喜儿否？”仆曰：“翠姑已乘轿去，喜娘但见其出，未见其乘轿也。”余急燃炬，见空轿犹在路旁。急追至靖海门，见秀峰侍翠轿而立，又问之，对曰：“或应投东，而反奔西矣。”急反身，过寓十余家，闻暗处有唤余者，烛之，喜儿也，遂纳之轿，肩而行。秀峰亦奔至，曰：“幽兰门有水窦可出，已托人贿之启钥，翠姑去矣，喜儿速往！”余曰：“君速回寓退兵，翠、喜交我！”至水窦边，果已肩钥，翠先在。余遂左掖喜，右挽翠，折腰鹤步，踉跄出窦。天适微雨，路滑如油，至河干沙面，笙歌正盛。小艇有识翠姑者，招呼登舟。始见喜儿首如飞蓬，钗环俱无有。余曰：“被抢去耶？”喜儿笑曰：“闻此皆赤金，阿母物也，妾于下楼时已除去，藏于囊中。若被抢去，累君赔偿耶。”余闻言，心甚德之，令其重整钗环，勿舍阿母，托言寓所人杂，故仍归舟耳。翠姑如言告母，并曰：“酒菜已饱，备粥可也。”时寮上酒客已去，邵鸨儿命翠亦陪余登寮。见两对绣鞋泥污已透。三人共粥，聊以充饥。剪烛絮谈，始悉翠籍湖南，喜亦豫产，本姓欧阳，父亡母醮，为恶叔所卖。翠姑告以迎新送旧之苦，心不欢必强笑，酒不胜必强饮，身不快必强陪，喉不爽必强歌。更有乖张其性者，稍不合意，即掷酒翻案，大声辱骂，假母不察，反言接待不周，又有恶客彻夜蹂躏，不堪其扰。喜儿年轻初到，母犹惜之。不觉泪随言落。喜儿亦嘿然涕泣。余乃挽喜入杯，抚慰之。瞩翠姑卧于外榻，盖因秀峰交也。\r\n\r\n自此或十日或五日，必遣人来招，喜或自放小艇，亲至河干迎接。余每去必邀秀峰，不邀他客，不另放艇。一夕之欢，番银四圆而已。秀峰今翠明红，俗谓之跳槽，甚至一招两妓；余则惟喜儿一人，偶独往，或小酌于平台，或清谈于寮内，不令唱歌，不强多钦，温存体恤，一艇怡然，邻妓皆羡之。有空闲无客者，知余在寮，必来相访。合帮之妓无一不识，每上其艇，呼余声不绝，余亦左顾右盼，应接不暇，此虽挥霍万金所不能致者。余四月在彼处，共费百余金，得尝荔枝鲜果，亦生平快事。后鸨儿欲索五百金强余纳喜，余患其扰，遂图归计。秀峰迷恋于此，因劝其购一妾，仍由原路返吴。明年，秀峰再往，吾父不准偕游，遂就青浦杨明府之聘。及秀峰归，述及喜儿因余不往，几寻短见。噫！“半年一觉扬帮梦，赢得花船薄幸名”矣！\r\n\r\n余自粤东归来，馆青浦两载，无快游可述。未几，芸、憨相遇，物议沸腾，芸以激愤致病。余与程墨安设一书画铺于家门之侧，聊佐汤药之需。\r\n\r\n中秋后二日，有吴云客偕毛忆香、王屋灿邀余游西山小静室，余适腕底无闲，嘱其先往。吴曰：“子能出城，明午当在山前水踏桥之来鹤庵相候。”余诺之。\r\n\r\n越日，留程守铺，余独步出阊门，至山前过水踏桥，循田塍而西。见一庵南向，门带清流，剥琢问之，应曰：“客何来？”余告之。笑曰：“此‘得云’也，客不见匾额乎？‘来鹤’已过矣！”余曰：“自桥至此，未见有庵。”其人回指曰：“客不见土墙中森森多竹者，即是也。”余乃返至墙下。小门深闭，门隙窥之，短篱曲径，绿竹猗猗，寂不闻人语声，叩之亦无应者。一人过，曰：“墙穴有石，敲门具也。”余试连击，果有小沙弥出应。余即循径入，过小石桥，向西一折，始见山门，悬黑漆额，粉书“来鹤”二字，后有长跋，不暇细观。入门经韦陀殿，上下光洁，纤尘不染，知为好静室。忽见左廊又一小沙弥奉壶出，余大声呼问，即闻室内星灿笑曰：“何如？我谓三白决不失信也！”旋见云客出迎，日：“候君早膳，何来之迟？”一僧继其后，向余稽首，问知为竹逸和尚。入其室，仅小屋三椽，额曰“桂轩”，庭中双桂盛开。星灿、忆香群起嚷曰：“来迟罚三杯！”席上荤素精洁，酒则黄白俱备。余问曰：“公等游几处矣？”云客曰：“昨来已晚，今晨仅到得云、河亭耳。”欢饮良久。饭毕，仍自得云、河亭共游八九处，至华山而止。各有佳处，不能尽述。华山之顶有莲花峰，以时欲暮，期以后游。桂花之盛至此为最，就花下饮清茗—瓯，即乘山舆，径回来鹤。\r\n\r\n桂轩之东另有临洁小阁，已杯盘罗列。竹逸寡言静坐而好客善饮。始则折桂催花，继则每人一令，二鼓始罢。余曰：“今夜月色甚佳，即此酣卧，未免有负清光，何处得高旷地，一玩月色，庶不虚此良夜也？”竹逸曰：“放鹤亭可登也。”云客曰：“星灿抱得琴来，未闻绝调，到彼一弹何如？”乃偕往．但见木犀香里，一路霜林，月下长空，万籁俱寂。星灿弹《梅花三弄》，飘飘欲仙。忆香亦兴发，袖出铁笛，呜呜而吹之。云客曰：“今夜石湖看月者，谁能如吾辈之乐裁？”盖吾苏八月十八日石湖行春桥下有看串月胜会，游船排挤，彻夜笙歌，名虽看月，实则挟妓哄饮而已。未几，月落霜寒，兴圃归卧。\r\n\r\n明晨，云客谓众曰：“此地有无隐庵，极幽僻，君等有到过者否？”咸对曰：“无论未到，并未尝闻也。”竹逸曰：“无隐四面皆山，其地甚僻，僧不能久居。向年曾一至，已坍废，自尺木彭居士重修后，未尝往焉，今犹依稀识之。如欲往游，请为前导。”忆香曰：“枵腹去耶？”竹逸笑曰：“已备素面矣，再令道人携酒盒相从也。”面毕，步行而往。过高义园，云客欲往白云精舍，入门就坐。一僧徐步出，向云客拱手曰：“违教两月，城中有何新闻？抚军在辕否？”忆香忽起曰：“秃！”拂袖径出。余与星灿忍笑随之，云客、竹逸酬答数语，亦辞出。高义园即范文正公墓，白云精舍在其旁。一轩面壁，上悬藤萝，下凿一潭，广丈许，一泓清碧，有金鳞游泳其中，名曰“钵盂泉”。竹炉茶灶，位置极幽。轩后于万绿丛中，可瞰范园之概。惜衲子俗，不堪久坐耳。是时由上沙村过鸡笼山，即余与鸿干登高处也。风物依然，鸿干已死，不胜今昔之感。正惆怅间，忽流泉阻路不得进，有三五村童掘菌子于乱草中，探头而笑，似讶多人之至此者。询以无隐路，对曰：“前途水大不可行，请返数武，南有小径，度岭可达。”从其言。度岭南行里许，渐觉竹树丛杂，四山环绕，径满绿茵，已无人迹。竹逸徘徊四顾曰：“似在斯，而径不可辨，奈何？”余乃蹲身细瞩，于千竿竹中隐隐见乱石墙舍，径拨丛竹间，横穿入觅之，始得一门，曰“无隐禅院，某年月日南园老人彭某重修”，众喜曰：“非君则武陵源矣！”山门紧闭，敲良久，无应者。忽旁开一门，呀然有声，一鹑衣少年出，面有菜色，足无完履，问曰：“客何为者？”竹逸稽首曰：“慕此幽静，特来瞻仰。”少年曰：“如此穷山，僧散无人接待，请觅他游。”言已，闭门欲进。云客急止之，许以启门放游，必当酬谢。少年笑曰：“茶叶俱无，恐慢客耳，岂望酬耶？”山门一启，即见佛面，金光与绿阴相映，庭阶石础苔积如绣，殿后台级如墙，石栏绕之。循台而西，有石形如馒头，高二丈许，细竹环其趾。再西折北，由斜廊蹑级而登，客堂三卷楹紧对大石。石下凿一小月池，清泉一派，荇藻交横。堂东即正殿，殿左西向为僧房厨灶，殿后临峭壁，树杂阴浓，仰不见天。星灿力疲，就池边小憩，余从之。将启盒小酌，忽闻忆香音在树杪，呼曰：“三白速来，此间有妙境！”仰而视之，不见其人，因与星灿循声觅之。由东厢出一小门，折北，有石蹬如梯，约数十级，于竹坞中瞥见一楼。又梯而上，八窗洞然，额曰“飞云阁”。四山抱列如城，缺西南一角，遥见一水浸天，风帆隐隐，即太湖也。倚窗俯视，风动竹梢，如翻麦浪。忆香曰：“何如？”余曰：“此妙境也。”忽又闻云客于楼西呼曰：“忆香速来，此地更有妙境！”因又下楼，折而西，十余级，忽豁然开朗，平坦如台。度其地，已在殿后峭壁之上，残砖缺础尚存，盖亦昔日之殿基也。周望环山，较阁更畅。忆香对太湖长啸一声，则群山齐应。乃席地开樽，忽愁枵腹，少年欲烹焦饭代茶，随令改茶为粥，邀与同啖。询其何以冷落至此，曰：“四无居邻，夜多暴客，积粮时来强窃，即植蔬果，亦半为樵子所有。此为崇宁寺下院，长厨中月送饭干一石、盐菜一坛而已。某为彭姓裔，暂居看守，行将归去，不久当无人迹矣。”云客谢以番银一圆。\r\n\r\n返至来鹤，买舟而归。余绘《无隐图》一幅，以赠竹逸，志快游也。\r\n\r\n是年冬，余为友人作中保所累，家庭失欢，寄居锡山华氏。明年春，将之维扬而短于资，有故人韩春泉在上洋幕府，因往访焉。衣敝履穿，不堪入署，投札约晤于郡庙园亭中。及出见，知余愁苦，概助十金。园为洋商捐施而成，极为阔大，惜点缀各景，杂乱无章，后叠山石，亦无起伏照应。归途忽思虞山之胜，适有便舟附之。时当春仲，桃李争研，逆旅行踪，苦无伴侣，乃怀青铜三百，信步至虞山书院。墙外仰瞩，见丛树交花，娇红稚绿，傍水依山，极饶幽趣。惜不得其门而入，问途以往，遇设篷瀹茗者，就之，烹碧罗春，饮之极佳。询虞山何处最胜，一游者曰：“从此出西关，近剑门，亦虞山最佳处也，君欲往，请为前导。”余欣然从之。出西门，循山脚，高低约数里，渐见山峰屹立，石作横纹，至则一山中分，两壁凹凸，高数十仞，近而仰视，势将倾堕。其人曰：“相传上有洞府，多仙景，惜无径可登。”余兴发，挽袖卷衣，猿攀而上，直造其巅。所谓洞府者，深仅丈许，上有石罅，洞然见天。俯首下视，腿软欲堕。乃以腹面壁，依藤附蔓而下。其人叹曰：“壮裁！游兴之豪，未见有如君者。”余口渴思饮，邀其人就野店沽饮三杯。阳乌将落，未得遍游，拾赭石十余块，怀之归寓，负笈搭夜航至苏，仍返锡山。此余愁苦中之快游也。\r\n\r\n嘉庆甲子春，痛遭先君之变，行将弃家远遁，友人夏揖山挽留其家。秋八月，邀余同往东海永泰沙勘收花息。沙隶崇明。出刘河口，航海百余里。新涨初辟，尚无街市。茫茫芦荻，绝少人烟，仅有同业丁氏仓库数十椽，四面掘沟河，筑堤栽柳绕于外。丁字实初，家于崇，为一沙之首户；司会计者姓王。俱家爽好客，不拘礼节，与余乍见即同故交。宰猪为饷，倾瓮为饮。令则拇战，不知诗文；歌则号呶，不讲音律。酒酣，挥工人舞拳相扑为戏。蓄牯牛百余头，皆露宿堤上。养鹅为号，以防海盗。日则驱鹰犬猎于芦丛沙渚间，所获多飞禽。余亦从之驰逐，倦则卧。引至园田成熟处，每一字号圈筑高堤，以防潮汛。堤中通有水窦，用闸启闭，旱则长潮时启闸灌之，潦则落潮时开闸泄之。佃人皆散处如列星，一呼俱集，称业户曰“产主”，唯唯听命，朴诚可爱。而激之非义，则野横过于狼虎；幸一言公平，率然拜服。风雨晦明，恍同太古。卧床外瞩即睹洪涛，枕畔潮声如鸣金鼓。一夜，忽见数十里外有红灯大如栲栳，浮于海中，又见红光烛天，势同失火，实初日：“此处起现神灯神火，不久又将涨出沙田矣。”揖山兴致素豪，至此益放。余更肆无忌惮，牛背狂歌，沙头醉舞，随其兴之所至，真生平无拘之快游也。事竣，十月始归。\r\n\r\n吾苏虎丘之胜，余取后山之千顷云一处，次则剑池而已，余皆半借人工，且为脂粉所污，已失山林本相。即新起之白公祠、塔影桥，不过留雅名耳。其冶坊滨，余戏改为“野芳滨”，更不过脂乡粉队，徒形其妖冶而已。其在城中最著名之狮子林，虽曰云林手笔，且石质玲珑，中多古木，然以大势观之，竟同乱堆煤渣，积以苔藓，穿以蚁灾，全无山林气势。以余管窥所及，不知其抄。灵岩山，为吴王馆娃宫故址，上有西施洞、响屉廊、采香径诸胜，面其势散漫，旷无收束，不及天平支硎之别饶幽趣。\r\n\r\n邓尉山一名元墓，西背太湖，东对锦峰，丹崖翠阁，望如图画，居人种梅为业，花开数十里，一望如积雪，故名“香雪海”。山之左有古柏四树，名之曰“清、奇、古、怪”：清者，一株挺直，茂如翠盖；奇者，卧地三曲，形“之”字；古者，秃顶扁阔，半朽如掌；怪者，体似旋螺，枝干皆然。相传汉以前物也。\r\n\r\n乙丑孟春，揖山尊人莼芗先生偕其弟介石，率子侄四人，往幞山家祠春祭，兼扫祖墓，招余同往。顺道先至灵岩山，出虎山桥，由费家河进香雪海现梅。幞山祠宇即藏于香雪海中，时花正盛，咳吐俱香，余曾为介石画《幞山风木国》十二册。是年九月，余从石琢堂殿撰赴四川重庆府之任，溯长江而上，舟抵皖城。皖山之麓，有元季忠臣余公之墓，墓侧有堂三楹，名曰“大观亭”，面临南湖，背倚潜山。亭在山脊，眺远颇畅。旁有深廊，北窗洞开，时值霜时初红，烂如桃李。同游者为蒋寿朋、蔡子琴。南城外又有王氏园，其地长于东西，短于南北，盖北紧背城、南则临湖故也。既限于地，颇难位置，而观其结构，作重台叠馆之法。重台者，屋上作月台为庭院，叠石栽花于上，使游人不知脚下有屋。盖上叠石者则下实，上庭院者则下虚，故花木仍得地气而生也。叠馆者，楼上作轩，轩上再作平台。上下盘折，重叠四层，且有小池，水不漏泄，竟莫测其何虚何实。其立脚全用砖石为之，承重处仿照西洋立柱法。幸面对南湖，目无所阻，骋怀游览，胜于平园。真人工之奇绝者也。\r\n\r\n武昌黄鹤楼在黄鹄矶上，后拖黄鹄山，俗呼为蛇山。楼有三层，画栋飞檐，倚城屹峙，面临汉江，与汉阳晴川阁相对。余与琢堂冒雪登焉，俯视长空，琼花飞舞，遥指银山玉树，恍如身在瑶台。江中往来小艇，纵横掀播，如浪卷残叶，名利之心至此一冷。壁间题咏甚多，不能记忆，但记楹对有云：“何时黄鹤重来，且共倒金樽，浇洲渚千年芳草；但见白云飞去，更谁吹玉笛，落江城五月梅花。\r\n\r\n黄州赤壁在府城汉川门外，屹立江滨，截然如壁。石皆绛色，故名焉。《水经》渭之赤鼻山，东坡游此作二赋，指为吴魏交兵处，则非也。壁下已成陆地，上有二赋亭。\r\n\r\n是年仲冬抵荆州。琢堂得升潼关观察之信，留余住荆州，余以未得见蜀中山水为怅。时琢堂入川，而哲嗣敦夫眷属及蔡子琴、席芝堂俱留于荆州，居刘氏废园。余记其厅额曰“紫藤红树山房”。庭阶围以石栏，凿方池一亩；池中建一亭，有石桥通焉；亭后筑土垒石，杂树丛生；余多旷地，楼阁俱倾颓矣。客中无事，或吟或啸，或出游，或聚谈。岁暮虽资斧不继，而上下雍雍，典衣沽酒，且置锣鼓敲之。每夜必酌，每酌必令。窘则四两烧刀，亦必大施觞政。遇同乡蔡姓者，蔡子琴与叙宗系，乃其族子也，倩其导游名胜。至府学前之曲江楼，昔张九龄为长史时，赋诗其上，朱子亦有诗曰：“相思欲回首，但上曲江楼。”城上又有雄楚搂，五代时高氏所建。规模雄峻，极目可数百里。绕城傍水，尽植垂杨，小舟荡浆往来，颇有画意。荆州府署即关壮缪帅府，仪门内有青石断马槽，相传即赤兔马食槽也。访罗含宅于城西小湖上，不遇。又访宋玉故宅于城北。昔庾信遇侯景之乱，遁归江陵，居宋玉故宅，继改为酒家，今则不可复识矣。\r\n\r\n是年大除，雪后极寒，献岁发春，无贺年之扰，日惟燃纸炮、放纸鸢、扎纸灯以为乐。既而风传花信，雨濯春尘，琢堂诸姬携其少女幼子顺川流而下，敦夫乃重整行装，合帮而走。由樊城登陆，直赴潼关。\r\n\r\n由山南阌乡县西出函谷关，有“紫气东来”四宇，即老子乘青牛所过之地。两山夹道，仅容二马并行。约十里即潼关，左背峭壁，右临黄河，关在山河之间扼喉而起，重楼垒垛，极其雄峻。而车马寂然，人烟亦稀。昌黎诗曰：“日照潼关四扇开”，殆亦言其冷落耶？\r\n\r\n城中观察之下，仅一别驾。道署紧靠北城，后有园圃，横长约三亩。东西凿两池，水从西南墙外而入，东流至两池间，支分三道：一向南至大厨房，以供日用；一向东入东池；一向北折西、由石螭口中喷入西池，绕至西北，设闸泄泻，由城脚转北，穿窦而出，直下黄河。日夜环流，殊清人耳。竹树阴浓，仰不见天。西池中有亭，藕花绕左右。东有面南书室三间，庭有葡萄架，下设方石，可弈可饮，以外皆菊畦。西有面东轩屋三间，坐其中可听流水声。轩南有小门可通内室。轩北窗下另凿小池，池之北有小庙，祀花神。园正中筑三层楼一座，紧靠北城，高与城齐，俯视城外即黄河也。河之北，山如屏列，已属山西界。真洋洋大观也！余居园南，屋如舟式，庭有土山，上有小亭，登之可览园中之概，绿阴四合，夏无暑气。琢堂为余颜其斋曰”不系之舟”。此余幕游以来第一好居室也。土山之间，艺菊数十种，惜未及含葩，而琢堂调山左廉访矣。眷属移寓潼川书院，余亦随往院中居焉。\r\n\r\n琢堂先赴任，余与子琴、芝堂等无事，辄出游。乘骑至华阴庙。过华封里，即尧时三祝处。庙内多秦槐汉柏，大皆三四抱，有槐中抱拍而生者，柏中抱槐而生者。殿廷古碑甚多，内有陈希夷书“福”、“寿”字。华山之脚有玉泉院，即希夷先生化形骨蜕处。有石洞如斗室，塑先生卧像于石床。其地水净沙明，草多绛色，泉流甚急，修竹绕之。洞外一方亭，额曰“无忧亭”。旁有古树三栋，纹如裂炭，叶似槐而色深，不知其名，土人即呼曰“无忧树”。太华之高不知几千仞，惜未能裹粮往登焉。归途见林柿正黄，就马上摘食之，土人呼止弗听，嚼之涩甚，急吐去，下骑觅泉漱口，始能言，土人大笑。盖柿须摘下煮一沸，始去其涩，余不知也。\r\n\r\n十月初，琢堂自山东专人来接眷属，遂出潼关，由河南入鲁。山东济南府城内，西有大明湖，其中有历下亭、水香亭诸胜。夏月柳阴浓处，菡萏香来，载酒泛舟，极有幽趣。余冬日往视，但见衰柳寒烟，一水茫茫而已。趵突泉为济南七十二泉之冠，泉分三眼，从地底怒涌突起，势如腾沸。凡泉皆从上而下，此独从下而上，亦一奇也。池上有楼，供吕祖像，游者多于此品茶焉。明年二月，余就馆莱阳。至丁卯秋，琢堂降官翰林，余亦入都。所谓登州海市，竟无从一见。', '本文为《浮生六记》其中一篇。', 'indent', 0, '2013-03-08 19:31:03', 5, 10008, '2014-07-23 19:52:42', NULL, NULL),
(10235, '盘铭', '', '苟日新<苟：如果。>，日日新，又日新。', '此文选自中国儒家经典《大学》，相传为商汤王刻在澡盆上的箴言，展示了一种革新的姿态，鞭策自己弃旧图新。', 'center', 1, '2013-03-08 19:49:08', 5, 10062, '2014-08-20 14:28:19', '', ''),
(10236, '归程小记', '', '予每北上，常修然独往来，一与人同，未免屈意以循之，殊非其性，杜子美诗：眼前无俗物，多病也身轻。子美真可语也。昨自瓜洲渡江，四顾无人，独览江山之胜，殊为快意。过浒墅，风雨萧飒如高秋，西山屏列，远近掩映，凭栏眺望，亦是奇游，山不必涉乃佳也。', '一个人的旅游，安静美好。', 'indent', 1, '2013-03-08 20:07:54', 5, 10004, '2014-08-18 12:31:32', NULL, NULL),
(10237, '寒花葬志', '', '婢，魏孺人媵也。嘉靖丁酉五月四日死，葬虚丘。事我而不卒，命也夫！\r\n\r\n婢初媵时，年十岁，垂双鬟，曳深绿布裳。一日，天寒，爇火煮荸荠熟，婢削之盈瓯；余入自外，取食之；婢持去，不与。魏孺人笑之。孺人每令婢倚几旁饭，即饭，目眶冉冉动。孺人又指予以为笑。\r\n\r\n回思是时，奄忽便已十年。吁！可悲也已！', '', 'indent', 0, '2013-03-08 20:11:15', 5, 10004, '2014-07-23 19:52:42', NULL, NULL);
INSERT INTO `work` (`id`, `title`, `foreword`, `content`, `intro`, `layout`, `highlight`, `create_time`, `type_id`, `author_id`, `updated_at`, `mobile_content`, `mobile_title`) VALUES
(10238, '金石录后序', '', '右《金石录》三十卷者何？赵侯德父所著书也。取上自三代，下迄五季，钟、鼎、甗、鬲、盘、匜、尊、敦之款识，丰碑大碣、显人晦士之事迹，凡见于金石刻者二千卷，皆是正讹谬，去取褒贬，上足以合圣人之道，下足以订史氏之失者皆载之，可谓多矣。呜呼！自王播、元载之祸，书画与胡椒无异；长舆、元凯之病，钱癖与传癖何殊？名虽不同，其惑一也。\r\n\r\n余建中辛巳，始归赵氏。时先君作礼部员外郎，丞相作吏部侍郎，侯年二十一，在太学作学生。赵、李族寒，素贫俭，每朔望谒告出，质衣取半千钱，步入相国寺，市碑文果实归，相对展玩咀嚼，自谓葛天氏之民也。后二年，出仕宦，便有饭蔬衣綀，穷遐方绝域，尽天下古文奇字之志。日就月将，渐益堆积。丞相居政府，亲旧或在馆阁，多有亡诗、逸史，鲁壁、汲冢所未见之书，遂尽力传写，浸觉有味，不能自已。后或见古今名人书画，一代奇器，亦复脱衣市易。尝记崇宁间，有人持徐熙《牡丹图》求钱二十万。当时虽贵家子弟，求二十万钱岂易得耶？留信宿，计无所出而还之。夫妇相向惋怅者数日。\r\n\r\n后屏居乡里十年，仰取俯拾，衣食有馀。连守两郡，竭其俸入以事铅椠。每获一书，即同共勘校，整集签题。得书画彝鼎，亦摩玩舒卷，指摘疵病，夜尽一烛为率。故能纸札精致，字画完整，冠诸收书家。余性偶强记，每饭罢，坐归来堂烹茶，指堆积书史，言某事在某书某卷第几页第几行，以中否角胜负，为饮茶先后。中即举杯大笑，至茶倾覆怀中，反不得饮而起。甘心老是乡矣！故虽处忧患困穷，而志不屈。\r\n\r\n收书既成，归来堂起书库大橱，簿甲乙，置书册。如要讲读，即请钥上簿，关出卷帙。或少损污，必惩责揩完涂改，不复向时之坦夷也。是欲求适意而反取憀栗。余性不耐，始谋食去重肉，衣去重采，首无明珠翡翠之饰，室无涂金刺绣之具，遇书史百家字不刓阙、本不讹谬者，辄市之，储作副本。自来家传周易、左氏传，故两家者流，文字最备。于是几案罗列，枕席枕藉，意会心谋，目往神授，乐在声色狗马之上。\r\n\r\n至靖康丙午岁，侯守淄川。闻金人犯京师。四顾茫然，盈箱溢箧，且恋恋，且怅怅，知其必不为己物矣。建炎丁未春三月，奔太夫人丧南来。既长物不能尽载，乃先去书之重大印本者，又去画之多幅者，又去古器之无款识者，后又去书之监本者，画之平常者，器之重大者。凡屡减去，尚载书十五车。至东海，连舻渡淮，又渡江，至建康。青州故第，尚锁书册什物，用屋十馀间，期明年春再具舟载之。十二月，金人陷青州，凡所谓十馀屋者，已皆为煨烬矣。\r\n\r\n建炎戊申秋九月，侯起复，知建康府。己酉春三月罢，具舟上芜湖，入姑孰，将卜居赣水上。夏五月，至池阳，被旨知湖州，过阙上殿。遂驻家池阳，独赴召。六月十三日，始负担舍舟，坐岸上，葛衣岸巾，精神如虎，目光烂烂射人，望舟中告别。余意甚恶，呼曰：“如传闻城中缓急，奈何？”戟手遥应曰：“从众。必不得已，先去辎重，次衣被，次书册卷轴，次古器。独所谓宗器者，可自负抱，与身俱存亡，勿忘之！”遂驰马去。途中奔驰，冒大暑，感疾。至行在，病痁。七月末，书报卧病。余惊怛，念侯性素急，奈何病痁？或热，必服寒药，疾可忧。遂解舟下，一日夜行三百里。比至，果大服柴胡、黄芩药，疟且痢，病危在膏肓。余悲泣，仓皇不忍问后事。八月十八日，遂不起，取笔作诗，绝笔而终，殊无分香卖履之意。\r\n\r\n葬毕，余无所之。朝廷已分遣六宫，又传江当禁渡。时犹有书二万卷，金石刻二千卷，器皿茵褥可待百客，他长物称是。余又大病，仅存喘息，事势日迫，念侯有妹婿任兵部侍郎，从卫在洪州，遂遣二故吏先部送行李往投之。冬十二月，金人陷洪州，遂尽委弃。所谓连舻渡江之书，又散为云烟矣。独馀少轻小卷轴、书帖，写本李、杜、韩、柳集，世说，盐铁论，汉唐石刻副本数十轴，三代鼎鼐十数事，南唐写本书数箧，偶病中把玩，搬在卧内者，岿然独存。\r\n\r\n上江既不可往，又虏势叵测。有弟迒，任敕局删定官，遂往倚之。到台，台守已遁，之剡。出陆，又弃衣被走黄岩，雇舟入海奔行朝。时驻跸章安，从御舟海道之温，又之越。庚戌十二月，方散百官，遂之衢。绍兴辛亥春三月，复赴越。壬子，又赴杭。先侯疾亟时，有张飞卿学士，携玉壶过视侯，便携去，其实珉也。不知何人传道，遂妄言有颁金之语，或传亦有密论列者。余大惶怖，不敢言，亦不敢遂已，尽将家中所有铜器等物，欲赴外廷投进。到越，已移幸四明。不敢留家中，并写本书寄剡。后官军收叛卒，取去，闻尽入故李将军家。所谓岿然独存者，无虑十去五六矣。惟有书画砚墨可五七簏，更不忍置他所，常在卧榻下，手自开阖。在会稽，卜居土民钟氏舍，忽一夕，穴壁负五簏去。余悲恸不已，重立赏收赎。后二日，邻人钟复皓出十八轴求赏，故知其盗不远矣。万计求之，其余遂劳不可出。今知尽为吴说运使贱价得之。所谓岿然独存者，乃十去其七八。所有一二残零不成部帙书册，三数种平平书帖，犹复爱惜如护头目，何愚也邪！\r\n\r\n今日忽阅此书，如见故人。因忆侯在东莱静治堂，装卷初就，芸签缥带，束十卷作一帙。每日晚吏散，辄校勘二卷，跋题一卷。此二千卷，有题跋者五百二十卷耳。今手泽如新而墓木已拱，悲夫！\r\n\r\n昔萧绎江陵陷没，不惜国亡而毁裂书画；杨广江都倾覆，不悲身死而复取图书。岂人性之所著，死生不能忘之欤？或者天意以余菲薄，不足以享此尤物耶？抑亦死者有知，犹斤斤爱惜，不肯留在人间耶？何得之艰而失之易也？呜呼！余自少陆机作赋之二年，至过蘧瑗知非之两岁，三十四年之间，忧患得失，何其多也！然有有必有无，有聚必有散，乃理之常。人亡弓，人得之，又胡足道！所以区区记其终始者，亦欲为后世好古博雅者之戒云。\r\n\r\n绍兴二年玄黓岁壮月朔甲寅，易安室题。', '此文是李清照为她的丈夫赵明诚以毕生心血所著的金石学名作《金石录》所作的序言。', 'indent', 0, '2013-03-08 20:18:23', 5, 10043, '2014-07-23 19:52:42', NULL, NULL),
(10240, '秋灯琐忆', '', '道光癸卯闰秋，秋芙来归。漏三下，臧获皆寝。秋芙绾堕马髻，衣红绡之衣，灯花影中，欢笑弥畅，历言小年嬉戏之事。渐及诗词，余苦水舌挢不能下，因忆昔年有传闻其《初冬诗》云“雪压层檐重，风欺半臂单”，余初疑为阿翘假托，至是始信。于时桂帐虫飞，倦不成寐。盆中素馨，香气滃然，流袭枕簟。秋芙请联句，以观余才，余亦欲试秋芙之诗，遂欣然诺之。余首赋云：“翠被鸳鸯夜，”秋芙续云：“红云织蟔楼。花迎纱幔月，”余次续云：“入觉枕函秋。”犹欲再续，而檐月暧斜，邻钟徐动，户外小鬟已啁啁来促晓妆矣。余乃阁笔而起。 \r\n\r\n数曰不入巢园，阴廊之间，渐有苔色，因感赋二绝云：“一觉红蕤梦，朝记记不真。昨宵风露重，忆否忍寒人？”“镜槛无人拂，房栊久不开。欲言相忆处，户下有青苔。”时秋芙归宁三十五曰矣。群季青绫，兴应不浅，亦忆夜深有人，尚徘徊风露下否？ \r\n\r\n秋芙之琴，半出余授。入秋以来，因病废辍。既起，指法渐疏，强为理习，乃与弹于夕阳红半楼上。调弦既久，高不成音，再调则当五徽而绝。秋芙索上新弦，忽烟雾迷空，窗纸欲黑。下楼视之，知雏鬟不戒，火延幔帷。童仆扑之始灭。乃知猝断之弦，其谶不远，况五，火数也，应徽而绝，琴其语我乎？\r\n\r\n秋芙以金盆捣戎葵叶汁，杂于云母之粉，用纸拖染，其色蔚绿，虽澄心之制，无以过之。曾为余录《西湖百咏》，惜为郭季虎携去。季虎为余题《秋林著书图》云：“诗成不用苔笺写，笑索兰闺手细钞”，即指此也。秋芙向不工书，自游魏滋伯，吴黟山两丈之门，始学为晋唐格。惜病后目力较差，不能常事笔墨。然间作数字，犹是秀媚可人。 \r\n\r\n夏夜苦热，秋芙约游理安。甫出门，雷声殷殷，狂飙疾作。仆夫请回车，余以游兴方炽，强趣之行。永及南屏，而黑云四垂，山川瞑合。俄见白光如练，出独秀峰顶，经天丈余，雨下如注，乃止大松树下。雨霁更行，觉竹风骚骚，万翠浓滴，两山如残妆美人，蹙黛垂眉，秀色可餐。余与秋芙且观且行，不知衣袂之既湿也。时月查开士主讲理安寺席，留饭伊蒲，并以所绘白莲画帧见贻。秋芙题诗其上，有“空到色香何有相，若离文字岂能禅”之句。茶话既洽，复由杨梅坞至石屋洞，洞中乱石排拱，几察俨然。秋芙安琴磐磴，鼓《平沙落雁》之操，归云滃然，涧水互答，此时相对，几忘我两人犹生尘世间也。俄而残暑渐收，暝烟四起，回车里许，已月上苏堤杨柳梢矣。是曰，屋漏床前，窗户皆湿，童仆以重门锁扃，未获入视。俟归，已蝶帐蟁橱，半为泽国，呼小婢以筠笼熨之，五鼓始睡。 \r\n\r\n秋芙喜绘牡丹，而下笔颇自矜重。嗣从老友杨渚白游，活色生香，遂入南田之室。时同人中寓余草堂及晨夕过从者，有钱文涛、费子苕，严文樵、焦仲梅诸人，品叶评花，弥曰不倦。既而钱去杨死，焦严诸人各归故乡。秋芙亦以盐米事烦，弃置笔墨。惟余纨扇一枚，犹为诸人合画之笔，精神意态，不减当年，暇曰观之，不胜宾朋零落之感。\r\n\r\n桃花为风雨所摧，零落池上，秋芙拾花瓣砌字，作《谒金门》词云：“春过半，花命也如春短。一夜落红吹渐漫，风狂春不管。”“春”字未成，而东风骤来，飘散满地，秋芙怅然。余曰，“此真个‘风狂春不管’矣！”相与一笑而罢。 \r\n\r\n余旧蓄一绿鹦鹉，字曰“翠娘”，呼之辄应。所诵诗句，向为侍儿秀绢所教。秀绢既嫁，翠娘饮啄常失时，曰渐憔悴。一曰，余起盥沐，闻帘外作细语声，恍如秀娟声吻，惊起视之，则翠娘也。杨枝去数月矣，翠娘有知，亦忆教诗人否？ \r\n\r\n秋芙每谓余云： “人生百年，梦寐居半，愁病居半，襁褓垂老之曰又居半，所仅存者，十之一二耳，况我辈蒲柳之质，犹未必百年者乎！庾兰成云：一月欢娱，得四五六曰。想亦自解语耳。”斯言信然。\r\n\r\n平生未作百里游。甲辰娥江之役，秋芙方病寒疾，欲更行期。而行装既发，黄头促我矣。晚渡钱江，飓风大作，隔岸越山，皆低鬟敛眉，郁郁作相对状，因忆子安《滕王阁序》云：“天高地迥，觉宇宙之无穷，兴尽悲来，识盈虚之有数。”殊觉此身茫茫，不知当置何所。明河在天，残灯荧荧，酒醒已五更时矣。欲呼添衣，而罗帐垂垂，四无人应，开眼视之，始知此身犹卧舟中也。 \r\n\r\n秋月正佳，秋芙命雏鬟负琴，放舟两湖荷芰之间。时余自西溪归，及门，秋芙先出，因买瓜皮迹之，相遇于苏堤第二桥下。秋芙方鼓琴作《汉宫秋怨》曲，余为披襟而听。斯时四山沉烟，星月在水，琤瑽杂鸣，不知天风声环佩声也。琴声末终，船唇已移近漪园甫岸矣。固叩白云庵门。庵尼故相识也，坐次，采池中新莲，制羹以进。香色清冽，足沁肠睹，其视世味腥膻，何止薰莸之别。回船至段家桥登岸，施竹簟于地，坐话良久。闻城中尘嚣声，如蝇营营，殊聒人耳。桥上石柱，为去年题诗处，近为嫔衣剥蚀，无复字迹。欲重书之，苦无中书。其时星斗渐稀，湖气横白，听城头更鼓，已沉沉第四通矣，遂携琴刺船而去。 \r\n\r\n余莲村来游武林，以惠山泉一瓮见饷。适墨傎开士主讲天曰山席，亦寄头纲茶来。竹炉烹饮，不啻如来滴水，遍润八万四千毛孔，初不待卢仝七碗也。莲村止余草堂十有馀曰，剪烛论文，有逾胶漆。惜言欢未终，饥为驱去。树云相望，三年于兹矣。常忆其论吴门诸子诗，极称觉阿开士为闻见第一。觉阿以名秀才剃落佛前，磨砖十年，得正法眼藏。所居种梅三百余本，香雪满时，跌坐其下，禅定既起，间事吟咏。有《咏怀诗》云：“自从一见楞严后，不读人间糠粕书。”昔简斋老人论《华严经》云：“文义如一桶水，倒来倒去。”不特不解《华严》，直是未见《华严》语。以视觉阿，伺止上下床之别耶！惜未见全诗，不胜半偈之憾。闻莲村近客毗陵，暇曰当修书问之。\r\n\r\n夜来闻风雨声，枕簟渐有凉意。秋芙方卸晚妆，余坐案傍。制《百花图记》未半，闻黄叶数声，吹堕窗下．秋芙顾镜吟曰：“昨曰胜今曰，今年老去年。”余怃然云：“生年不满百，安能为他人拭涕！”辄为掷笔。夜深，秋芙思饮，瓦铞温暾，已无余火，欲呼小鬟，皆蒙头户间，为趾离召去久矣。余分案上灯置茶灶间，温莲子汤一瓯饮之。秋芙病肺十年，深秋咳嗽，必高枕始得熟睡。今年体力较强，拥髻相对，常至夜分，殆眠餐调摄之功欤？然入秋犹未数曰，未知八九月间更复何如耳。 \r\n\r\n余为秋芙制梅花画衣，香雪满身，望之如绿萼仙人，翩然尘世。每当春暮，翠袖凭栏，鬓边蝴蝶，犹栩栩然不知东风之既去也。扫地焚香，喻佛法耳，谓如此即可成佛，则值寺阍黎，已充满极乐国矣。秋芙性爱洁，地有纤尘，必亲事箕帚。余为举王栖云偈云：“曰曰扫地上，越扫越不净。若要地上净，撇却苕帚柄。”秋芙卒不能悟。秋荚辨才十倍于我，执于斯者，良亦积习使然。\r\n\r\n余居湖上十年，大人月给数十金，资余盐米。余以挥霍，每至匮乏，夏葛冬裘，递质递赎，敝箧中终岁常空空也。曾赋诗示秋芙云：“一寒至此怜张禄，再拥无由惜谢耽。箧为频搜卿有意，裈犹可挂我何惭。”纪实也。 \r\n\r\n丁未冬，伊少沂大令课最北行，余饯之草堂，来会者二十余人。酒次，李山樵鼓琴，吴康甫作擘窠书，吴乙杉、杨渚白、钱文涛分画四壁，馀或拈韵赋诗，清谈瀹茗。惟施庭午、田望南、家宾梅十余人，踞地赌霸王拳，狂饮疾呼，酒尽数十觥不止。是夕，风月正佳，余留诸人为长夜饮。羊灯既上，洗盏更酌，未及数巡，而呼酒不至。讶询秋芙，答云： “瓶罍罄矣。床头惟馀数十钱，余脱玉钏换酒，酒家不辨真赝，今付质库，去市远，故未至耳。”余为诵元九“泥他沽酒拔金钗”诗，相对怅然。是集得诗数十篇，酒尽八九瓮，数年来文酒之乐，于斯为盛。自此而后，踪迹天涯，云萍聚散，余与秋芙亦以尘事相羁，不能屡为山泽游矣。 \r\n\r\n秋芙素不工词，忆初作《菩萨蛮》云：“莫道铁为肠，铁肠今也伤。”造意尖新，无板滞之病。其后余游山阴，秋芙制《洞仙歌》见寄，气息深稳，绝无疵颠，余始讶其进境之速。归后索览近作，居然可观，乃知三曰之别，固非昔曰阿蒙矣。昔瑶花仙史降乩巢团，目秋芙为昙阳后身，观其辨才，似亦可信。加以长斋二十年，《楞严》《法华》熟诵数千卷，定而生蕙，一指半偈，犹能言下了悟，况区区文字间乎！昔人谓“书到今生读已迟”，余于秋芙信之矣。\r\n\r\n秦亭山西去二十里，地名西溪，余家槐眉庄在焉。缘溪而西，地多芦苇，秋风起时，晴雪满滩，水波弥漫，上下一色。芦花深处，置精蓝数椽，以奉瞿昙，曰“云章阁”。阁去庄里余，复涧回溪，非苇杭不能到也。时有佛缘僧者，居华坞∴斋，相传戒律精严，知未来之事。乙巳秋，余因携秋芙访之，叩以面壁宗旨，如聩如聋，鼻孔撩天，曷胜失笑。时残雪方晴，堂下绿梅，如尘梦初醒，玉齿粲然。秋芙约为永兴寺游，遂与登二雪堂，观汪夫人方佩书刻。还坐溪上，寻炙背鱼、翦尾螺，皆颠师胜迹。明曰更游交芦，秋雪诸刹，寺僧以松萝茶进，并索题《交芦雅集图卷》。回船已夕阳在山，晚钟催饭矣。霜风乍寒，溪上澄波粼粼，作皱縠纹。秋芙时著薄棉，有寒色，余脱半臂拥之。夜半至庄，吠尨迎门，回里隔溪渔火，不减鹿门晚归时也。秋芙强余作游记诗，遂与挑灯命笔，不觉至曙。 \r\n\r\n秋芙有停琴伫月小彰，悬之寝室，曰以沈水供之。将归，戏谓余曰： “夜窗孤寂，留以伴君，君当酬以瓣香。无扃置空房，令娥眉有秋风团扇悲也。” \r\n\r\n晓过妇家。窗栊犹闭，微闻仓琅一声，似鸾篦堕地，重帘之中，有人晓妆初就也。时初曰在梁，影照窗户，盘盘腻云，光足鉴物，因忆微之诗云：“水晶帘底看梳头”，古人当曰，已先我消受眼福。\r\n\r\n关、蒋故中表亲。余未聘时，秋芙来余家，绕床弄梅，两无嫌猜。丁亥元夕，秋芙来贺岁，见于堂前。秋芙衣葵绿衣，余著银红绣袍，肩随额齐，钗帽相傍。张情齐丈方居巢园，谓大人曰：“俨然佳儿佳妇。”大人遂有丝罗之意。后数月，巢园鼠姑作花，大人招亲朋，置酒花下。秋芙随严君来。酒次，秋芙收筵上果脯，藏帊中。余夺之，秋芙曰：“余将携归，不汝食也。”余戏解所系巾，曰：“以此缚汝，看汝得归去否？”秋芙惊泣，乳妪携去始解。大人顾之而笑。固倩俞霞轩师为之蹇修，筵上聘定。自后数年，绝不相见。大人以关氏世有姻娅，岁时仍率余往趋谒，故关氏之庭，迹虽疏，未尝绝也。忆壬辰新岁，余往，入门见青衣小鬟，拥一粲姝上车而去。俄闻屏间笑声，乃知出者即为秋芙。又一年，圃桥试近，妻父集同人会文，意在察婿。置酒后堂，余列末座。闻湘帘之中，环玉相触，未知有秋关在否。又一年，余行市间，忽车雷声中，帘□疾卷，中有丽人，相注作熟视状。最后一车，似是妻母，意卷帘人即膝前娇女也。又一年，余举弟子员，大人命余晋谒。庭遇秋芙，戴貂茸，立蜜梅花下。俄闻银钩一声，无复鸿影。余自聘及迎，相去凡十五年，五经邂逅，及却扇筵前，剪灯相见，始知颊上双涡，非复旧时丰满矣。今去结缡又复十载，余与秋芙皆鬓有霜色，未知数年而后，更作何状？忽忽前尘，如梦如醉，质之秋芙，亦忆一二否？\r\n\r\n秋芙谓“元九《长庆集》诗，如土饭尘羹，食者不知有味。惟《悼亡》三诗，字字泪痕，不堕浮艳之习。”余曰：“未必不似宋考功于刘希夷事耳。不然，微之轻薄小人，安能为此刻骨语？” \r\n\r\n余读《述异记》云“龙眠于渊，颔下之珠，为虞人所得，龙觉而死”，不胜叹息。秋芙从旁语曰：“此龙之罪也。颔下有珠，则宜知宝。既不能宝而为人得，则唏嘘云雨，与虞人相持江湖之间，珠可还也。而以身殉之，龙则逝矣，而使珠落人手，永无还曰，龙岂爱珠者哉？”余默然良久，曰：“不意秋芙亦能作议论，大奇。” \r\n\r\n葛林园为招贤寺遗址，有水榭数楹，俯瞰竹石。榭下有池，矩□横架其上。池偏凌霄花一本，藤蔓蜿蜒，相传为唐宋时物，诗僧半颠及其师破林，驻锡于此数十年矣。己酉初夏，积潦成灾，余所居草堂，巳为泽国。半颠以书相招，遂与秋芙往借居焉。是时，城市可以行舟，所交宾朋，无歹中隔。曰与半颠谈禅，间以觞咏，悠悠忽忽，不知人间有岁月矣。闻岳坟卖馂馅馒首，曰使赤脚婢数钱买之。瞰食既饱，分饲池鱼。秋芙起拊栏楯，误堕翠簪，水花数圈，杳不能迹，惟簪上所插素馨，漂浮波上而已。池偏为梁氏墓庐，庐西有门，久鞠茂草。庐居梁氏族子数人，出入每由寺中。梁有劣弟，贫乏不材。余居月惊，阅墙之声，未歇于耳。一曰，余行池上，闻剥啄声。寺僧方散午斋，余为启扉。有毡笠布衣者，问梁某在否，余为指示。其人入粱氏庐，余亦闭门。半颠知之，因见梁，问来者云何，梁曰：“无之。”相与遍索室中，不得。惟东偏小楼，扃闭甚固，破窗而入，其弟已缢死床上矣，乃知叩门者缢死鬼耳！自后鬼语啾啾，夜必达旦，梁以心恇迁去。余与秋芙虽恃《楞严》卫护之力，而阴霾逼人，究难长处。时水潦已退，旋亦移归草堂，嗣闻半颠飞锡南屏。余不过此寺又数年矣，未知近曰楼中，尚复有人居住否？\r\n\r\n枕上不寐，与秋芙论古今人材，至韩擒虎。余曰：“擒虎生为上柱国，死不失为阎罗王，亦侥幸甚矣。”秋英笑曰：“特张嫦娥诸人之冤，无可控告，奈何？” \r\n\r\n大人晚年多疴，余与秋芙结坛修玉皇忏仪四十九曰。秋芙作骈俪疏文，辞义奥艳，惜稿无遗存，不可记忆。维时霜风正秋，瓶中黄菊，渐有佳色。夜深钟磐一鸣，万籁皆伏。沈烟笼罩中，恍觉上清官阙，即现眼前，不知身在人世间也。 \r\n\r\n秋芙所种芭蕉，已叶大成荫，荫蔽帘幕。秋来雨风滴沥，枕上闻之，心与俱碎。一曰，余戏题断句叶上云：“是谁多事种芭蕉，早也潇潇，晚也潇潇。”明曰见叶上续书数行云：“是君心绪太无聊，种了芭蕉，又怨芭蕉。”字画柔媚，此秋芙戏笔也，然余于此，悟入正复不浅。 \r\n\r\n春夜扶鸾，瑶花仙史降坛，赋《双红豆》词云：“风丝丝，雨丝丝，谁使花粘蛛网丝？春光留一丝。 烟丝丝，柳丝丝，依与红蚕同有丝。蚕丝依鬓丝。”又《贺新凉》赠秋芙云：“久未城西过。料如今、夕阳楼畔，芭蕉新大。曰曰东风吹暮雨，闻道病愁无那。况几曰妆台梳裹。纸薄衫儿寒易中，算相宜还是摊衾卧。切莫向，夜深坐。 西池已谢桃花朵。恁青鸾、天天来去，书儿无个。一卷楞严应读遍，能否情惮参破？问归计甚时才可？双凤归来星月下，好细斟元碧相称贺。须预报，玉楼我。”甲辰岁，仙史曾降笔草堂，指示金丹还返之道，故有“久未西城过”之语。\r\n\r\n忆戊申秋曰，寄秋芙七古—首，诗云：“干萤冷贴屏风死，秋逼兰釭落花紫。满床风雨不成眠，有人剪烛中霄起。风雨秋凉玉簟知，镜台钗股最相思。伤心独忆闺中妇，应是残灯拥髻时。髻影飘萧同卧病，中间两接红鲂信。病热曾云甘蔗良，心忪或藉浮瓜镇。夜半传闻还织素，锦诗渐满回文数。可怜玉臂岂禁寒，连波只悔从前错。从前听雨芙蓉室，同衾忆汝初来曰。才见何郎卺合双，便疑司马心非一。鸿庑牛衣感最深，春衣典后况无金。六年费汝金钗力，买得萧郎薄幸心。薄幸明知难自避，脱舆未免参人议。或有珠期浦口还，何曾剑忍微时弃。端赖鸳鸯壶内语，疏狂尚为鲰生恕。无端乞我卖薪钱，明朝便决归宁去。去曰青荷初卷叶，罗衣曾记箱中叠。一年容易到秋风，渡江又阻归来楫。我似齐纨易弃捐，怀中冷暖仗人怜。名争蜗角难言胜，命比蚕□岂久坚。莫为机丝曾有故，蛾眉何人能持护？门前但看合欢花，也须各有归根树。树犹如此我何堪，近信无由绮阁探。拥到兰衾应忆我，半窗残梦雨声参。雨声入夜生惆怅，两家红烛昏罗帐。一例悲欢各自听，楚魂来去芭蕉上。芭蕉叶大近窗楹，枕上秋天不肯明。明曰谢家堂下过，入门预想绣鞋声。”此稿遗佚十年，枕上忽忆及之，命笔重书，恍惚如梦。 \r\n\r\n晚来闻络纬声，觉胸中大有秋气。忽忆宋玉悲秋《九辩》，击枕而读。秋芙更衣阁中，良久不出。闻唤始来，眉间有秋色。余问其故，秋芙曰：“悲莫悲兮生别离，何可使我闻之？”余慰之曰：“因缘离合，不可定论。余与子久皈觉王，誓无他趣。他曰九莲台上，当不更结离恨缘，何作此无益之悲也？昔锻金师以一念之誓，结婚姻九十余劫，况余与子乎？”秋芙唯唯，然颊上粉痕，已为泪花污湿矣。余亦不复卒读。\r\n\r\n秋芙藏有书尺，为吴黟山所贻。尺长尺余，阔二寸许。相传乾隆壬子，泰山汉柏出火自焚，钱塘高迈庵拾其烬余，以为书尺，刻铭于上。铭云：“汉已往，柏有神。坚多节，含古春。劫灰未烬兮，芸编是亲。然藜痹徽兮，焦桐共珍。” \r\n\r\n开户见月，霜天悄然，固忆去年今夕，与秋芙探梅巢居阁下，斜月暧空，远水渺口，上下千里，一碧无际，相与登补梅亭，瀹茗夜谈，意兴弥逸。秋芙方戴梅花鬓翘，虬枝在檐，遽为攫去，余为摘枝上花朴之。今亭且倾圮，花木荒落，惟口娥有情，尚往来孤山林麓间耳。 \r\n\r\n秋芙好棋，而不甚精，每夕必强余手谈，或至达旦。余戏举竹坨同云：“簸钱斗草已都输，问持底今宵偿我？”秋芙故饰词云：“君以我不能胜耶？请以所佩玉虎为赌。”下数十子，棋局惭输，秋芙纵膝上口儿搅乱棋势。余笑云：“子以玉奴自况欤？”秋芙嘿然。而银烛荧荧，已照见桃花上颊矣。自此更不复棋。\r\n\r\n去年燕来较迟，帘外桃花，已零落殆半。夜深巢泥忽倾，堕雏于地。秋芙惧为口儿所攫，急收取之，且为钉竹片于梁，以承其巢。今年燕子复来，故巢犹在，绕屋呢喃，殆犹忆去年护雏人耶？ \r\n\r\n同里沈湘涛夫人与秋芙友善，赠以所著诗词属为删校。中有句云：“却喜近来归佛后，清才渐觉不如前。”因忆前见朱莲卿诗，有“却喜今年身稍健，相逢常得笑颜生”之句，两“喜”字用法不同，各极沉痛。莲卿近得消渴疾，两月未起，霜风在林，未知寒衣曾检点否？ \r\n\r\n斜月到窗，忽作无数个“人”字，知堂下修篁解箨矣。忆居槐眉庄，庄前种竹数弓。笋泥初出，秋荚命秀娟携鸦嘴锄，口数筐，煮以盐菜，香味甘美，初不让廷秀煮笋经也。秀娟嫁数年，如林中绿衣人得锦绷儿矣。惟余老守谷中，鬓颜非故，此君有知，得无笑人？\r\n\r\n虎跑泉上有术樨数株，偃伏石上，花时黄雪满阶，如游天香国中，足怡鼻观。余负花癖，与秋芙常煮茗其下。秋芙攒花簪鬓，额上发为树枝捎乱，余为蘸泉水掠之。临去折花数枝，插车背上，携入城口，欲人知新秋消息也。近闻寺憎添植数本，金粟世界，定更为如来增色矣。秋风匪遥，早晚应有花信，花神有灵，亦忆去年看花人否？ \r\n\r\n宾梅宿予草堂，漏三下，闻邻人失火，急率仆从救之。及门，已扑灭矣。惟闻空中语云：“今曰非有力人居此，此境几为焦土。”言顷，有二道入与一比丘自天而下。道人戴藕华冠，衣蟠龙口口之袍。其一玉貌长髯，所衣所冠皆黄金色。比丘踵道人之后，若木若讷。藕冠者曰：“吾名证若，居青城赤水之间，访蒋居士至此。”与长须道人拂尘而歌，歌长数千言，未暇悉记。惟记其末句云：“只回来巧递了云英密信，那裴航痴了心，何时得醒？若不早回头，累我飞升。醒，醒，醒，明曰阴晴难信。”歌竟而逝。趋视之，则星月在户，残灯不明，惟闻落叶数声，蘧然一梦觉也。既旦，告予，予曰：“余家断杀数十年，而修鸿宝之道六七载，至今黄口飞腾，犹少返还之诀。岂仙师垂悯凡愚，现身说法欤？歌中曰“云英”，云英者，岂以余闺房之缘，未解缠缚，而讽咏示警欤？时予与秋荚修陀罗尼忏数月矣，所谓比丘者，岂观音化身，寻声自西竺来欤？ \r\n\r\n秋芙病，居母家六十余曰。臧获陪侍，多至疲惫。其昼夜不辍者，仅余与妻妹侣琼耳。余或告归，侣琼以身代予，事必手亲，故药炉病榻之间，予得赖以息肩。侣琼固情笃友于，然当此患难之时，而荼苦能甘，亦不自觉伺以至是也。秋芙生负情癖，病中尤为缠缚。余归，必趣人召余，比至，仍无一语。侣琼问之，秋芙曰：“余命如悬丝，自分难续，仓猝恐无以与诀，彼来，余可撒手行耳。”余闻是言，始觉腹痛，继思秋芙念佛二十年，誓赴金台之迎，观此一念，恐异曰轮堕人天，秋芙犹未能免。手中梧桐花，放下正自不易耳。\r\n\r\n秋夜正长，与妻妹珮琪围棋，三战三北，自念平生此技未肯让人，珮琪年未及笄，所造如此，殆天授耶？珮琪性静默，有林下风，字与诗篇，靡不精晓，自言前身自上清官来。观其神寒骨清，洵非世间烟火人也。今不与对局数年矣，布算之神，应更倍昔。他曰谢家堂上，当效楚子反整师复战，期雪曩年城下之耻。 \r\n\r\n踏月夜归，秋荚方灯下呼卢。座中有人一掷得六么色，余戏为《卜算子》词云：“妆阁夜呼卢，钗影阑干背。六个骰儿六个窝，到底都成对。 借问阿谁赢，莫是青溪妹？赚得回头一顾无，试报说金钮坠。”秋芙见面笑曰：“如此绮语，不虑方子鞭背耶？” \r\n\r\n近作小词，有句云：“不是绣衾孤，新来梦也无。”又《买陂塘》后半云：“中门掩，更念荀郎忧困，王瓯莲子亲进。无端别了秦楼去，食性伺人猜准。闲抚鬓。看半载相思，又及三春尽。前期未稳。怕再到兰房，剪灯私语，做梦也无分。”时宾梅以纨扇属书，团戏录之。宾梅见而笑曰：“做梦何以无分？”秋芙笑云：“想新来梦也无耳。”相与绝倒。\r\n\r\n甲辰秋，同入招游月湖。夜深为风露所欺。明曰复集吴山笙鹤楼，中酒禁寒。归而病热几殆，赖乩示方药，始获再生。越一年，为丙午岁，疽发背间，旋复病疟。方届秋试，扶病登车，未及试院，而魂三逝矣。仆从舁归，匝月始安。已酉之夏，复病疮痢，俯枕三月，痛甚剥肤。六年之间，三堕病劫，秋芙每侍余疾，衣不解带。柔脆之质，岂禁劳瘁，故余三病，而秋芙亦三病也。余生有懒疾，自己酉奉讳以来，火死灰寒，无复出山之想。惟念亲亡未葬，弟长未婚，为生平未了事。然先人生圹久营，所需卜吉。增弟年二十矣，兔郭数顷田，足可耕食。数年而后，当与秋芙结庐华坞河渚间，夕梵晨钟，忏除慧业。花开之曰，当并见弥陀，听无生之法。即或再堕人天，亦愿世世永为夫妇。明曰为如来潘涅槃曰，当持此誓，证明佛前。', '《秋灯琐忆》是清代文人蒋坦所作散文集，内容记述了他与爱妻秋芙的日常生活琐事。这是一对情深意笃、才情清绝、心性淡远的夫妻，他们意趣高雅，性情相契，尽管生活贫寒，却整日涵泳于琴棋书画中，陶然忘忧。文辞极美，叙事传情栩然哀切，辄催人泪下。', 'indent', 1, '2013-03-08 21:45:08', 5, 10046, '2014-08-19 14:53:53', '关、蒋故中表亲。余未聘时，秋芙来余家，绕床弄梅，两无嫌猜。丁亥元夕，秋芙来贺岁，见于堂前。秋芙衣葵绿衣，余著银红绣袍，肩随额齐，钗帽相傍。张情齐丈方居巢园，谓大人曰：“俨然佳儿佳妇。”大人遂有丝罗之意。后数月，巢园鼠姑作花，大人招亲朋，置酒花下。秋芙随严君来。酒次，秋芙收筵上果脯，藏帊中。余夺之，秋芙曰：“余将携归，不汝食也。”余戏解所系巾，曰：“以此缚汝，看汝得归去否？”秋芙惊泣，乳妪携去始解。大人顾之而笑。固倩俞霞轩师为之蹇修，筵上聘定。自后数年，绝不相见。大人以关氏世有姻娅，岁时仍率余往趋谒，故关氏之庭，迹虽疏，未尝绝也。忆壬辰新岁，余往，入门见青衣小鬟，拥一粲姝上车而去。俄闻屏间笑声，乃知出者即为秋芙。又一年，圃桥试近，妻父集同人会文，意在察婿。置酒后堂，余列末座。闻湘帘之中，环玉相触，未知有秋关在否。又一年，余行市间，忽车雷声中，帘□疾卷，中有丽人，相注作熟视状。最后一车，似是妻母，意卷帘人即膝前娇女也。又一年，余举弟子员，大人命余晋谒。庭遇秋芙，戴貂茸，立蜜梅花下。俄闻银钩一声，无复鸿影。余自聘及迎，相去凡十五年，五经邂逅，及却扇筵前，剪灯相见，始知颊上双涡，非复旧时丰满矣。今去结缡又复十载，余与秋芙皆鬓有霜色，未知数年而后，更作何状？忽忽前尘，如梦如醉，质之秋芙，亦忆一二否？', '秋灯琐忆（节选）'),
(10241, '庄子-内篇-逍遥游', '', '北冥有鱼，其名为鲲。鲲之大，不知其几千里也。化而为鸟，其名为鹏。鹏之背，不知其几千里也。怒而飞，其翼若垂天之云。是鸟也，海运则将徙于南冥。南冥者，天池也。\r\n\r\n《齐谐》者，志怪者也。《谐》之言曰：“鹏之徙于南冥也，水击三千里，抟扶摇而上者九万里，去以六月息者也。”野马也，尘埃也，生物之以息相吹也。天之苍苍，其正色邪？其远而无所至极邪？其视下也，亦若是则已矣。\r\n\r\n且夫水之积也不厚，则其负大舟也无力。覆杯水于坳堂之上，则芥为之舟。置杯焉则胶，水浅而舟大也。风之积也不厚，则其负大翼也无力。故九万里则风斯在下矣，而后乃今培风；背负青天而莫之夭阏者，而后乃今将图南。\r\n\r\n蜩与学鸠笑之曰：“我决起而飞，抢榆枋，时则不至而控于地而已矣，奚以之九万里而南为？”适莽苍者，三餐而反，腹犹果然；适百里者，宿舂粮；适千里者，三月聚粮。之二虫又何知！\r\n\r\n小知不及大知，小年不及大年。奚以知其然也？朝菌不知晦朔，蟪蛄不知春秋，此小年也。楚之南有冥灵者，以五百岁为春，五百岁为秋；上古有大椿者，以八千岁为春，八千岁为秋。而彭祖乃今以久特闻，众人匹之，不亦悲乎！\r\n\r\n汤之问棘也是已：穷发之北，有冥海者，天池也。有鱼焉，其广数千里，未有知其修者，其名为鲲。有鸟焉，其名为鹏，背若泰山，翼若垂天之云，抟扶摇羊角而上者九万里，绝云气，负青天，然后图南，且适南冥也。\r\n\r\n斥囗笑之曰：“彼且奚适也？我腾跃而上，不过数仞而下，翱翔蓬蒿之间，此亦飞之至也，而彼且奚适也？”此小大之辩也。\r\n\r\n故夫知效一官，行比一乡，德合一君，而徵一国者，其自视也，亦若此矣。而宋荣子犹然笑之。且举世而誉之而不加劝，举世而非之而不加沮，定乎内外之分，辩乎荣辱之境，斯已矣。彼其于世，未数数然也。虽然，犹有未树也。\r\n\r\n夫列子御风而行，泠然善也，旬有五日而后反。彼于致福者，未数数然也。此虽免乎行，犹有所待者也。\r\n\r\n若夫乘天地之正，而御六气之辩，以游无穷者，彼且恶乎待哉！故曰：至人无己，神人无功，圣人无名。', '', 'indent', 0, '2013-03-08 22:03:25', 5, 10064, '2014-07-23 19:52:42', NULL, NULL),
(10242, '庄子-内篇-齐物论', '', '南郭子綦隐机而坐，仰天而嘘，荅焉似丧其耦。颜成子游立侍乎前，曰：“何居乎？形固可使如槁木，而心固可使如死灰乎？今之隐机者，非昔之隐机者也。”子綦曰：“偃，不亦善乎，而问之也？今者吾丧我，汝知之乎？女闻人籁，而未闻地籁，女闻地籁而未闻天籁夫！”子游曰：“敢问其方。”子綦曰：“夫大块噫气，其名为风，是唯无作，作则万窍怒呺，而独不闻之翏翏乎？山林之畏隹，大木百围之窍穴，似鼻，似口，似耳，似枅，似圈，似臼，似洼者，似污者。激者，謞者，叱者，吸者，叫者，譹者，宎者，咬者，前者唱于而随者唱喁。泠风则小和，飘风则大和，厉风济则众窍为虚。而独不见之调调之刁刁乎？”子游曰：“地籁则众窍是已，人籁则比竹是已，敢问天籁。”子綦曰：“夫吹万不同，而使其自己也，咸其自取，怒者其谁邪？”', '', 'indent', 0, '2013-03-08 22:05:14', 5, 10064, '2014-07-23 19:52:42', NULL, NULL),
(10243, '庄子-齐物论-养生主', '', '吾生也有涯，而知也无涯 。以有涯随无涯，殆已！已而为知者，殆而已矣！为善无近名，为恶无近刑。缘督以为经，可以保身，可以全生，可以养亲，可以尽年。\r\n\r\n庖丁为文惠君解牛，手之所触，肩之所倚，足之所履，膝之所踦，砉然向然，奏刀騞然，莫不中音，合于《桑林》之舞，乃中《经首》之会。\r\n\r\n文惠君曰：“譆！善哉！技盖至此乎？”庖丁释刀对曰：“臣之所好者道也，进乎技矣。始臣之解牛之时，所见无非牛者。三年之后，未尝见全牛也。方今之时，臣以神遇而不以目视，官知止而神欲行。依乎天理，批大郤，导大窾，因其固然。技经肯綮之未尝，而况大軱乎？良庖岁更刀，割也；族庖月更刀，折也。今臣之刀十九年矣，所解数千牛矣，而刀刃若新发于硎。彼节者有间，而刀刃者无厚。以无厚入有间，恢恢乎其于游刃必有余地矣，是以十九年而刀刃若新发于硎。虽然，每至于族，吾见其难为，怵然为戒，视为止，行为迟，动刀甚微， 然已解，如土委地，提刀而立，为之四顾，为之踌躇满志，善刀而藏之。”文惠君曰：“善哉！吾闻庖丁之言，得养生焉。”\r\n\r\n公文轩见右师而惊曰：“是何人也？恶乎介也？天与，其人与？”曰：“天也，非人也。天之生是使独也，人之貌有与也。以是知其天也，非人也”。泽雉十步一啄，百步一饮，不蕲畜乎樊中。神虽王，不善也。\r\n\r\n老聃死，秦失吊之，三号而出。弟子曰：“非夫子之友邪？”曰：“然”。“然则吊焉若此，可乎？”曰：“然。始也吾以为其人也，而今非也。向吾入而吊焉，有老者哭之，如哭其子；少者哭之，如哭其母。彼其所以会之，必有不蕲言而言，不蕲哭而哭者。是遁天倍情，忘其所受，古者谓之遁天之刑。适来，夫子时也；适去，夫子顺也。安时而处顺，哀乐不能入也，古者谓是帝之县解。”\r\n\r\n指穷于为薪，火传也，不知其尽也。', '', 'indent', 0, '2013-03-08 22:07:03', 5, 10064, '2014-07-23 19:52:42', NULL, NULL);
INSERT INTO `work` (`id`, `title`, `foreword`, `content`, `intro`, `layout`, `highlight`, `create_time`, `type_id`, `author_id`, `updated_at`, `mobile_content`, `mobile_title`) VALUES
(10244, '庄子-内篇-人间世', '', '颜回见仲尼，请行。曰：“奚之？”曰：“将之卫。”曰：“奚为焉？”曰：“回闻卫君，其年壮，其行独。轻用其国而不见其过。轻用民死，死者以国量，乎泽若蕉，民其无如矣！回尝闻之夫子曰：‘治国去之，乱国就之。医门多疾。’愿以所闻思其则，庶几其国有瘳乎！”\r\n\r\n仲尼曰：“嘻，若殆往而刑耳！夫道不欲杂，杂则多，多则扰，扰则忧，忧而不救。古之至人，先存诸己而后存诸人。所存于己者未定，何暇至于暴人之所行！且若亦知夫德之所荡而知之所为出乎哉？德荡乎名，知出乎争。名也者，相轧也；知也者争之器也。二者凶器，非所以尽行也。\r\n\r\n且德厚信矼，未达人气；名闻不争，未达人心。而强以仁义绳墨之言术暴人之前者，是以人恶有其美也，命之曰灾人。灾人者，人必反灾之。若殆为人灾夫。\r\n\r\n且苟为人悦贤而恶不肖，恶用而求有以异？若唯无诏，王公必将乘人而斗其捷。而目将荧之，而色将平之，口将营之，容将形之，心且成之。是以火救火，以水救水，名之曰益多。顺始无穷，若殆以不信厚言，必死于暴人之前矣！\r\n\r\n且昔者桀杀关龙逢，纣杀王子比干，是皆修其身以下伛拊人之民，以下拂其上者也，故其君因其修以挤之。是好名者也。\r\n\r\n昔者尧攻丛枝、胥、敖，禹攻有扈。国为虚厉，身为刑戮。其用兵不止，其求实无已，是皆求名实者也，而独不闻之乎？名实者，圣人之所不能胜也，而况若乎！虽然，若必有以也，尝以语我来。”\r\n\r\n颜回曰：“端而虚，勉而一，则可乎？”曰：“恶！恶可！夫以阳为充孔扬，采色不定，常人之所不违，因案人之所感，以求容与其心，名之曰日渐之德不成，而况大德乎！将执而不化，外合而内不訾，其庸讵可乎！”\r\n\r\n“然则我内直而外曲，成而上比。内直者，与天为徒。与天为徒者，知天子之与己，皆天之所子，而独以己言蕲乎而人善之，蕲乎而人不善之邪？若然者，人谓之童子，是之谓与天为徒。外曲者，与人之为徒也。擎跽曲拳，人臣之礼也。人皆为之，吾敢不为邪？为人之所为者，人亦无疵焉，是之谓与人为徒。成而上比者，与古为徒。其言虽教，谪之实也，古之有也，非吾有也。若然者，虽直而不病，是之谓与古为徒。若是则可乎？”仲尼曰：“恶！恶可！大多政法而不谍。虽固，亦无罪。虽然，止是耳矣，夫胡可以及化！犹师心者也。”\r\n\r\n颜回曰：“吾无以进矣，敢问其方。”仲尼曰：“斋，吾将语若。有心而为之，其易邪？易之者，皞天不宜。”颜回曰：“回之家贫，唯不饮酒不茹荤者数月矣。如此则可以为心斋？”曰：“是祭祀之斋，非心斋也。”\r\n\r\n回曰：“敢问心斋。”仲尼曰：“若一志，无听之以耳而听之以心；无听之以心而听之以气。听止于耳，心止于符。气也者，虚而待物者也。唯道集虚。虚者，心斋也。”\r\n颜回曰：“回之未始得使，实自回也；得使之也，未始有回也，可谓虚乎？”夫子曰：“尽矣！吾语若：若能入游其樊而无感其名，入则鸣，不入则止。无门无毒，一宅而寓于不得已则几矣。绝迹易，无行地难。为人使易以伪，为天使难以伪。闻以有翼飞者矣，未闻以无翼飞者也；闻以有知知者矣，未闻以无知知者也。瞻彼阕者，虚室生白，吉祥止止。夫且不止，是之谓坐驰。夫徇耳目内通而外于心知，鬼神将来舍，而况人乎！是万物之化也，禹、舜之所纽也，伏戏、几蘧之所行终，而况散焉者乎！”\r\n\r\n叶公子高将使于齐，问于仲尼曰：“王使诸梁也甚重。齐之待使者，盖将甚敬而不急。匹夫犹未可动也，而况诸侯乎！吾甚栗之。子常语诸梁也曰：‘凡事若小若大，寡不道以欢成。事若不成，则必有人道之患；事若成，则必有阴阳之患。若成若不成而后无患者，唯有德者能之。’吾食也执粗而不臧，爨无欲清之人。今吾朝受命而夕饮冰，我其内热与！吾未至乎事之情而既有阴阳之患矣！事若不成，必有人道之患，是两也。为人臣者不足以任之，子其有以语我来！”\r\n\r\n仲尼曰：“天下有大戒二：其一命也，其一义也。子之爱亲，命也，不可解于心；臣之事君，义也，无适而非君也，无所逃于天地之间。是之谓大戒。是以夫事其亲者，不择地而安之，孝之至也；夫事其君者，不择事而安之，忠之盛也；自事其心者，哀乐不易施乎前，知其不可奈何而安之若命，德之至也。为人臣子者，固有所不得已。行事之情而忘其身，何暇至于悦生而恶死！夫子其行可矣！\r\n\r\n丘请复以所闻：凡交近则必相靡以信，远则必忠之以言。言必或传之。夫传两喜两怒之言，天下之难者也。夫两喜必多溢美之言，两怒必多溢恶之言。凡溢之类妄，妄则其信之也莫，莫则传言者殃。故法言曰：‘传其常情，无传其溢言，则几乎全。’\r\n且以巧斗力者，始乎阳，常卒乎阴，泰至则多奇巧；以礼饮酒者，始乎治，常卒乎乱，泰至则多奇乐。凡事亦然，始乎谅，常卒乎鄙；其作始也简，其将毕也必巨。言者，风波也；行者，实丧也。夫风波易以动，实丧易以危。故忿设无由，巧言偏辞。兽死不择音，气息勃然于是并生心厉。克核太至，则必有不肖之心应之而不知其然也。苟为不知其然也，孰知其所终！故法言曰：‘无迁令，无劝成。过度益也。’迁令劝成殆事。美成在久，恶成不及改，可不慎与！且夫乘物以游心，托不得已以养中，至矣。何作为报也！莫若为致命，此其难者？”\r\n\r\n颜阖将傅卫灵公大子，而问于蘧伯玉曰；“有人于此，其德天杀。与之为无方则危吾国，与之为有方则危吾身。其知适足以知人之过，而不知其所以过。若然者，吾奈之何？”蘧伯玉曰：“善哉问乎！戒之，慎之，正女身哉！形莫若就，心莫若和。虽然，之二者有患。就不欲入，和不欲出。形就而入，且为颠为灭，为崩为蹶；心和而出，且为声为名，为妖为孽。彼且为婴儿，亦与之为婴儿；彼且为无町畦，亦与之为无町畦；彼且为无崖，亦与之为无崖；达之，入于无疵。\r\n\r\n汝不知夫螳螂乎？怒其臂以当车辙，不知其不胜任也，是其才之美者也。戒之，慎之，积伐而美者以犯之，几矣！\r\n\r\n汝不知夫养虎者乎？不敢以生物与之，为其杀之之怒也；不敢以全物与之，为其决之之怒也。时其饥饱，达其怒心。虎之与人异类，而媚养己者，顺也；故其杀者，逆也。\r\n\r\n夫爱马者，以筐盛矢，以蜃盛溺。适有蚊虻仆缘，而拊之不时，则缺衔毁首碎胸。意有所至而爱有所亡。可不慎邪？”\r\n\r\n匠石之齐，至于曲辕，见栎社树。其大蔽牛，絜之百围，其高临山十仞而后有枝，其可以舟者旁十数。观者如市，匠伯不顾，遂行不辍。弟子厌观之，走及匠石，曰：‘自吾执斧斤以随夫子，未尝见材如此其美也。先生不肯视，行不辍，何邪？”曰：“已矣，勿言之矣！散木也。以为舟则沉，以为棺椁则速腐，以为器则速毁，以为门户则液樠，以为柱则蠹，是不材之木也。无所可用，故能若是之寿。”\r\n匠石归，栎社见梦曰：“女将恶乎比予哉？若将比予于文木邪？夫楂梨橘柚果蓏之属，实熟则剥，剥则辱。大枝折，小枝泄。此以其能苦其生者也。故不终其天年而中道夭，自掊击于世俗者也。物莫不若是。且予求无所可用久矣！几死，乃今得之，为予大用。使予也而有用，且得有此大也邪？且也若与予也皆物也，奈何哉其相物也？而几死之散人，又恶知散木！”匠石觉而诊其梦。弟子曰：“趣取无用，则为社何邪？”曰：“密！若无言！彼亦直寄焉！以为不知己者诟厉也。不为社者，且几有翦乎！且也彼其所保与众异，而以义喻之，不亦远乎！”\r\n\r\n南伯子綦游乎商之丘，见大木焉，有异：结驷千乘，隐，将芘其所藾。子綦曰：“此何木也哉！此必有异材夫！”仰而视其细枝，则拳曲而不可以为栋梁；俯而视其大根，则轴解而不可以为棺椁；舐其叶，则口烂而为伤；嗅之，则使人狂醒三日而不已。子綦曰“此果不材之木也，以至于此其大也。嗟乎，醒三日而不已。子綦曰：“此果不材之木也，以至于此其大也。嗟乎，神人以此不材。”\r\n\r\n宋有荆氏者，宜楸柏桑。其拱把而上者，求狙猴之杙斩之；三围四围，求高名之丽者斩之；七围八围，贵人富商之家求禅傍者斩之。故未终其天年而中道之夭于斧斤，此材之患也。故解之以牛之白颡者，与豚之亢鼻者，与人有痔病者，不可以适河。此皆巫祝以知之矣，所以为不祥也。此乃神人之所以为大祥也。\r\n\r\n支离疏者，颐隐于齐，肩高于顶，会撮指天，五管在上，两髀为胁。挫针治繲，足以糊口；鼓荚播精，足以食十人。上征武士，则支离攘臂于其间；上有大役，则支离以有常疾不受功；上与病者粟，则受三锺与十束薪。夫支离者其形者，犹足以养其身，终其天年，又况支离其德者乎！\r\n\r\n孔子适楚，楚狂接舆游其门曰：“凤兮凤兮，何如德之衰也。来世不可待，往世不可追也。天下有道，圣人成焉；天下无道，圣人生焉。方今之时，仅免刑焉！福轻乎羽，莫之知载；祸重乎地，莫之知避。已乎，已乎！临人以德。殆乎，殆乎！画地而趋。迷阳迷阳，无伤吾行。吾行郤曲，无伤吾足。”\r\n\r\n山木，自寇也；膏火，自煎也。桂可食，故伐之；漆可用，故割之。人皆知有用之用，而莫知无用之用也。', '', 'indent', 0, '2013-03-08 22:10:47', 5, 10064, '2014-07-23 19:52:42', NULL, NULL),
(10245, '庄子-内篇-德充符', '', '鲁有兀者王骀，从之游者与仲尼相若。\r\n\r\n常季问于仲尼曰：“王骀，兀者也，从之游者与夫子中分鲁。立不教，坐不议。虚而往，实而归。固有不言之教，无形而心成者邪？是何人也？”\r\n\r\n仲尼曰：“夫子，圣人也，丘也直后而未往耳！丘将以为师，而况不若丘者乎！奚假鲁国，丘将引天下而与从之。”\r\n\r\n常季曰：“彼兀者也，而王先生，其与庸亦远矣。若然者，其用心也，独若之何？”\r\n\r\n仲尼曰：“死生亦大矣，而不得与之变；虽天地覆坠，亦将不与之遗；审乎无假而不与物迁，命物之化而守其宗也。”\r\n\r\n常季曰：“何谓也？”\r\n\r\n仲尼曰：“自其异者视之，肝胆楚越也；自其同者视之，万物皆一也。夫若然者，且不知耳目之所宜，而游心乎德之和。物视其所一而不见其所丧，视丧其足犹遗土也。”\r\n\r\n常季曰：“彼为己，以其知得其心，以其心得其常心。物何为最之哉？”\r\n\r\n仲尼曰：“人莫鉴于流水而鉴于止水。唯止能止众止。受命于地，唯松柏独也正，在冬夏青青；受命于天，唯尧、舜独也正，在万物之首。幸能正生，以正众生。夫保始之徵，不惧之实，勇士一人，雄入于九军。将求名而能自要者而犹若是，而况官天地、府万物、直寓六骸、象耳目、一知之所知而心未尝死者乎！彼且择日而登假，人则从是也。彼且何肯以物为事乎！”\r\n\r\n申徒嘉，兀者也，而与郑子产同师于伯昏无人。子产谓申徒嘉曰：“我先出则子止，子先出则我止。”其明日，又与合堂同席而坐。子产谓申徒嘉曰：“我先出则子止，子先出则我止。今我将出，子可以止乎？其未邪？且子见执政而不违，子齐执政乎？”\r\n申徒嘉曰：“先生之门固有执政焉如此哉？子而说子之执政而后人者也。闻之曰：‘ 鉴明则尘垢不止，止则不明也。久与贤人处则无过。’今子之所取大者，先生也，而犹出言若是，不亦过乎！”\r\n\r\n子产曰：“子既若是矣，犹与尧争善。计子之德，不足以自反邪？ ”\r\n\r\n申徒嘉曰：“自状其过以不当亡者众；不状其过以不当存者寡。知不可奈何而安之若命，唯有德者能之。游于羿之彀中。中央者，中地也；然而不中者，命也。人以其全足笑吾不全足者众矣，我怫然而怒 ，而适先生之所，则废然而反。不知先生之洗我以善邪？吾之自寐邪？吾与夫子游十九年，而未尝知吾兀者也。今子与我游于形骸之内，而子索我于形骸之外，不亦过乎！”\r\n\r\n子产蹴然改容更貌曰：“子无乃称！”\r\n\r\n鲁有兀者叔山无趾，踵见仲尼。\r\n\r\n仲尼曰：“子不谨，前既犯患若是矣。虽今来，何及矣！”\r\n\r\n无趾曰：“吾唯不知务而轻用吾身，吾是以亡足。今吾来也，犹有尊足者存，吾是以务全之也。夫天无不覆，地无不载，吾以夫子为天地，安知夫子之犹若是也！”\r\n\r\n孔子曰：“丘则陋矣！夫子胡不入乎？请讲以所闻。”无趾出。孔子曰：“弟子勉之！夫无趾，兀者也，犹务学以复补前行之恶，而况全德之人乎！”\r\n\r\n无趾语老聃曰：“孔丘之于至人，其未邪？彼何宾宾以学子为？彼且以蕲以諔诡幻怪之名闻，不知至人之以是为己桎梏邪？”\r\n\r\n老聃曰：“胡不直使彼以死生为一条，以可 不可为一贯者，解其桎梏，其可乎？”\r\n无趾曰：“天刑之，安可解！ ”\r\n\r\n鲁哀公问于仲尼曰：“卫有恶人焉，曰哀骀它。丈夫与之处者，思 而不能去也；妇人见之，请于父母曰：‘与为人妻，宁为夫子妾’者 ，数十而未止也。未尝有闻其唱者也，常和人而已矣。无君人之位以 济乎人之死，无聚禄以望人之腹，又以恶骇天下，和而不唱，知不出乎四域，且而雌雄合乎前，是必有异乎人者也。寡人召而观之，果以恶骇天下。与寡人处，不至以月数，而寡人有意乎其为人也；不至乎期年，而寡人信之。国无宰，而寡人传国焉。闷然而后应，氾而若辞。寡人丑乎，卒授之国。无几何也，去寡人而行。寡人恤焉若有亡也，若无与乐是国也。是何人者也！”\r\n\r\n仲尼曰：“丘也尝使于楚矣，适见豚子食于其死母者。少焉眴若，皆弃之而走。不见己焉尔，不得其类焉尔。所爱其母者，非爱其形也，爱使其形者也。战而死者，其人之葬也不以翣资；刖者之屡，无为爱之。皆无其本矣。为天子之诸御：不爪翦，不穿耳；取妻者止于外，不得复使。形全犹足以为尔，而况全德之人乎！今哀骀它未言而信，无功而亲，使人授己国，唯恐其不受也，是必才全而德不形者也 。”\r\n\r\n哀公曰：“何谓才全？”\r\n\r\n仲尼曰：“死生、存亡、穷达、贫富、贤与不肖、毁誉、饥渴、寒暑，是事之变、命之行也。日夜相代乎前，而知不能规乎其始者也。故不足以滑和，不可入于灵府。使之和豫，通而不失于兑。使日夜无隙，而与物为春，是接而生时于心者也。是之谓才全。”\r\n\r\n“何谓德不形？”\r\n\r\n曰：“平者，水停之盛也。其可以为法也，内保之而外不荡也。德者，成和之修也。德不形者，物不能离也。”\r\n\r\n哀公异日以告闵子曰：“始也吾以南面而君天下，执民之纪而忧其死，吾自以为至通矣。今吾闻至人之言，恐吾无其实，轻用吾身而亡吾国。吾与孔丘非君臣也，德友而已矣！”\r\n\r\n闉跂支离无脣说卫灵公，灵公说之，而视全人：脰其肩肩。甕盎大瘿说齐桓公，桓公说之，而视全人：其脰肩肩。故德有所长而形有所忘。人不忘其所忘而忘其所不忘，此谓诚忘。\r\n\r\n故圣人有所游，而知为孽，约为胶，德为接，工为商。圣人不谋，恶用知？不斵，恶用胶？无丧，恶用德？不货，恶用商？四者，天鬻也。天鬻者，天食也。既受食于天，又恶用人！有人之形，无人之情。有人之形，故群于人；无人之情，故是非不 得于身。眇乎小哉，所以属于人也；謷乎大哉，独成其天。\r\n\r\n惠子谓庄子曰：“人故无情乎？”\r\n\r\n庄子曰：“然。”\r\n\r\n惠子曰：“人而无情，何以谓之人？”\r\n\r\n庄子曰：“道与之貌，天与之形，恶得不谓之人？”\r\n\r\n惠子曰：“既谓之人，恶得无情？”\r\n\r\n庄子曰：“是非吾所谓情也。吾所谓无情者，言人之不以好恶内伤其身，常因自然而不益生 也。”\r\n\r\n惠子曰：“不益生，何以有其身？”\r\n\r\n庄子曰：“道与之貌，天与之形，无以好恶内伤其身。今子外乎子之神，劳乎子之精，倚树而吟，据槁梧而瞑。天选子之形，子以坚白鸣。”', '', 'indent', 0, '2013-03-08 23:01:24', 5, 10064, '2014-07-23 19:52:42', NULL, NULL),
(10246, '庄子-内篇-大宗师', '', '知天之所为，知人之所为者，至矣。知天之所为者，天而生也；知人之所为者，以其知之所知以养其知之所不知，终其天年而不中道夭者，是知之盛也。\r\n\r\n虽然，有患。夫知有所待而后当，其所待者特未定也。庸讵知吾所谓天之非人乎？所谓人之非天乎？\r\n\r\n且有真人，而后有真知。何谓真人？古之真人，不逆寡，不雄成，不谟士。若然者，过而弗悔，当而不自得也。若然者，登高不栗，入水不濡，入火不热。是知之能登假于道者也若此。\r\n\r\n古之真人，其寝不梦，其觉无忧，其食不甘，其息深深。真人之息以踵，众人之息以喉。屈服者，其嗌言若哇；其耆欲深者，其天机浅。\r\n\r\n古之真人，不知说生，不知恶死；其出不欣，其入不距；翛然而往，翛然而来而已矣。不忘其所始，不求其所终；受而喜之，忘而复之。是之谓不以心捐道，不以人助天，是之谓真人。\r\n\r\n若然者，其心志，其容寂，其颡頯；凄然似秋，暖然似春，喜怒通四时，与物有宜而莫知其极。\r\n\r\n故圣人之用兵也，亡国而不失人心；利泽施乎万世，不为爱人。故乐通物，非圣人也；有亲，非仁也；天时，非贤也；利害不通，非君子也；行名失己，非士也；亡身不真，非役人也。若狐不偕、务光、伯夷、叔齐、箕子、胥余、纪他、申徒狄，是役人之役，适人之适，而不自适其适者也。\r\n\r\n古之真人，其状义而不朋，若不足而不承，与乎其觚而不坚也，张乎其虚而不华也；邴邴乎其似喜乎！崔乎其不得已乎！滀乎进我色也，与乎止我德也；厉乎其似世乎！謷乎其未可制也；连乎其似好闭也，悗乎忘其言也。以刑为体，以礼为翼，以知为时，以德为循。以刑为体者，绰乎其杀也；以礼为翼者，所以行于世也；以知为时者，不得已于事也；以德为循者，言其与有足者至于丘也；而人真以为勤行者也。故其好之也一，其弗好之也一。其一也一，其不一也一。其一与天为徒，其不一与人为徒，天与人不相胜也，是之谓真人。\r\n\r\n死生，命也，其有夜旦之常，天也。人之有所不得与，皆物之情也。彼特以天为父，而身犹爱之，而况其卓乎！人特以有君为愈乎己，而身犹死之，而况其真乎！\r\n泉涸，鱼相与处于陆，相呴以湿，相濡以沫，不如相忘于江湖。与其誉尧而非桀也，不如两忘而化其道。夫大块载我以形，劳我以生，佚我以老，息我以死。故善吾生者，乃所以善吾死也。\r\n\r\n夫藏舟于壑，藏山于泽，谓之固矣！然而夜半有力者负之而走，昧者不知也。藏小大有宜，犹有所遁。若夫藏天下于天下而不得所遁，是恒物之大情也。特犯人之形而犹喜之。若人之形者，万化而未始有极也，其为乐可胜计邪？故圣人将游于物之所不得遁而皆存。善妖善老，善始善终，人犹效之，又况万物之所系，而一化之所待乎！\r\n\r\n夫道，有情有信，无为无形；可传而不可受，可得而不可见；自本自根，未有天地，自古以固存；神鬼神帝，生天生地；在太极之先而不为高，在六极之下而不为深，先天地生而不为久，长于上古而不为老。狶韦氏得之，以挈天地；伏戏氏得之，以袭气母；维斗得之，终古不忒；日月得之，终古不息；堪坏得之，以袭昆仑；冯夷得之，以游大川；肩吾得之，以处大山；黄帝得之，以登云天；颛顼得之，以处玄官；禺强得之，立乎北极；西王母得之，坐乎少广，莫知其始，莫知其终；彭祖得之，上及有虞，下及五伯；傅说得之，以相武丁，奄有天下，乘东维，骑箕尾，而比于列星。\r\n\r\n南伯子葵问乎女偊曰：「子之年长矣，而色若〔孺〕子，何也？」曰：「吾闻道矣。」南伯子葵曰：「道可得学邪？」曰：「恶！恶可！子非其人也。夫卜梁倚有圣人之才而旡圣人之道，我有圣人之道而旡圣人之才。吾欲以教之，庶几其果为圣人乎！不然，以圣人之道告圣人之才，亦易矣。吾犹守而告之，参日而后能外天下；已外天下矣，吾又守之，七日而后能外物；已外物矣，吾又守之，九日，而后能外生；已外生矣，而后能朝彻；朝彻，而后能见独；见独，而后能旡古今；旡古今，而后能入于不死不生。杀生者不死，生生者不生。其为物，无不将也，无不迎也；无不毁也，无不成也。其名为撄宁。撄宁也者，撄而后成者也。」\r\n\r\n南伯子葵曰：「子独恶乎闻之？」曰：「闻诸副墨之子，副墨之子闻诸洛诵之孙，洛诵之孙闻之瞻明，瞻明闻之聂许，聂许闻之需役，需役闻之于讴，于讴闻之玄冥，玄冥闻之参寥，参寥闻之疑始。」\r\n\r\n子祀、子舆、子犁、子来四人相与语曰：「孰能以旡为首，以生为脊，以死为尻，孰知死生存亡之一体者，吾与之友矣。」四人相视而笑，莫逆于心，逐相与为友。\r\n俄而子舆有病，子祀往问之。曰：「伟哉夫造物者，将以予为此拘拘也！曲偻发背，上有五管，颐隐于齐，肩高于顶，句赘指天。」阴阳之气有沴，其心闲而旡事，跰而鉴于井，曰：「嗟乎！夫造物者又将以予为此拘拘也。」子祀曰：「女恶之乎？」曰：「亡，予何恶！浸假而化予之左臂以为鸡，予因以求时夜；浸假而化予之右臂以为弹，予因以求鸮炙；浸假而化予之尻以为轮，以神为马，予因以乘之，岂更驾哉！且夫得者，时也；失者，顺也。安时而处顺，哀乐不能入也。此古之所谓县解也。而不能自解者，物有结之。且夫物不胜天久矣，吾又何恶焉！」\r\n俄而子来有病，喘喘然将死。其妻子环而泣之。子犁往问之，曰：「叱！避！旡怛化！」倚其户与之语曰：「伟哉造化，又将奚以汝为，将奚以汝适？以汝为鼠肝乎？以汝为虫臂乎？」子来曰：「父母于子，东西南北，唯命之从。阴阳于人，不翅于父母。彼近吾死而我不听，我则悍矣，彼何罪焉！夫大块载我以形，劳我以生，佚我以老，息我以死。故善吾生者，乃所以善吾死也。今〔之〕大冶铸全，金踊跃曰『我且必为镆』，大冶必以为不祥之金。今一犯人之形，而曰『人耳人耳』，夫造化者必以为不祥之人。今一以天地为大炉，以造化为大冶，恶乎往而不可哉！」成然寐，蘧然觉。\r\n\r\n子桑户、孟子反、子琴张相与友，曰：「孰能相与于旡相与，相为于旡相为？孰能登天游雾，挠挑无极，相忘以生，旡所终穷？」三人相视而笑，莫逆于心，遂相与为友。莫然有间，而子桑户死。未葬。孔子闻之，使子贡往侍事焉。或编曲，或鼓琴，相和而歌曰：「嗟来桑户乎！嗟来桑户乎！而已反其真，而我犹为人猗！」子贡趋而进曰：「敢问临尸而歌，礼乎？」二人相视而笑曰：「是恶知礼意！」\r\n\r\n子贡反，以告孔子，曰：「彼何人者邪？修行旡有，而外其形骸，临尸而歌，颜色不变，旡以命之，彼何人者邪？」\r\n\r\n孔子曰：「彼，游方之外者也；而丘，游方之内者也。内外不相及，而丘使汝往吊之，丘则陋矣。彼方且与造物者为人，而游乎天地之一气。彼以生为附赘县疣，以死为决溃痈。夫若然者，又恶知死生先后之所在！假于异物，托于同体；忘其肝胆，遗其耳目，反覆终始，不知端倪；芒然彷徨乎尘垢之外，逍遥乎旡为之业。彼又恶能愦愦然为世俗之礼，以观众人之耳目哉！」\r\n\r\n子贡曰「然则，夫子何方之依？」孔子曰：「丘，天之戮民也。虽然，吾与汝共之。」子贡曰：「敢问其方。」孔子曰：「鱼相造乎水，人相造乎道。相造乎水者，穿池而养给；相造乎道者，旡事而生定。故曰：鱼相忘乎江湖，人相忘乎道术。 」子贡曰：「敢问畸人。」曰：「畸人者，畸于人而侔于天。故曰，天之小人，人之君子；人之君子，天之小人也。」\r\n\r\n颜回问仲尼曰：「孟孙才，其母死，哭泣旡涕，中心不戚，居丧不哀。旡是三者，以善处丧盖鲁国。固有旡其实而得其名者乎？回壹怪之。」仲尼曰：「夫孟孙氏尽之矣，进于知矣。唯简之而不得，夫巳有所简矣。孟孙氏不知所以生，不知所以死；不知就先，不知就后；若化为物，以待其所不知之化巳乎！且方将化，恶知不化哉？方将不化，恶知已化哉？吾特与汝。其梦未始觉者邪！且彼有骇形而旡损心，有旦宅而旡情死。孟孙氏特觉，人哭亦哭，是自其所以乃。且也相与吾之耳矣，庸讵知吾所谓吾之乎？且汝梦为鸟而厉乎天，梦为鱼而没于渊。不识今之言者，其觉者乎？其梦者乎？造适不及笑，献笑不及排，安排而去化，乃入于寥天一。」\r\n\r\n意而子见许由，许由曰：「尧何以资汝？」意而子曰：「尧谓我：『汝必躬服仁义而明言是非。』」许由曰：「而奚来为轵？夫尧既已黥汝以仁义，而劓汝以是非矣，汝将何以游夫遥荡恣睢转徙之涂乎？」意而子曰：「虽然，吾愿游于其藩。」许由曰：「不然。夫盲者旡以与乎眉目颜色之好，瞽者旡以与乎青黄黼黻之观。」意而子曰：「夫旡庄之失其美，据梁之失其力，黄帝之亡其知，皆在炉捶之间耳。庸讵知夫造物者之不息我黥而补我劓，使我乘成以随先生邪？」许由曰：「噫！未可知也。我为汝言其大略，吾师乎！吾师乎！万物而不为义，泽及万世而不为仁，长于上古而不为老，覆载天地刻雕众形而不为巧。此所游已。」\r\n\r\n颜回曰：「回益矣。」仲尼曰：「何谓也？」曰：「回忘仁义矣。」曰：「可矣，犹未也。」他日，复见，曰：「回益矣。」曰：「何谓也？」曰：「回忘礼乐矣。」曰：「可矣，犹未也。」他日，复见，曰：「回益矣。」曰：「何谓也？」曰：「回坐忘矣。」仲尼然曰：「何谓坐忘？」颜回曰：「堕肢体，黜聪明，离形去知，同于大通，此谓坐忘。」仲尼曰：「同则旡好也，化则旡常也。而果其贤乎！丘也请从而后也。」\r\n\r\n子舆与子桑友，而霖雨十日，子舆曰：「子桑殆病矣！」裹饭而往食之。至子桑之门，则若歌若哭，鼓琴曰：「父邪！母邪！天乎！人乎！」有不任其声而趋举其诗焉。 」子舆入，曰：「子之歌诗，何故若是？」曰：「吾思夫使我至此极者而弗得也。父母岂欲吾贫哉？天旡私覆，地旡私载，天地岂私贫我哉？求其为之者而不得也。然而至此极者，命也夫！」', '', 'indent', 0, '2013-03-08 23:05:06', 5, 10064, '2014-07-23 19:52:42', NULL, NULL),
(10247, '庄子-内篇-应帝王', '', '啮缺问于王倪，四问而四不知。啮缺因跃而大喜，行以告蒲衣子。\r\n\r\n蒲衣子曰：“而乃今知之乎？有虞氏不及泰氏。有虞氏其犹藏仁以要人，亦得人矣，而未始出于非人。泰氏其卧徐徐，其觉于于。一以己为马，一以己为牛。其知情信，其德甚真，而未始入于非人。”\r\n\r\n肩吾见狂接舆。狂接舆曰：“日中始何以语女？”肩吾曰：“告我：君人者以己出经式义度，人孰敢不听而化诸！”狂接舆曰：“是欺德也。其于治天下也，犹涉海凿河而使蚊负山也。夫圣人之治也，治外夫？正而后行，确乎能其事者而已矣。且鸟高飞以避 弋之害，鼷鼠深穴乎神丘之下以避 凿之患，而曾二虫之无知？” 天根游于殷阳，至蓼水之上，适遭无名人而问焉，曰：“请问为天下。”无名人曰：“去！汝鄙人也，何问之不豫也！予方将与造物者为人，厌则又乘夫莽眇之鸟，以出六极之外，而游无何有之乡，以处圹 之野。汝又何为以治天下感予之心为？”又复问，无名人曰：“汝游心于淡，合气于漠，顺物自然而无容私焉，而天下治矣。” 阳子居见老聃，曰：“有人于此，向疾强梁，物彻疏明，学道不倦，如是者，可比明王乎？” 老聃曰：“是于圣人也，胥易技系，劳形怵心者也。且也虎豹之文来田，猿狙之便执嫠之狗来藉。如是者，可比明王乎？” 阳子居蹴然曰：“敢问明王之治。” 老聃曰：“明王之治：功盖天下而似不自己，化贷万物而民弗恃。有莫举名，使物自喜。立乎不测，而游于无有者也。”\r\n\r\n郑有神巫曰季咸，知人之死生、存亡、祸福、寿夭，期以岁月旬日，若神。郑人见之，皆弃而走。列子见之而心醉，归，以告壶子，曰：“始吾以夫子之道为至矣，则又有至焉者矣。” 壶子曰：“吾与汝既其文，未既其实。而固得道与？众雌而无雄，而又奚卵焉！而以道与世亢，必信，夫故使人得而相汝。尝试与来，以予示之。” 明日，列子与之见壶子。出而谓列子曰：“嘻！子之先生死矣！弗活矣！不以旬数矣！吾见怪焉，见湿灰焉。”列子入，泣涕沾襟以告壶子。壶子曰：“乡吾示之以地文，萌乎不震不正，是殆见吾杜德机也。尝又与来。” 明日，又与之见壶子。出而谓列子曰：“幸矣！子之先生遇我也，有瘳矣！全然有生矣！吾见其杜权矣！”列子入，以告壶子。壶子曰：“乡吾示之以天壤，名实不入，而机发于踵。是殆见吾善者机也。尝又与来。” 明日，又与之见壶子。出而谓列子曰：“子之先生不齐，吾无得而相焉。试齐，且复相之。”列子入，以告壶子。壶子曰：“吾乡示之以以太冲莫胜，是殆见吾衡气机也。鲵桓之审为渊，止水之审为渊，流水之审为渊。渊有九名，此处三焉。尝又与来。” 明日，又与之见壶子。立未定，自失而走。壶子曰：“追之！”列子追之不及。反，以报壶子曰：“已灭矣，已失矣，吾弗及已。”壶子曰：“乡吾示之以未始出吾宗。吾与之虚而委蛇，不知其谁何，因以为弟靡，因以为波流，故逃也。”然后列子自以为未始学而归。三年不出，为其妻爨，食豕如食人，于事无与亲。雕琢复朴，块然独以其形立。纷而封哉，一以是终。\r\n\r\n无为名尸，无为谋府，无为事任，无为知主。体尽无穷，而游无朕。尽其所受乎天而无见得，亦虚而已！至人之用心若镜，不将不逆，应而不藏，故能胜物而不伤。\r\n\r\n南海之帝为儵，北海之帝为忽，中央之帝为浑沌。儵与忽时相与遇于浑沌之地，浑沌待之甚善。儵与忽谋报浑沌之德，曰：“人皆有七窍以视听食息，此独无有，尝试凿之。”日凿一窍，七日而浑沌死。', '', 'indent', 0, '2013-03-08 23:09:00', 5, 10064, '2014-07-23 19:52:42', NULL, NULL),
(10249, '报任安书', '', '太史公牛马走司马迁，再拜言。\r\n\r\n少卿足下：曩者辱赐书，教以慎于接物，推贤进士为务，意气勤勤恳恳，若望仆不相师，而用流俗人之言。仆非敢如此也。虽罢驽，亦尝侧闻长者遗风矣。顾自以为身残处秽，动而见尤，欲益反损，是以抑郁而无谁语。谚曰：“谁为为之？孰令听之？”盖钟子期死，伯牙终身不复鼓琴。何则？士为知己者用，女为说己者容。若仆大质已亏缺，虽材怀随和，行若由夷，终不可以为荣，适足以见笑而自点耳。\r\n\r\n书辞宜答，会东从上来，又迫贱事，相见日浅，卒卒无须臾之间得竭指意。今少卿抱不测之罪，涉旬月，迫季冬，仆又薄从上雍，恐卒然不可讳。是仆终已不得舒愤懑以晓左右，则长逝者魂魄私恨无穷。请略陈固陋。阙然久不报，幸勿为过。\r\n\r\n仆闻之，修身者智之府也，爱施者仁之端也，取予者义之符也，耻辱者勇之决也，立名者行之极也。士有此五者，然后可以托于世，列于君子之林矣。故祸莫憯于欲利，悲莫痛于伤心，行莫丑于辱先，而诟莫大于宫刑。刑余之人，无所比数，非一世也，所从来远矣。昔卫灵公与雍渠载，孔子适陈；商鞅因景监见，赵良寒心；同子参乘，爰丝变色：自古而耻之。夫中材之人，事关于宦竖，莫不伤气，况忼慨之士乎！如今朝虽乏人，奈何令刀锯之余荐天下豪隽哉！仆赖先人绪业，得待罪辇毂下，二十余年矣。所以自惟：上之，不能纳忠效信，有奇策材力之誉，自结明主；次之，又不能拾遗补阙，招贤进能，显岩穴之士；外之，不能备行伍，攻城野战，有斩将搴旗之功；下之，不能累日积劳，取尊官厚禄，以为宗族交游光宠。四者无一遂，苟合取容，无所短长之效，可见于此矣。乡者，仆亦尝厕下大夫之列，陪外廷末议。不以此时引维纲，尽思虑，今已亏形为扫除之隶，在阘茸之中，乃欲昂首信眉，论列是非，不亦轻朝廷，羞当世之士邪！嗟乎！嗟乎！如仆，尚何言哉！尚何言哉！\r\n\r\n且事本末未易明也。仆少负不羁之才，长无乡曲之誉，主上幸以先人之故，使得奉薄伎，出入周卫之中。仆以为戴盆何以望天，故绝宾客之知，忘室家之业，日夜思竭其不肖之材力，务壹心营职，以求亲媚于主上。而事乃有大谬不然者。夫仆与李陵俱居门下，素非相善也，趣舍异路，未尝衔杯酒接殷勤之欢。然仆观其为人自奇士，事亲孝，与士信，临财廉，取予义，分别有让，恭俭下人，常思奋不顾身以徇国家之急。其素所畜积也，仆以为有国士之风。夫人臣出万死不顾一生之计，赴公家之难，斯已奇矣。今举事壹不当，而全躯保妻子之臣随而媒孽其短，仆诚私心痛之。且李陵提步卒不满五千，深践戎马之地，足历王庭，垂饵虎口，横挑强胡，昂亿万之师，与单于连战十余日，所杀过当。虏救死扶伤不给，旃裘之君长咸震怖，乃悉征左右贤王，举引弓之民，一国共攻而围之。转斗千里，矢尽道穷，救兵不至，士卒死伤如积。然李陵一呼劳军，士无不起，躬流涕，沫血饮泣，张空弮，冒白刃，北首争死敌。陵未没时，使有来报，汉公卿王侯皆奉觞上寿。后数日，陵败书闻，主上为之食不甘味，听朝不怡。大臣忧惧，不知所出。仆窃不自料其卑贱，见主上惨凄怛悼，诚欲效其款款之愚，以为李陵素与士大夫绝甘分少，能得人之死力，虽古名将不过也。身虽陷败彼，彼观其意，且欲得其当而报汉。事已无可奈何，其所摧败，功亦足以暴于天下。仆怀欲陈之，而未有路。适会召问，即以此指推言陵功，欲以广主上之意，塞睚眦之辞。未能尽明，明主不深晓，以为仆沮贰师，而为李陵游说，遂下于理。拳拳之忠，终不能自列。因为诬上，卒从吏议。家贫，财赂不足以自赎，交游莫救，左右亲近不为壹言。身非木石，独与法吏为伍，深幽囹圄之中，谁可告愬者！此正少卿所亲见，仆行事岂不然邪？李陵既生降，隤其家声，而仆又茸之蚕室，重为天下观笑。悲夫！悲夫！\r\n\r\n事未易一二为俗人言也。仆之先人非有剖符丹书之功，文史星历，近乎卜祝之间，固主上所戏弄，倡优所畜，流俗之所轻也。假令仆伏法受诛，若九牛亡一毛，与蝼蚁何以异？而世又不与能死节者比，特以为智穷罪极，不能自免，卒就死耳。何也？素所自树立使然也。人固有一死，或重于泰山，或轻于鸿毛，用之所趋异也。太上不辱先，其次不辱身，其次不辱理色，其次不辱辞令，其次诎体受辱，其次易服受辱，其次关木索、被箠楚受辱，其次剔毛发、婴金铁受辱，其次毁肌肤、断肢体受辱，最下腐刑极矣！传曰“刑不上大夫。”此言士节不可不勉励也。猛虎在深山，百兽震恐，及在槛阱之中，摇尾而求食，积威约之渐也。故士有画地为牢，势不可入；削木为吏，议不可对，定计于鲜也。今交手足，受木索，暴肌肤，受榜箠，幽于圜墙之中，当此之时，见狱吏则头枪地，视徒隶则心惕息。何者？积威约之势也。及已至是，言不辱者，所谓强颜耳，曷足贵乎！且西伯，伯也，拘于羑里；李斯，相也，具于五刑；淮阴，王也，受械于陈；彭越、张敖，南面称孤，系狱抵罪；绛侯诛诸吕，权倾五伯，囚于请室；魏其，大将也，衣赭衣，关三木；季布为朱家钳奴；灌夫受辱于居室。此人皆身至王侯将相，声闻邻国，及罪至罔加，不能引决自裁。在尘埃之中，古今一体，安在其不辱也？由此言之，勇怯，势也；强弱，形也。审矣，何足怪乎？且人不能早自裁绳墨之外，以稍陵迟，至于鞭箠之间，乃欲引节，斯不亦远乎！古人所以重施刑于大夫者，殆为此也。\r\n\r\n夫人情莫不贪生恶死，念父母，顾妻子，至激于义理者不然，乃有不得已也。今仆不幸，早失父母，无兄弟之亲，独身孤立，少卿视仆于妻子何如哉？且勇者不必死节，怯夫慕义，何处不勉焉！仆虽怯懦，欲苟活，亦颇识去就之分矣，何至自沉溺缧绁之辱哉！且夫臧获婢妾，犹能引决，况若仆之不得已乎？所以隐忍苟活，幽于粪土之中而不辞者，恨私心有所不尽，鄙陋没世，而文采不表于后也。\r\n\r\n古者富贵而名摩灭，不可胜记，唯倜傥非常之人称焉。盖西伯（文王）拘而演《周易》；仲尼厄而作《春秋》；屈原放逐，乃赋《离骚》；左丘失明，厥有《国语》；孙子膑脚，《兵法》修列；不韦迁蜀，世传《吕览》；韩非囚秦，《说难》《孤愤》；《诗》三百篇，大底圣贤发愤之所为作也。此人皆意有所郁结，不得通其道，故述往事、思来者。乃如左丘无目，孙子断足，终不可用，退论书策以舒其愤，思垂空文以自见。\r\n\r\n仆窃不逊，近自托于无能之辞，网罗天下放失旧闻，考之行事，稽其成败兴坏之纪，上计轩辕，下至于兹，为十表，本纪十二，书八章，世家三十，列传七十，凡百三十篇。亦欲以究天人之际，通古今之变，成一家之言。草创未就，会遭此祸，惜其不成，是以就极刑而无愠色。仆诚以著此书，藏之名山，传之其人，通邑大都，则仆偿前辱之责，虽万被戮，岂有悔哉?然此可为智者道，难为俗人言也！\r\n\r\n且负下未易居，下流多谤议。仆以口语遇遭此祸，重为乡党所笑，以污辱先人，亦何面目复上父母之丘墓乎？虽累百世，垢弥甚耳！是以肠一日而九回，居则忽忽若有所亡，出则不知其所往。每念斯耻，汗未尝不发背沾衣也！身直为闺阁之臣，宁得自引深藏于岩穴邪！故且从俗浮沉，与时俯仰，以通其狂惑。今少卿乃教以推贤进士，无乃与仆私心剌谬乎？今虽欲自雕琢，曼辞以自饰，无益，于俗不信，适足取辱耳。要之死日，然后是非乃定。书不能悉意，故略陈固陋。\r\n\r\n谨再拜。', '', 'indent', 0, '2013-03-10 00:09:24', 5, 10065, '2014-07-23 19:52:42', NULL, NULL),
(10251, '贺新郎-读史', '', '人猿相揖别。只几个石头磨过，小儿时节。铜铁炉中翻火焰，为问何时猜得？不过几千寒热。人世难逢开口笑，上疆场彼此弯弓月。流遍了，郊原血。%一篇读罢头飞雪，但记得斑斑点点，几行陈迹。五帝三皇神圣事，骗了无涯过客。有多少风流人物。盗跖庄蹻流誉后，更陈王奋起挥黄钺。歌未竟，东方白。', '', 'indent', 0, '2013-03-12 23:44:46', 2, 10025, '2014-07-23 19:52:42', NULL, NULL),
(10252, '人民解放军占领南京', '', '钟山风雨起苍黄，百万雄师过大江。\r\n\r\n虎踞龙盘今胜昔，天翻地覆慨而慷。\r\n\r\n宜将剩勇追穷寇，不可沽名学霸王。\r\n\r\n天若有情天亦老，人间正道是沧桑。', '', 'center', 0, '2013-03-12 23:46:06', 1, 10025, '2014-07-23 19:52:42', NULL, NULL),
(10253, '菩萨蛮-大柏地', '', '赤橙黄绿青蓝紫，谁持彩练当空舞？雨后复斜阳，关山阵阵苍。%当年鏖战急，弹洞前村壁。装点此关山，今朝更好看。', '', 'indent', 0, '2013-03-12 23:47:33', 2, 10025, '2014-07-23 19:52:42', NULL, NULL),
(10254, '十六字令（三首）', '', '山，快马加鞭未下鞍。惊回首，离天三尺三。\r\n\r\n山，倒海翻江卷巨澜。奔腾急，万马战犹酣。\r\n\r\n山，刺破青天锷未残。天欲堕，赖以拄其间。', '', 'center', 0, '2013-03-12 23:48:38', 2, 10025, '2014-07-23 19:52:42', NULL, NULL),
(10255, '减字木兰花-广昌路上', '', '漫天皆白，雪里行军情更迫。头上高山，风卷红旗过大关。%此行何去？赣江风雪迷漫处。命令昨颁，十万工农下吉安。', '', 'indent', 0, '2013-03-12 23:50:37', 2, 10025, '2014-07-23 19:52:42', NULL, NULL),
(10256, '清平乐-六盘山', '', '天高云淡，望断南飞雁<望断：望着，直到看不见。>。不到长城非好汉<长城：借指长征的目的地。>，屈指行程二万。%六盘山上高峰<六盘山：在宁夏回族自治区南部固原市西南，是六盘山山脉的主峰。>，红旗漫卷西风。今日长缨在手，何时缚住苍龙？', '此词为毛泽东翻越六盘山时的咏怀之作。1935年10月，毛泽东率领的红一方面军在向陕北根据地挺进中，于六盘山前击败了前来堵截的敌骑兵团。在战斗胜利的鼓舞下，当天下午部队便一鼓作气翻过了六盘山。\r\n\r\n这首词写景、抒情工整分明，流转自然。上、下半阕均是一、二句写景，三、四句言志。情景交织，浑然一体。整诗洋溢着革命胜利的豪情，运用高亢雄壮的语气，抒发了“长缨在手”定当“缚住苍龙”的革命豪情。', 'indent', 1, '2013-03-12 23:52:24', 2, 10025, '2014-08-20 14:29:43', '', ''),
(10257, '满江红-和郭沫若同志', '', '小小寰球，有几个苍蝇碰壁。嗡嗡叫，几声凄厉，几声抽泣。蚂蚁缘槐夸大国，蚍蜉撼树谈何易。正西风落叶下长安，飞鸣镝。%多少事，从来急；天地转，光阴迫。一万年太久，只争朝夕。四海翻腾云水怒，五洲震荡风雷激。要扫除一切害人虫，全无敌。', '', 'indent', 0, '2013-03-12 23:53:49', 2, 10025, '2014-07-23 19:52:42', NULL, NULL),
(10258, '忆秦娥-娄山关', '', '西风烈，长空雁叫霜晨月。霜晨月，马蹄声碎，喇叭声咽<碎：碎杂，碎乱。喇叭：此指军号。咽，呜咽、幽咽，声音因阻塞而低沉。>。%雄关漫道真如铁<雄关：指娄山关。漫道：徒然说，枉然说。>，而今迈步从头越。从头越，苍山如海，残阳如血。', '此词写于1935年，描写了红军铁血长征中征战娄山关的紧张激烈场景。通过在战争中积累多年的景物观察，以景入情，情中有景，从内到外表现了作者面对失利和困难从容不迫的气度和博大胸怀。', 'indent', 1, '2013-03-12 23:56:01', 2, 10025, '2014-07-23 19:52:42', NULL, NULL),
(10259, '西江月-秋收起义', '', '军叫工农革命，旗号镰刀斧头。匡庐一带不停留，要向潇湘直进。%地主重重压迫，农民个个同仇。秋收时节暮云愁，霹雳一声暴动。', '', 'indent', 0, '2013-03-12 23:57:56', 2, 10025, '2014-07-23 19:52:42', NULL, NULL),
(10260, '过零丁洋', '', '辛苦遭逢起一经，干戈寥落四周星。\r\n\r\n山河破碎风飘絮，身世浮沉雨打萍。\r\n\r\n惶恐滩头说惶恐， 零丁洋里叹零丁。\r\n\r\n人生自古谁无死？留取丹心照汗青！', '', 'center', 0, '2013-03-13 00:06:00', 1, 10066, '2014-07-23 19:52:42', NULL, NULL),
(10261, '正气歌', '', '天地有正气，杂然赋流形。下则为河岳，上则为日星。于人曰浩然，沛乎塞苍冥。\r\n\r\n皇路当清夷，含和吐明庭。时穷节乃见，一一垂丹青。在齐太史简，在晋董狐笔。\r\n\r\n在秦张良椎，在汉苏武节。为严将军头，为嵇侍中血。为张睢阳齿，为颜常山舌。\r\n\r\n或为辽东帽，清操厉冰雪。或为出师表，鬼神泣壮烈。或为渡江楫，慷慨吞胡羯。\r\n\r\n或为击贼笏，逆竖头破裂。是气所磅礴，凛烈万古存。当其贯日月，生死安足论。\r\n\r\n地维赖以立，天柱赖以尊。三纲实系命，道义为之根。嗟予遘阳九，隶也实不力。\r\n\r\n楚囚缨其冠，传车送穷北。鼎镬甘如饴，求之不可得。阴房阗鬼火，春院闭天黑。\r\n\r\n牛骥同一皂，鸡栖凤凰食。一朝蒙雾露，分作沟中瘠。如此再寒暑，百疠自辟易。\r\n\r\n哀哉沮洳场，为我安乐国。岂有他缪巧，阴阳不能贼。顾此耿耿存，仰视浮云白。\r\n\r\n悠悠我心悲，苍天曷有极。哲人日已远，典刑在夙昔。风檐展书读，古道照颜色。', '', 'center', 0, '2013-03-13 00:07:40', 1, 10066, '2014-07-23 19:52:42', NULL, NULL),
(10262, '书愤', '', '早岁那知世事艰，中原北望气如山。\r\n\r\n楼船夜雪瓜洲渡。铁马秋风大散关。\r\n\r\n塞上长城空自许，镜中衰鬓已先斑。\r\n\r\n出师一表真名世，千载谁堪伯仲间！', '', 'center', 0, '2013-03-13 00:11:00', 1, 10019, '2014-07-23 19:52:42', NULL, NULL),
(10263, '望江南-超然台作', '', '春未老，风细柳斜斜。试上超然台上望，半壕春水一城花<壕：护城河。>。烟雨暗千家。%寒食后，酒醒却咨嗟<寒食：古人有寒食节，时间是清明前那一天，是日禁火，故称“寒食”。咨嗟 (jiē)：叹息。>。休对故人思故国，且将新火试新茶<新火：寒食节后重新举火，故称新火。>，诗酒趁年华。', '超然台，位于密州（今山东诸城）北城上。苏轼任密州太守的第二年，见北城墙上原来的旧台年久破败，便修葺一新，时时与友人登临。在济南的弟弟苏辙闻知后，将其命名为“超然台”。此词系登超然台作，时间是熙宁九年（1076）春天。此词描绘了春日景象和作者感情、神态的复杂变化，寄寓了作者对有家难回、有志难酬的无奈与怅惘，同时表达了作者豁达超脱的襟怀和“用之则行，舍之则藏”的人生态度。全词含蓄深沉，短小玲珑，以诗为词，独树一帜，连珠妙语似随意而出，清新自然，显示出词人深厚的艺术功力。', 'indent', 1, '2013-03-13 00:13:02', 2, 10001, '2014-08-18 15:46:00', NULL, NULL);
INSERT INTO `work` (`id`, `title`, `foreword`, `content`, `intro`, `layout`, `highlight`, `create_time`, `type_id`, `author_id`, `updated_at`, `mobile_content`, `mobile_title`) VALUES
(10264, '桂枝香-金陵怀古', '', '登临送目，正故国晚秋，天气初肃。千里澄江似练，翠峰如簇。征帆去棹斜阳里，背西风，酒旗斜矗。彩舟云淡，星河鹭起，画图难足。%念往昔，繁华竞逐，叹门外楼头，悲恨相续。千古凭高，对此漫嗟荣辱。六朝旧事随流水，但寒烟衰草凝绿。至今商女，时时犹唱，《后庭》遗曲。', '', 'indent', 0, '2013-03-13 00:33:24', 2, 10067, '2014-07-23 19:52:42', NULL, NULL),
(10265, '梅花', '', '墙角数枝梅，凌寒独自开。\r\n\r\n遥知不是雪，为有暗香来。', '', 'center', 0, '2013-03-13 00:35:07', 1, 10067, '2014-07-23 19:52:42', NULL, NULL),
(10266, '元日', '', '爆竹声中一岁除，春风送暖入屠苏。\r\n\r\n千门万户曈曈日，总把新桃换旧符。', '此诗描写春节除旧迎新的景象，取材于民间习俗，摄取了老百姓过春节时的典型素材，抓住有代表性的生活细节：点燃爆竹，饮屠苏酒，换新桃符，充分表现出年节的欢乐气氛，富有浓厚的生活气息。', 'center', 1, '2013-03-13 00:36:05', 1, 10067, '2014-08-18 12:35:07', NULL, NULL),
(10267, '书湖阴先生壁', '', '茅檐长扫净无苔，花木成畦手自栽。\r\n\r\n一水护田将绿绕，两山排闼送青来。', '', 'center', 0, '2013-03-13 00:38:58', 1, 10067, '2014-07-23 19:52:42', NULL, NULL),
(10268, '登飞来峰', '', '飞来山上千寻塔，闻说鸡鸣见日升。\r\n\r\n不畏浮云遮望眼，自缘身在最高层。', '', 'center', 0, '2013-03-13 00:40:18', 1, 10067, '2014-07-23 19:52:42', NULL, NULL),
(10269, '泊船瓜洲', '', '京口瓜洲一水间，钟山只隔数重山。\r\n\r\n春风又绿江南岸，明月何时照我还？', '', 'center', 0, '2013-03-13 00:44:02', 1, 10067, '2014-07-23 19:52:42', NULL, NULL),
(10270, '枫桥夜泊', '', '月落乌啼霜满天，江枫渔火对愁眠。\r\n\r\n姑苏城外寒山寺，夜半钟声到客船。', '', 'center', 0, '2013-03-13 00:52:39', 1, 10068, '2014-07-23 19:52:42', NULL, NULL),
(10271, '杨柳枝', '', '井底点灯深烛伊，共郎长行莫围棋。\r\n\r\n玲珑骰子安红豆，入骨相思知不知？', '', 'center', 0, '2013-03-13 01:03:55', 2, 10069, '2014-08-18 14:40:22', NULL, NULL),
(10272, '蝶恋花', '', '阅尽天涯离别苦。不道归来，零落花如许。花底相看无一语，绿窗春与天俱莫。%待把相思灯下诉。一缕新欢，旧恨千千缕。最是人间留不住，朱颜辞镜花辞树。', '', 'indent', 0, '2013-03-13 18:03:42', 2, 10070, '2014-07-23 19:52:42', NULL, NULL),
(10273, '一剪梅-舟过吴江', '', '一片春愁待酒浇。江上舟摇，楼上帘招。秋娘渡与泰娘桥，风又飘飘，雨又萧萧。%何日归家洗客袍？银字笙调，心字香烧。流光容易把人抛，红了樱桃，绿了芭蕉。', '此词是词人乘船经过吴江县时所作的一首词。此词用“点”“染”结合的手法，写出了词人伤春的情绪及久客异乡思归的情绪。全词以首句的“春愁”为核心，选取典型景物和情景层层渲染，突出了春愁的内涵：一是倦游思归的愁，一是春光易逝的愁。', 'indent', 0, '2013-03-13 18:09:55', 2, 10071, '2014-07-23 19:52:42', NULL, NULL),
(10274, '虞美人-听雨', '', '少年听雨歌楼上，红烛昏罗帐。壮年听雨客舟中，江阔云低，断雁叫西风。%而今听雨僧庐下，鬓已星星也。悲欢离合总无情，一任阶前点滴到天明。', '', 'indent', 0, '2013-03-13 18:10:41', 2, 10071, '2014-07-23 19:52:42', NULL, NULL),
(10275, '绮怀（其十五）', '', '几回花下坐吹箫，银汉红墙入望遥。\r\n\r\n似此星辰非昨夜，为谁风露立中宵。\r\n\r\n缠绵思尽抽残茧，宛转心伤剥后蕉。\r\n\r\n三五年时三五月，可怜杯酒不曾消。', '“绮”本意为“有花纹的丝织品”，后来引申为“美丽”，“绮怀”自是一种美丽的情怀，对清代诗人黄景仁来说，这种美丽来自一种爱情失落无处寻觅的绝望，因而更加凄婉动人。黄景仁年轻时曾同自己的表妹两情相悦，但故事却仅有一个温馨的开始和无言的结局。正因如此，在《绮怀》之中，笼罩着隐隐约约的感伤。这种感伤，被那种无法排解的甜蜜回忆和苦涩的现实纠缠着，使得诗人一步步地陷入绝望中。', 'center', 1, '2013-03-13 18:27:35', 1, 10072, '2014-08-20 23:14:53', '', ''),
(10276, '大圣乐-陶成之生日', '', '笙月凉边，翠翘双舞，寿仙曲破。更听得艳拍流星，慢唱寿词初了，群唱莲歌。主翁楼上披鹤氅，展一笑、微微红透涡。襟怀好，纵炎官驻伞，长是春和。%千年鼻祖事业，记曾趁雷声飞快梭。但也曾三径，抚松采菊，随分吟哦。富贵云浮，荣华风过，淡处还他滋味多。休辞饮，有碧荷贮酒，深似金荷。', '', 'indent', 0, '2013-03-13 18:30:03', 2, 10071, '2014-07-23 19:52:42', NULL, NULL),
(10277, '归去来兮辞', '余家贫，耕植不足以自给。幼稚盈室，瓶无储粟，生生所资，未见其术。亲故多劝余为长吏，脱然有怀，求之靡途。会有四方之事，诸侯以惠爱为德，家叔以余贫苦，遂见用于小邑。于时风波未静，心惮远役，彭泽去家百里，公田之利，足以为酒。故便求之。及少日，眷然有归欤之情。何则？质性自然，非矫厉所得。饥冻虽切，违己交病。尝从人事，皆口腹自役。于是怅然慷慨，深愧平生之志。犹望一稔，当敛裳宵逝。寻程氏妹丧于武昌，情在骏奔，自免去职。仲秋至冬，在官八十余日。因事顺心，命篇曰《归去来兮》。乙巳岁十一月也 。', '归去来兮！田园将芜胡不归？既自以心为形役，奚惆怅而独悲？吾已往之不谏，知来者之可追；实迷途其未远，觉今是而昨非。\r\n\r\n舟摇摇以轻殇，风飘飘而吹衣。问征夫以前路，恨晨光之熹微。乃瞻衡宇，栽欣载奔。童仆欢迎，稚子候门。三径就荒，松菊尤存。携幼入室，有酒盈樽。引壶觞以自酌，眇庭柯以怡颜。倚南窗以寄傲，审容膝之易安。园日涉以成趣，门虽设而常关。策扶老以流憩，时翘首而遐观。云无心以出岫，鸟倦飞而知还。景翳翳以将入，抚孤松而盘桓。\r\n\r\n归去来兮，请息交以绝游。世与我而相遗，复驾言兮焉求？悦亲戚之情话，乐琴书以消忧。农人告余以春兮，将有事乎西畴。或命巾车，或棹孤舟。既窈窕以寻壑，亦崎岖而经丘。木欣欣以向荣，泉涓涓而始流。羡万物之得时，感吾生之行休。\r\n\r\n已矣乎！寓形宇内复几时？何不委心任去留？胡为惶惶欲何之？富贵非吾愿，帝乡不可期。怀良辰以孤往，或执杖而耘耔。登东坳以舒啸，临清流而赋诗。聊乘化以归尽，乐夫天命复奚疑？', '“归去来兮”就是“归去”，“来”和“兮”都是语助词，无义。辞，在汉代往往与赋并称为“辞赋”，源于“楚辞”，是一种抒情赋，同样讲究文字与韵节。全文描述了作者在回乡路上和到家后的情形，并设想日后的隐居生活，从而表达了作者对当时官场的厌恶和对农村生活的向往。另一方面，也流露出诗人的一种“乐天知命”的消极思想。', 'indent', 1, '2013-03-13 18:31:57', 3, 10011, '2014-08-20 23:16:04', '', ''),
(10278, '唐多令', '安远楼小集，侑觞歌板之姬黄其姓者，乞词于龙洲道人，为赋此《糖多令》。同柳阜之、刘去非、石民瞻、周嘉仲、陈孟参、孟容。时八月五日也。', '芦叶满汀洲，寒沙带浅流。二十年重过南楼<南楼：指安远楼，在武昌黄鹄山上。当时武昌是南宋和金人交战的前方。>。柳下系船犹未稳，能几日，又中秋。%黄鹤断矶头<黄鹤断矶：黄鹤矶，在武昌城西，上有黄鹤楼。>，故人今在不？旧江山浑是新愁。欲买桂花同载酒，终不似、少年游。', '此词写秋日重登二十年前旧游地武昌南楼，所见所思，缠绵凄怆。在表层山水风光乐酒留连的安适下面，可以感到作者心情沉重的失落。\r\n\r\n刘过的爱国词篇，多为豪爽奔放，痛快淋漓之作。但这首《糖多令》却写得蕴藉含蓄，耐人咀嚼。与其他爱国词比较，的确别具一格，故而流传甚广。《糖多令》即《唐多令》，原为僻调，罕有填者。自刘词出而和者如林，其调乃显。刘辰翁即追和七阕，周密而因其有“重过南楼”之语，为更名曰《南楼令》，可见此词影响之大。', 'indent', 1, '2013-03-13 18:57:26', 2, 10073, '2014-08-20 14:32:59', '', ''),
(10279, '摸鱼儿-雁丘词', '乙丑岁赴试并州，道逢捕雁者云；“今旦获一雁，杀之矣。其脱网者悲鸣不能去，竟自投于地而死。”予因买得之，葬之汾水之上，垒石为识，号曰“雁丘”。同行者多为赋诗，予亦有《雁丘词》。旧所作无宫商，今改定之。', '问世间情是何物，直教生死相许？天南地北双飞客，老翅几回寒暑！欢乐趣，离别苦，是中更有痴儿女。君应有语：渺万里层云，千山暮雪，只影向谁去？%横汾路，寂寞当年箫鼓，荒烟依旧平楚。招魂楚些何嗟及，山鬼自啼风雨。天也妒，未得与，莺儿燕子俱黄土。千秋万古，为留待骚人，狂歌痛饮，来访雁丘处。', '', 'indent', 0, '2013-03-13 19:28:32', 2, 10074, '2014-07-23 19:52:42', NULL, NULL),
(10280, '终南别业', '', '中岁颇好道，晚家南山陲。\r\n\r\n兴来每独往，胜事空自知。\r\n\r\n行到水穷处，坐看云起时。\r\n\r\n偶然值林叟，谈笑无还期。', '这首诗属于近体诗中的五律，是唐代山水田园诗人王维的代表作之一。诗中把退隐后自得其乐的闲适情趣，写得有声有色，惟妙惟肖。诗人兴致来了就独自信步漫游，走到水的尽头就坐看行云变幻，这生动地刻画了一位隐居者的形象，如见其人。同山间老人谈谈笑笑，把回家的时间也忘了，十分自由惬意，这是诗人捕捉到了典型环境中的典型事例，诗把退隐后自得其乐的闲适情趣，写得有声有色，突出地表现了退隐者豁达的性格。平白如话，却极具功力，诗味、理趣二者兼备。', 'center', 1, '2013-03-13 19:38:12', 1, 10075, '2014-08-18 11:02:51', NULL, NULL),
(10281, '相思', '', '红豆生南国，春来发几枝？\r\n\r\n愿君多采撷，此物最相思。', '《相思》是唐代诗人王维的作品，是一首借咏物而寄相思的诗作。此诗写相思之情，却全篇不离红豆，正用其相思子之名以关合相思之情。全诗极为明快，却又委婉含蓄，语浅而情深，相传当时即为人谱曲传唱，流行江南。', 'center', 1, '2013-03-13 19:38:51', 1, 10075, '2014-07-23 19:52:42', NULL, NULL),
(10282, '鸟鸣涧', '', '人闲桂花落，夜静春山空。\r\n\r\n月出惊山鸟，时鸣春涧中。', '该诗是王维题友人皇甫岳所居的云溪别墅所写的组诗《皇甫岳云溪杂题五首》之首。五首诗每一首写一处风景，接近于风景写生，而不同于一般的写意画，或许是一处景点。《鸟鸣涧》侧重于表现夜间春山的宁静幽美。\r\n\r\n首句“人闲桂花落，夜静春山空”，便以声写景，巧妙地采用了通感的手法，将“花落”这一动态情景与“人闲”结合起来。花开花落，都属于天籁之音，唯有心真正闲下来，放下对世俗杂念的挚着迷恋，才能将个人的精神提升到一个“空”的境界。当时的背景是“深夜”，诗人显然无法看到桂花飘落的景致，但因为“夜静”，更因为观风景的人“心静”，所以他还是感受到了盛开的桂花从枝头脱落、飘下、着地的过程。而我们也似乎进入了“香林花雨”的胜景。此处的“春山”还给我们留下了想象的空白，因是“春山”，可以想见白天的喧闹的画面：春和日丽、鸟语花香、欢声笑语。而此时，夜深人静，游人离去，白天的喧闹消失殆尽，山林也空闲了下来，其实“空”的还有诗人作为禅者的心境。唯其心境洒脱，才能捕捉到别人无法感受的情景。', 'center', 1, '2013-03-13 19:39:54', 1, 10075, '2014-08-20 23:17:39', '', ''),
(10283, '山居秋暝', '', '空山新雨后，天气晚来秋。\r\n\r\n明月松间照，清泉石上流。\r\n\r\n竹喧归浣女，莲动下渔舟。\r\n\r\n随意春芳歇，王孙自可留。', '', 'center', 0, '2013-03-13 19:40:41', 1, 10075, '2014-07-23 19:52:42', NULL, NULL),
(10284, '使至塞上', '', '单车欲问边，属国过居延。\r\n\r\n征蓬出汉塞，归雁入胡天。\r\n\r\n大漠孤烟直，长河落日圆。\r\n\r\n萧关逢候骑，都护在燕然。', '', 'center', 0, '2013-03-13 19:41:17', 1, 10075, '2014-07-23 19:52:42', NULL, NULL),
(10285, '九月九日忆山东兄弟', '', '独在异乡为异客，每逢佳节倍思亲。\r\n  \r\n遥知兄弟登高处，遍插茱萸少一人。', '', 'center', 0, '2013-03-13 19:49:20', 1, 10075, '2014-07-23 19:52:42', NULL, NULL),
(10286, '汉江临眺', '', '楚塞三湘接，荆门九派通。\r\n\r\n江流天地外，山色有无中。\r\n\r\n郡邑浮前浦，波澜动远空。\r\n\r\n襄阳好风日，留醉与山翁。', '', 'center', 0, '2013-03-13 19:49:56', 1, 10075, '2014-07-23 19:52:42', NULL, NULL),
(10287, '送元二使安西', '', '渭城朝雨邑轻尘，客舍青青柳色新。\r\n\r\n劝君更尽一杯酒，西出阳关无故人。', '此诗是唐代诗人王维送朋友去西北边疆时所作。此诗前两句写送别的时间、地点、环境气氛。三四句是一个整体，主人的这句似乎脱口而出的劝酒辞就是此刻强烈，深挚的惜别之情的集中表现。这首诗所描写的是一种最有普遍性的离别。它没有特殊的背景，而自有深挚的惜别之情，这就使它适合于绝大多数离筵别席演唱，后来编入乐府，成为最流行，传唱最久的歌曲。', 'center', 0, '2013-03-13 19:50:36', 1, 10075, '2014-08-18 11:07:31', NULL, NULL),
(10288, '送别', '', '下马饮君酒<饮君酒：劝君喝酒。>，问君何所之。\r\n\r\n君言不得意，归卧南山陲。\r\n\r\n但去莫复问，白云无尽时。', '这是首送友人归隐的诗，采用问答的方式从友人口中说出归隐的原因，也表现了诗人复杂的思想感情。诗人对友人关切爱护，既劝慰友人又对友人的归隐生活流露出羡慕之情，说明诗人对自己的现实也不很满意。全诗语言看似平淡无奇，但最后两句却顿增诗意，可谓词浅情深，蕴含着不尽的意味。', 'center', 1, '2013-03-13 19:52:11', 1, 10075, '2014-07-23 19:52:42', NULL, NULL),
(10289, '过香积寺', '', '不知香积寺，数里入云峰。\r\n\r\n古木无人径，深山何处钟？\r\n\r\n泉声咽危石，日色冷青松。\r\n\r\n薄暮空潭曲，安禅制毒龙。', '《过香积寺》是唐代诗人王维的代表作之一。这是一首写游览的诗，主要在于描写山中古寺之幽深静寂。此诗意在写山寺，但并不正面描摹，而侧写周围景物，来烘托映衬山寺之幽胜。最后看到深潭已空，想到佛经中所说的其性暴烈的毒龙已经制服，喻指只有克服邪念妄想，才能悟到禅理的高深，领略宁静之幽趣。全诗不写寺院，而寺院已在其中。诗歌构思奇妙、炼字精巧，其中“泉声咽危石，日色冷青松”，历来被誉为炼字典范。', 'center', 1, '2013-03-13 19:52:46', 1, 10075, '2014-08-18 12:23:56', NULL, NULL),
(10290, '辋川闲居赠裴秀才迪', '', '寒山转苍翠，秋水日潺潺。\r\n\r\n倚杖柴门外，临风听暮蝉。\r\n\r\n渡头馀落日，墟里上孤烟。\r\n\r\n夏值接舆醉，狂歌五柳前。', '', 'center', 0, '2013-03-13 19:54:33', 1, 10075, '2014-07-23 19:52:42', NULL, NULL),
(10291, '竹里馆', '', '独坐幽篁里，弹琴复长啸。\r\n\r\n深林人不知，明月来相照。', '', 'center', 0, '2013-03-13 19:56:55', 1, 10075, '2014-07-23 19:52:42', NULL, NULL),
(10292, '如梦令', '', '一抹斜阳沙觜，几点闲鸥草际，乌榜小渔舟，摇过半江秋水。风起，风起，棹入白苹花里。', '', 'indent', 0, '2013-03-13 20:07:46', 2, 10076, '2014-07-23 19:52:42', NULL, NULL),
(10293, '五月十九日大雨', '', '风驱急雨洒高城，云压轻雷殷地声。\r\n\r\n雨过不知龙去处，一池草色万蛙鸣。', '', 'center', 0, '2013-03-13 20:09:28', 1, 10076, '2014-07-23 19:52:42', NULL, NULL),
(10294, '辛夷坞', '', '木末芙蓉花，山中发红萼。\r\n\r\n涧户寂无人，纷纷开且落。', '此诗短短四句，在描绘了辛夷花的美好形象的同时，又写出了一种落寞的景况和环境。此诗由花开写到花落，而以一句环境描写插入其中，一前后境况迥异，由秀发转为零落。尽管画面上似乎不着痕迹，却能让人体会到一种对时代环境的寂寞感。', 'center', 0, '2013-03-13 20:10:30', 1, 10075, '2014-08-18 14:47:06', NULL, NULL),
(10295, '沈园（其一）', '', '城上斜阳画角哀，沈园非复旧池台。\r\n\r\n伤心桥下春波绿，曾是惊鸿照影来。', '', 'center', 0, '2013-03-13 20:14:16', 1, 10019, '2014-08-18 15:26:55', NULL, NULL),
(10296, '木兰花慢-滁州送范倅', '', '老来情味减，对别酒，怯流年。况屈指中秋，十分好月，不照人圆。无情水，都不管，共西风只管送归船。秋晚莼鲈江上<莼：指莼菜羹。鲈：指鲈鱼脍。>，夜深儿女灯前。%征衫，便好去朝天<朝天：指朝见天子。>。玉殿正思贤。想夜半承明<夜半承明：汉有承明庐，为朝官值宿之处。源自李商隐《贾生》诗：“宣室求贤访逐臣，贾生才调更无伦。可怜夜半虚前席，不问苍生问鬼神。”>，留教视草，却遣筹边<视草：为皇帝起草制诏。筹边：筹划边防军务。>。长安故人问我，道愁肠殢酒只依然<殢酒：沉溺于酒。秦观《梦扬州》词：“殢酒困花，十载因谁淹留。”>。目断秋霄落雁，醉来时响空弦。', '这首词作于干道八年（1172）滁州（今属安徽）任上，是为送他的同事范昂赴京城临安而作。上片写惜别之情和流光虚度之叹。下片寄托自己感慨之情。词意层层相催，逼人欷献叹惋，抒发离情中透露着豪放。', 'indent', 1, '2013-03-13 20:26:00', 2, 10003, '2014-08-20 23:19:06', '', ''),
(10297, '郑风-女曰鸡鸣', '', '女曰鸡鸣，士曰昧旦。子兴视夜，明星有烂。将翱将翔，弋凫与雁。\r\n\r\n弋言加之，与子宜之。宜言饮酒，与子偕老。琴瑟在御，莫不静好。\r\n\r\n知子之来之，杂佩以赠之。知子之顺之，杂佩以问之。知子之好之，杂佩以报之。', '', 'indent', 0, '2013-03-13 20:58:05', 1, 10077, '2014-07-23 19:52:42', NULL, NULL),
(10298, '郑风-子衿', '', '青青子衿，悠悠我心。纵我不往，子宁不嗣音？\r\n\r\n青青子佩，悠悠我思。纵我不往，子宁不来？\r\n\r\n挑兮达兮，在城阙兮。一日不见，如三月兮。', '', 'center', 0, '2013-03-13 21:02:41', 1, 10077, '2014-07-23 19:52:42', NULL, NULL),
(10299, '卫风-木瓜', '', '投我以木瓜，报之以琼琚，匪报也，永以为好也。\r\n\r\n投我以木桃，报之以琼瑶，匪报也，永以为好也。\r\n\r\n投我以木李，报之以琼玖，匪报也，永以为好也。', '', 'center', 0, '2013-03-13 21:04:52', 1, 10077, '2014-07-23 19:52:42', NULL, NULL),
(10300, '青玉案', '', '年年社日停针线，怎忍见、双飞燕？今日江城春已半，一身犹在，乱山深处，寂寞溪桥畔。%春衫著破谁针线？点点行行泪痕满。落日解鞍芳草岸，花无人戴，酒无人劝，醉也无人管。 ', '', 'indent', 0, '2013-03-13 21:11:35', 2, 10078, '2014-07-23 19:52:42', NULL, NULL),
(10301, '邶风-击鼓', '', '击鼓其镗，踊跃用兵。土国城漕，我独南行。\r\n\r\n从孙子仲，平陈与宋。不我以归，忧心有忡。\r\n\r\n爰居爰处？爰丧其马？于以求之？于林之下。\r\n\r\n死生契阔，与子成说。执子之手，与子偕老。\r\n\r\n于嗟阔兮，不我活兮。于嗟洵兮，不我信兮。', '', 'center', 0, '2013-03-13 21:13:02', 1, 10077, '2014-07-23 19:52:42', NULL, NULL),
(10302, '摊破浣溪沙', '', '病起萧萧两鬓华，卧看残月上窗纱。豆蔻连梢煎熟水，莫分茶。%枕上诗书闲处好，门前风景雨来佳。终日向人多酝藉，木犀花。', '这首词创作于李清照的晚年，是一首抒情词，最早收录在《乐府雅词》中。从此词的词情来看是李清照大病渐愈时所作。上阕描写黎明前病中室内生活，下阕描写白天里室外景物，作者抓住大病渐愈这一生活片断，从身心感受运笔，无论写病中生活细事，还是写病中所见景物，不受物所束，不为病所苦，无不流露出女词人病中清静闲适的心情；而身卧病床，鬓发斑白，卧看残月，煎药忌茶，又无不蕴含着病中孤苦哀愁的心境。此词笔致淡雅，情调直切，意境清朗，含蕴耐味。', 'indent', 1, '2013-03-13 21:14:13', 2, 10043, '2014-08-18 16:39:07', NULL, NULL),
(10303, '阮郎归', '', '天边金掌露成霜<金掌：铜仙人掌。汉武帝刘彻曾在建章宫筑神明台（一作柏梁台），上铸铜柱二十丈，有仙人掌托承露盘以伫露水，和玉屑服之，以求长生。>，云随雁字长。绿杯红袖称重阳<绿杯：美酒。红袖：美女。>，人情似故乡。%兰佩紫，菊簪黄，殷勤理旧狂。欲将沉醉换悲凉，清歌莫断肠。', '此词写于汴京，是重阳佳节宴饮之作。词中感喟身世，自抒怀抱，虽写抑郁之情，但并无绝望之意。全词写情波澜起伏，步步深化，由空灵而入厚重，音节从和婉到悠扬，适应感情的变化，整首词的意境是悲凉凄冷的。', 'indent', 1, '2013-03-13 21:17:00', 2, 10079, '2014-07-23 19:52:42', NULL, NULL),
(10304, '临江仙', '', '梦后楼台高锁，酒醒帘幕低垂。去年春恨却来时，落花人独立，微雨燕双飞。%记得小苹初见，两重心字罗衣。琵琶弦上说相思，当时明月在，曾照彩云归。', '', 'indent', 0, '2013-03-13 21:20:03', 2, 10079, '2014-07-23 19:52:42', NULL, NULL),
(10305, '鹧鸪天', '', '彩袖殷勤捧玉钟，当年拚却醉颜红。舞低杨柳楼心月，歌尽桃花扇底风。%从别后，忆相逢，几回魂梦与君同。今宵剩把银釭照，犹恐相逢是梦中。', '', 'indent', 0, '2013-03-13 21:21:34', 2, 10079, '2014-07-23 19:52:42', NULL, NULL),
(10306, '周南-关雎', '', '关关雎鸠，在河之洲。窈窕淑女，君子好逑。\r\n\r\n参差荇菜，左右流之。窈窕淑女，寤寐求之。\r\n\r\n求之不得，寤寐思服。悠哉悠哉，辗转反侧。\r\n\r\n参差荇菜，左右采之。窈窕淑女，琴瑟友之。\r\n\r\n参差荇菜，左右芼之。窈窕淑女，钟鼓乐之。', '', 'center', 0, '2013-03-13 21:25:42', 1, 10077, '2014-07-23 19:52:42', NULL, NULL),
(10307, '常乐里闲居偶题十六韵兼寄刘十五公舆、王十', '', '帝都名利场，鸡鸣无安居。\r\n\r\n独有懒慢者，日高头未梳。\r\n\r\n工拙性不同，进退迹遂殊。\r\n\r\n幸逢太平代，天子好文儒。\r\n\r\n小才难大用，典校在秘书。\r\n\r\n三旬两入省，因得养顽疏。\r\n\r\n茅屋四五间，一马二仆夫。\r\n\r\n俸钱万六千，月给亦有余。\r\n\r\n既无衣食牵，亦少人事拘。\r\n\r\n遂使少年心，日日常晏如。\r\n\r\n勿言无知己，躁静各有徒。\r\n\r\n兰台七八人，出处与之俱。\r\n\r\n旬时阻谈笑，旦夕望轩车。\r\n\r\n谁能雠校间，解带卧吾庐。\r\n\r\n窗前有竹玩，门外有酒沽。\r\n\r\n何以待君子，数竿对一壶。', '', 'center', 0, '2013-03-13 21:28:54', 1, 10005, '2014-07-23 19:52:42', NULL, NULL),
(10308, '己亥杂诗（其五）', '', '浩荡离愁白日斜，吟鞭东指即天涯。\r\n\r\n落红不是无情物，化作春泥更护花。', '', 'center', 0, '2013-03-13 21:34:59', 1, 10080, '2014-07-23 19:52:42', NULL, NULL),
(10309, '己亥杂诗（其二二零）', '', '九州生气恃风雷，万马齐喑究可哀。\r\n\r\n我劝天公重抖擞，不拘一格降人才。', '', 'center', 0, '2013-03-13 21:35:50', 1, 10080, '2014-07-23 19:52:42', NULL, NULL),
(10310, '病梅馆记', '', '江宁之龙蟠，苏州之邓尉，杭州之西溪，皆产梅。或曰：“梅以曲为美，直则无姿；以欹为美，正则无景；以疏为美，密则无态。”固也。此文人画士，心知其意，未可明诏大号以绳天下之梅也；又不可以使天下之民斫直，删密，锄正，以夭梅病梅为业以求钱也。梅之欹之疏之曲，又非蠢蠢求钱之民能以其智力为也。有以文人画士孤癖之隐明告鬻梅者，斫其正，养其旁条，删其密，夭其稚枝，锄其直，遏其生气，以求重价，而江浙之梅皆病。文人画士之祸之烈至此哉！\r\n\r\n予购三百盆，皆病者，无一完者。既泣之三日，乃誓疗之：纵之顺之，毁其盆，悉埋于地，解其棕缚；以五年为期，必复之全之。予本非文人画士，甘受诟厉，辟病梅之馆以贮之。\r\n\r\n呜呼！安得使予多暇日，又多闲田，以广贮江宁、杭州、苏州之病梅，穷予生之光阴以疗梅也哉！', '', 'indent', 0, '2013-03-13 21:39:11', 5, 10080, '2014-07-23 19:52:42', NULL, NULL),
(10311, '贺新郎', '邑中园亭，仆皆为赋此词。一日，独坐停云，水声山色，竞来相娱。意溪山欲援例者，遂作数语，庶几仿佛渊明思亲友之意云。', '甚矣吾衰矣。怅平生、交游零落，只今馀几！白发空垂三千丈，一笑人间万事。问何物、能令公喜？我见青山多妩媚，料青山见我应如是。情与貌，略相似。%一尊搔首东窗里。想渊明《停云》诗就，此时风味。江左沉酣求名者，岂识浊醪妙理。回首叫、云飞风起。不恨古人吾不见，恨古人不见吾狂耳。知我者，二三子。', '', 'indent', 0, '2013-03-14 19:14:41', 2, 10003, '2014-07-23 19:52:42', NULL, NULL),
(10312, '溪亭', '', '清秋有馀思，日暮尚溪亭。\r\n\r\n高树月初白，微风酒半醒。\r\n\r\n独行芽落叶，闲坐数流萤。\r\n\r\n何处渔歌起？孤灯隔远汀。', '', 'center', 0, '2013-03-14 19:16:46', 1, 10081, '2014-07-23 19:52:42', NULL, NULL),
(10313, '春夜宴桃李园序', '', '夫天地者，万物之逆旅；光阴者，百代之过客。而浮生若梦，为欢几何？古人秉烛夜游，良有以也。况阳春召我以烟景，大块假我以文章。会桃花之芳园，序天伦之乐事。群季俊秀，皆为惠连；吾人咏歌，独惭康乐。幽赏未已，高谈转清。开琼筵以坐花，飞羽觞而醉月。不有佳咏，何伸雅怀？如诗不成，罚依金谷酒数。', '', 'indent', 0, '2013-03-14 19:19:38', 5, 10041, '2014-07-23 19:52:42', NULL, NULL),
(10314, '离思五首（其四）', '', '曾经沧海难为水，除却巫山不是云。\r\n\r\n取次花丛懒回顾，半缘修道半缘君。', '', 'center', 0, '2013-03-14 19:27:00', 1, 10082, '2014-07-23 19:52:42', NULL, NULL),
(10315, '庄子-外篇-秋水', '', '秋水时至，百川灌河。泾流之大，两涘渚崖之间，不辩牛马。 于是焉，河伯欣然自喜，以天下之美为尽在己。顺流而东行，至于北海。东面而视，不见水端。于是焉，河伯始旋其面目，望洋向若而叹曰：“野语有之曰：‘闻道百，以为莫己若’者，我之谓也。且夫我尝闻少仲尼之闻，而轻伯夷之义者，始吾弗信，今吾睹子之难穷也，吾非至于子之门，则殆矣，吾长见笑于大方之家。”\r\n\r\n北海若曰：“井蛙不可以语于海者，拘于虚也；夏虫不可以语于冰者，笃于时也；曲士不可以语于道者，束于教也。今尔出于崖涘，观于大海，乃知尔丑，尔将可与语大理矣。天下之水，莫大于海。万川归之，不知何时止而不盈；尾闾泄之，不知何时已而不虚；春秋不变，水旱不知。此其过江河之流，不可为量数。而吾未尝以此自多者，自以比形于天地，而受气于阴阳，吾在天地之间，犹小石小木之在大山也。方存乎见少，又奚以自多！计四海之在天地之间也，不似礨空之在大泽乎？计中国之在海内不似稊米之在大仓乎？号物之数谓之万，人处一焉；人卒九州，谷食之所生，舟车之所通，人处一焉。此其比万物也，不似豪末之在于马体乎？五帝之所连，三王之所争，仁人之所忧，任士之所劳，尽此矣！伯夷辞之以为名，仲尼语之以为博。此其自多也，不似尔向之自多于水乎？”\r\n\r\n河伯曰：“然则吾大天地而小豪末，可乎？”\r\n\r\n北海若曰“否。夫物，量无穷，时无止，分无常，终始无故。是故大知观于远近，故小而不寡，大而不多：知量无穷。证向今故，故遥而不闷，掇而不跂：知时无止。察乎盈虚，故得而不喜，失而不忧：知分之无常也。明乎坦涂，故生而不说，死而不祸：知终始之不可故也。计人之所知，不若其所不知；其生之时，不若未生之时；以其至小，求穷其至大之域，是故迷乱而不能自得也。由此观之，又何以知毫末之足以定至细之倪，又何以知天地之足以穷至大之域！”\r\n\r\n河伯曰：“世之议者皆曰：‘至精无形，至大不可围。’是信情乎？”\r\n\r\n北海若曰：“夫自细视大者不尽，自大视细者不明。夫精，小之微也；郛，大之殷也：故异便。此势之有也。夫精粗者，期于有形者也；无形者，数之所不能分也；不可围者，数之所不能穷也。可以言论者，物之粗也；可以意致者，物之精也；言之所不能论，意之所不能察致者，不期精粗焉。是故大人之行：不出乎害人，不多仁恩；动不为利，不贱门隶；货财弗争，不多辞让；事焉不借人，不多食乎力，不贱贪污；行殊乎俗，不多辟异；为在从众，不贱佞谄；世之爵禄不足以为劝，戮耻不足以为辱；知是非之不可为分，细大之不可为倪。闻曰：‘道人不闻，至德不得，大人无己。’约分之至也。”\r\n\r\n河伯曰：“若物之外，若物之内，恶至而倪贵贱？恶至而倪小大？”\r\n\r\n北海若曰：“以道观之，物无贵贱；以物观之，自贵而相贱；以俗观之，贵贱不在己。以差观之，因其所大而大之，则万物莫不大；因其所小而小之，则万物莫不小。知天地之为稊米也，知毫末之为丘山也，则差数睹矣。以功观之，因其所有而有之，则万物莫不有；因其所无而无之，则万物莫无。知东西之相反而不可以相无，则功分定矣。以趣观之，因其所然而然之，则万物莫不然；因其所非而非之，则万物莫不非。知尧、桀之自然而相非，则趣操睹矣。昔者尧、舜让而帝，之、哙让而绝；汤、武争而王，白公争而灭。由此观之，争让之礼，尧、桀之行，贵贱有时，未可以为常也。梁丽可以冲城而不可以窒穴，言殊器也；骐骥骅骝一日而驰千里，捕鼠不如狸狌，言殊技也；鸱鸺夜撮蚤，察毫末，昼出瞋目而不见丘山，言殊性也。故曰：盖师是而无非，师治而无乱乎？是未明天地之理，万物之情也。是犹师天而无地，师阴而无阳，其不可行明矣！然且语而不舍，非愚则诬也！帝王殊禅，三代殊继。差其时，逆其俗者，谓之篡夫；当其时，顺其俗者，谓之义之徒。默默乎河伯，女恶知贵贱之门，小大之家！”\r\n\r\n河伯曰：“然则我何为乎？何不为乎？吾辞受趣舍，吾终奈何？”\r\n\r\n北海若曰：“以道观之，何贵何贱，是谓反衍；无拘而志，与道大蹇。何少何多，是谓谢施；无一而行，与道参差。严乎若国之有君，其无私德；繇繇乎若祭之有社，其无私福；泛泛乎其若四方之无穷，其无所畛域。兼怀万物，其孰承翼？是谓无方。万物一齐，孰短孰长？道无终始，物有死生，不恃其成。一虚一满，不位乎其形。年不可举，时不可止。消息盈虚，终则有始。是所以语大义之方，论万物之理也。物之生也，若骤若驰。无动而不变，无时而不移。何为乎，何不为乎？夫固将自化。”\r\n\r\n河伯曰：“然则何贵于道邪？ ”\r\n\r\n北海若曰：“知道者必达于理，达于理者必明于权，明于权者不以物害己。至德者，火弗能热，水弗能溺，寒暑弗能害，禽兽弗能贼。非谓其薄也，言察乎安危，宁于祸福，谨于去就，莫之能害也。故曰：‘天在内，人在外，德在乎天。’知天人之行，本乎天，位乎得，踯躅而屈伸，反要而语极。”曰：“何谓天？何谓人？”北海若曰：“牛马四足，是谓天；落马首，穿牛鼻，是谓人。故曰：‘无以人灭天，无以故灭命，无以得殉名。谨守而勿失，是谓反其真。’”\r\n\r\n夔怜蚿，蚿怜蛇，蛇怜风，风怜目，目怜心。\r\n\r\n夔谓蚿曰：“吾以一足趻踔而不行，予无如矣。今子之使万足，独奈何？”\r\n蚿曰：“不然。子不见夫唾者乎？喷则大者如珠，小者如雾,杂而下者不可胜数也。今予动吾天机，而不知其所以然。”\r\n\r\n蚿谓蛇曰：“吾以众足行，而不及子之无足，何也？”\r\n\r\n蛇曰：“夫天机之所动，何可易邪？吾安用足哉！”\r\n\r\n蛇谓风曰：“予动吾脊胁而行，则有似也。今子蓬蓬然起于北海，蓬蓬然入于南海，而似无有，何也？”\r\n\r\n风曰：“然，予蓬蓬然起于北海而入于南海也，然而指我则胜我，鰌我亦胜我。虽然，夫折大木，蜚大屋者，唯我能也。”故以众小不胜为大胜也。为大胜者，唯圣人能之。\r\n\r\n孔子游于匡，宋人围之数匝，而弦歌不辍。\r\n\r\n子路入见，曰：“何夫子之娱也？”\r\n\r\n孔子曰：“来，吾语女。我讳穷久矣，而不免，命也；求通久矣，而不得，时也。当尧、舜而天下无穷人，非知得也；当桀、纣而天下无通人，非知失也：时势适然。夫水行不避蛟龙者，渔父之勇也；陆行不避兕虎者，猎夫之勇也；白刃交于前，视死若生者，烈士之勇也；知穷之有命，知通之有时，临大难而不惧者，圣人之勇也。由，处矣！吾命有所制矣！”\r\n\r\n无几何，将甲者进，辞曰：“以为阳虎也，故围之；今非也，请辞而退。”\r\n\r\n公孙龙问于魏牟曰：“ 龙少学先王之道，长而明仁义之行；合同异，离坚白；然不然，可不可；困百家之知，穷众口之辩：吾自以为至达已。今吾闻庄子之言，茫然异之。不知论之不及与？知之弗若与？今吾无所开吾喙，敢问其方。”\r\n\r\n公子牟隐机大息，仰天而笑曰：“子独不闻夫埳井之蛙乎？谓东海之鳖曰：‘吾乐与！出跳梁乎井干之上，入休乎缺甃之崖。赴水则接腋持颐，蹶泥则没足灭跗。还虷蟹与科斗，莫吾能若也。且夫擅一壑之水，而跨跱埳井之乐，此亦至矣。夫子奚不时来入观乎？’东海之鳖左足未入，而右膝已絷矣。于是逡巡而却，告之海曰：‘夫千里之远，不足以举其大；千仞之高，不足以极其深。禹之时，十年九潦，而水弗为加益；汤之时，八年七旱，而崖不为加损。夫不为顷久推移，不以多少进退者，此亦东海之大乐也。’于是埳井之蛙闻之，适适然惊，规规然自失也。且夫知不知是非之竟，而犹欲观于庄子之言，是犹使蚊负山，商蚷驰河也，必不胜任矣。且夫知不知论极妙之言，而自适一时之利者，是非埳井之蛙与？且彼方跐黄泉而登大皇，无南无北，爽然四解，沦于不测；无东无西，始于玄冥，反于大通。子乃规规然而求之以察，索之以辩，是直用管窥天，用锥指地也，不亦小乎？子往矣！且子独不闻夫寿陵余子之学于邯郸与？未得国能，又失其故行矣，直匍匐而归耳。今子不去，将忘子之故，失子之业。”\r\n\r\n公孙龙口呿而不合，舌举而不下，乃逸而走。\r\n\r\n庄子钓于濮水。楚王使大夫二人往先焉，曰：“愿以境内累矣！”\r\n\r\n庄子持竿不顾，曰：“吾闻楚有神龟，死已三千岁矣。王巾笥而藏之庙堂之上。此龟者，宁其死为留骨而贵乎？宁其生而曳尾于涂中乎？”\r\n\r\n二大夫曰：“宁生而曳尾涂中。”庄子曰：“往矣！吾将曳尾于涂中。”\r\n\r\n惠子相梁，庄子往见之。或谓惠子曰：“庄子来，欲代子相。”于是惠子恐，搜于国中三日三夜。庄子往见之，曰：“南方有鸟，其名为鹓鶵，子知之乎？夫鹓鶵发于南海而飞于北海，非梧桐不止，非练实不食,非醴泉不饮。于是鸱得腐鼠,鹓鶵过之，仰而视之曰：‘吓！’今子欲以子之梁国而吓我邪？”\r\n\r\n庄子与惠子游于濠梁之上。\r\n\r\n庄子曰：“儵鱼出游从容，是鱼之乐也。”\r\n\r\n惠子曰∶“子非鱼，安知鱼之乐？”\r\n\r\n庄子曰：“子非我，安知我不知鱼之乐？”\r\n\r\n惠子曰“我非子，固不知子矣；子固非鱼也，子之不知鱼之乐全矣！”\r\n\r\n庄子曰：“请循其本。子曰‘汝安知鱼乐’云者，既已知吾知之而问我。我知之濠上也。”', '', 'indent', 0, '2013-03-14 19:40:42', 5, 10064, '2014-07-23 19:52:42', NULL, NULL),
(10316, '题都城南庄', '', '去年今日此门中，人面桃花相映红。\r\n\r\n人面不知何处去，桃花依旧笑春风。', '', 'center', 0, '2013-03-14 19:51:40', 1, 10083, '2014-07-23 19:52:42', NULL, NULL),
(10317, '卫风-硕人', '', '硕人其颀，衣锦褧衣。齐侯之子，卫侯之妻。东宫之妹，邢侯之姨，谭公维私。\r\n\r\n手如柔荑，肤如凝脂，领如蝤蛴，齿如瓠犀，螓首蛾眉，巧笑倩兮，美目盼兮。\r\n\r\n硕人敖敖，说于农郊。四牡有骄，朱幩镳镳。翟茀以朝。大夫夙退，无使君劳。\r\n\r\n河水洋洋，北流活活。施罛濊濊，鳣鲔发发。葭菼揭揭，庶姜孽孽，庶士有朅。', '', 'center', 0, '2013-03-14 19:53:46', 1, 10077, '2014-07-23 19:52:42', NULL, NULL),
(10318, '菩萨蛮', '', '小山重叠金明灭，鬓云欲度香腮雪。懒起画蛾眉，弄妆梳洗迟。%照花前后镜，花面交相映。新帖绣罗襦，双双金鹧鸪。', '', 'indent', 0, '2013-03-14 19:56:53', 2, 10069, '2014-07-23 19:52:42', NULL, NULL),
(10319, '琵琶行', '元和十年，予左迁九江郡司马。明年秋，送客湓浦口，闻舟中夜弹琵琶者。听其音，铮铮然有京都声。问其人，本长安倡女，尝学琵琶于穆、曹二善才。年长色衰，委身为贾人妇。遂命酒，使快弹数曲。曲罢悯然，自叙少小时欢乐事，今漂沦憔悴，转徙于江湖间。予出官二年，恬然自安，感斯人言，是夕始觉有迁谪意。因为长句，歌以赠之，凡六百一十六言。命曰《琵琶行》。', '浔阳江头夜送客，枫叶荻花秋瑟瑟。\r\n\r\n主人下马客在船，举酒欲饮无管弦。\r\n\r\n醉不成欢惨将别，别时茫茫江浸月。\r\n\r\n忽闻水上琵琶声，主人忘归客不发。\r\n\r\n寻声暗问弹者谁？琵琶声停欲语迟。\r\n\r\n移船相近邀相见，添酒回灯重开宴。\r\n\r\n千呼万唤始出来，犹抱琵琶半遮面。\r\n\r\n转轴拨弦三两声，未成曲调先有情。\r\n\r\n弦弦掩抑声声思，似诉平生不得志。\r\n\r\n低眉信手续续弹，说尽心中无限事。\r\n\r\n轻拢慢捻抹复挑，初为《霓裳》后《六幺》。\r\n\r\n大弦嘈嘈如急雨，小弦切切如私语。\r\n\r\n嘈嘈切切错杂弹，大珠小珠落玉盘。\r\n\r\n间关莺语花底滑，幽咽泉流冰下难。\r\n\r\n冰泉冷涩弦凝绝，凝绝不通声暂歇。\r\n\r\n别有幽愁暗恨生，此时无声胜有声。\r\n\r\n银瓶乍破水浆迸，铁骑突出刀枪鸣。\r\n\r\n曲终收拨当心画，四弦一声如裂帛。\r\n\r\n东船西舫悄无言，唯见江心秋月白。\r\n\r\n沉吟放拨插弦中，整顿衣裳起敛容。\r\n\r\n自言本是京城女，家在虾蟆陵下住。\r\n\r\n十三学得琵琶成，名属教坊第一部。\r\n\r\n曲罢曾教善才服，妆成每被秋娘妒。\r\n\r\n五陵年少争缠头，一曲红绡不知数。\r\n\r\n钿头银篦击节碎，血色罗裙翻酒污。\r\n\r\n今年欢笑复明年，秋月春风等闲度。\r\n\r\n弟走从军阿姨死，暮去朝来颜色故。\r\n\r\n门前冷落鞍马稀，老大嫁作商人妇。\r\n\r\n商人重利轻别离，前月浮梁买茶去。\r\n\r\n去来江口守空船，绕船月明江水寒。\r\n\r\n夜深忽梦少年事，梦啼妆泪红阑干。\r\n\r\n我闻琵琶已叹息，又闻此语重唧唧。\r\n\r\n同是天涯沦落人，相逢何必曾相识！\r\n\r\n我从去年辞帝京，谪居卧病浔阳城。\r\n\r\n浔阳地僻无音乐，终岁不闻丝竹声。\r\n\r\n住近湓江地低湿，黄芦苦竹绕宅生。\r\n\r\n其间旦暮闻何物？杜鹃啼血猿哀鸣。\r\n\r\n春江花朝秋月夜，往往取酒还独倾。\r\n\r\n岂无山歌与村笛，呕哑嘲哳难为听。\r\n\r\n今夜闻君琵琶语，如听仙乐耳暂明。\r\n\r\n莫辞更坐弹一曲，为君翻作《琵琶行》。\r\n\r\n感我此言良久立，却坐促弦弦转急。\r\n\r\n凄凄不似向前声，满座重闻皆掩泣。\r\n\r\n座中泣下谁最多？江州司马青衫湿。', '', 'center', 0, '2013-03-14 20:01:22', 1, 10005, '2014-07-23 19:52:42', NULL, NULL),
(10320, '虞美人-寄公度', '', '芙蓉落尽天涵水<芙蓉：指荷花。涵：包含，包容。>，日暮沧波起<沧：暗绿色（指水）。>。背飞双燕贴云寒，独向小楼东畔倚阑看。%浮生只合尊前老<合：应该。\r\n尊：同“樽”，酒杯。>，雪满长安道。故人早晚上高台，赠我江南春色一枝梅。', '此词为词人寄赠友人黄公度之作。词的上片写主人公傍晚小楼上欣赏秋景，下片写作者在冬日的长安，盼望老友送梅来到，字里行间隐晦地传达出作者因触犯当政者王安石而被撤职后既苦闷孤独又渴望得到帮助的心情。', 'indent', 1, '2013-03-14 20:12:14', 2, 10084, '2014-07-23 19:52:42', NULL, NULL),
(10321, '鹊桥仙', '', '纤云弄巧，飞星传恨，银汉迢迢暗度。金风玉露一相逢，便胜却、人间无数。%柔情似水，佳期如梦，忍顾鹊桥归路。两情若是久长时，又岂在、朝朝暮暮？', '此词是一首爱情颂歌，上片写牛郎织女聚会，下片写他们的离别。全词哀乐交织，熔抒情与议论于一炉，融天上人间为一体，优美的形象与深沉的感情结合起来，起伏跌宕地讴歌了美好的爱情。此词议论自由流畅，通俗易懂，却又显得婉约蕴藉，余味无穷，尤其是末二句，使词的思想境界升华到一个崭新的高度。', 'indent', 1, '2013-03-14 20:19:09', 2, 10085, '2014-07-23 19:52:42', NULL, NULL),
(10322, '踏莎行-郴州旅舍', '', '雾失楼台，月迷津渡。桃源望断无寻处。可堪孤馆闭春寒，杜鹃声里斜阳暮。%驿寄梅花，鱼传尺素。砌成此恨无重数。郴江幸自绕郴山，为谁流下潇湘去。', '', 'indent', 0, '2013-03-14 20:19:48', 2, 10085, '2014-07-23 19:52:42', NULL, NULL),
(10323, '浣溪沙', '', '漠漠轻寒上小楼，晓阴无赖似穷秋，淡烟流水画屏幽。%自在飞花轻似梦，无边丝雨细如愁，宝帘闲挂小银钩。', '', 'indent', 0, '2013-03-14 20:22:46', 2, 10085, '2014-07-23 19:52:42', NULL, NULL),
(10324, '望海潮', '', '星分斗牛，疆连淮海，扬州万井提封。花发路香，莺啼人起，珠帘十里东风。豪俊气如虹，曳照春金紫。飞盖相从，巷入垂杨，画桥南北翠烟中。%追思故国繁雄，有迷楼挂斗。月观横空，纹锦制帆，明珠溅雨，宁论爵马鱼龙。往事逐孤鸿，但乱云流水。萦带离宫，最好挥毫万字，一饮拚千钟。', '', 'indent', 0, '2013-03-14 20:26:06', 2, 10085, '2014-07-23 19:52:42', NULL, NULL),
(10325, '望海潮', '', '秦峰苍翠，耶溪潇洒，千岩万壑争流。鸳瓦雉城，谯门画戟蓬莱燕阁三休。天际识归舟，泛五湖烟月。西子同游，茂草台荒，苎萝村冷起闲愁。%何人览古凝眸，怅朱颜易失，翠被难留。梅市旧书，兰亭古墨，依稀风韵生秋。狂客鉴湖头，有百年台沼。终日夷犹，最好金龟换酒，相与醉沧州。', '', 'indent', 0, '2013-03-14 20:27:56', 2, 10085, '2014-07-23 19:52:42', NULL, NULL),
(10326, '减字木兰花', '', '天涯旧恨，独自凄凉人不问。欲见回肠，断尽金炉小篆香。%黛蛾长敛，任是春风吹不展。困依危楼，过尽飞鸿字字愁。', '', 'indent', 0, '2013-03-14 20:28:50', 2, 10085, '2014-07-23 19:52:42', NULL, NULL),
(10327, '无题', '', '相见时难别亦难，东风无力百花残。\r\n\r\n春蚕到死丝方尽，蜡炬成灰泪始干。\r\n\r\n晓镜但愁云鬓改，夜吟应觉月光寒。\r\n\r\n蓬莱此去无多路，青鸟殷勤为探看。', '', 'center', 0, '2013-03-14 20:30:33', 1, 10009, '2014-07-23 19:52:42', NULL, NULL),
(10328, '无题', '', '昨夜星辰昨夜风，画楼西畔桂堂东。\r\n\r\n身无彩凤双飞翼，心有灵犀一点通<灵犀：旧说犀牛有神异，角中有白纹如线，直通两头。>。\r\n\r\n隔座送钩春酒暖<送钩：也称藏钩。古代腊日的一种游戏，分二曹以较胜负。把钩互相传送后，藏于一人手中，令人猜。亦为古代宴会中的一种游戏，把钩在暗中传递，让人猜在谁手中，猜不中就罚酒。>，分曹射覆烛灯红<分曹：分组。射覆：在覆器下放着东西令人猜古代的一种游戏。>。\r\n\r\n嗟余听鼓应官去<鼓：指更鼓。应官：上朝点卯。>，走马兰台类转蓬<兰台：即秘书省，掌管图书秘籍。时李商隐任秘书省正字。此句从字面看，是参加宴会后，随即骑马到兰台，类似蓬草之飞转，实则也隐含自伤飘零意。>。', '此诗写的是追忆所遇见的艳情场景。从内容上看，首句以“昨夜”明点追忆旧事。三四句以他物作比，“身无彩凤”写昨夜之情。五六句从两人的默契转到对整个宴会的描绘，七八句从恋情的欢悦转入“听鼓应官”，欢情一落千丈。全诗以心理活动为出发点，诗人的感受细腻而真切，将一段可意会不可言传的情感描绘得扑朔迷离而又入木三分。单看这首无题诗，全诗在哀婉凄凉的乐调下给人一种似解非解的感觉，让人觉的既像是写给不能长久相伴的恋人的，又像哀叹君臣遇合，却似乎没有这么世俗，如此，就是李义山无题诗的妙处所在了。', 'center', 1, '2013-03-14 20:32:06', 1, 10009, '2014-07-23 19:52:42', NULL, NULL),
(10329, '无题', '', '来是空言去绝踪，月斜楼上五更钟。\r\n\r\n梦为远别啼难唤，书被催成墨未浓。\r\n\r\n蜡照半笼金翡翠，麝薰微度绣芙蓉。\r\n\r\n刘郎已恨蓬山远，更隔蓬山一万重。\r\n\r\n飒飒东风细雨来，芙蓉塘外有轻雷。\r\n\r\n金蟾啮锁烧香入，玉虎牵丝汲井回。\r\n\r\n贾氏窥帘韩掾少，宓妃留枕魏王才。\r\n\r\n春心莫共花争发，一寸相思一寸灰。', '', 'center', 0, '2013-03-14 20:36:01', 1, 10009, '2014-07-23 19:52:42', NULL, NULL),
(10330, '晚晴', '', '深居俯夹城，春去夏犹清。\r\n\r\n天意怜幽草，人间重晚晴。\r\n\r\n并添高阁迥，微注小窗明。\r\n\r\n越鸟巢乾后，归飞体更轻。', '这首诗描绘雨后晚晴明净清新的境界和生意盎然的景象，表达出诗人欣慰喜悦的感受和明朗乐观的襟怀。作为一首有寓托的诗，《晚晴》的写法更接近于“在有意无意之间”的“兴”。诗人也许本无托物喻志的明确意图，只是在登高览眺之际，适与物接而触发联想，情与境谐，从而将一刹那间别有会心的感受融化在对晚晴景物的描写之中，故显得自然浑成，不着痕迹。', 'center', 1, '2013-03-14 20:37:42', 1, 10009, '2014-08-20 14:36:41', '', ''),
(10331, '寄黄几复', '', '我居北海君南海，寄雁传书谢不能。\r\n\r\n桃李春风一杯酒，江湖夜雨十年灯。\r\n\r\n持家但有四立壁，治病不蕲三折肱。\r\n\r\n想得读书头已白，隔溪猿哭瘴溪藤。', '', 'center', 0, '2013-03-14 20:47:36', 1, 10086, '2014-07-23 19:52:42', NULL, NULL);
INSERT INTO `work` (`id`, `title`, `foreword`, `content`, `intro`, `layout`, `highlight`, `create_time`, `type_id`, `author_id`, `updated_at`, `mobile_content`, `mobile_title`) VALUES
(10332, '爱莲说', '', '水陆草木之花，可爱者甚蕃。晋陶渊明独爱菊；自李唐来，世人盛爱牡丹；予独爱莲之出淤泥而不染，濯清涟而不妖，中通外直，不蔓不枝，香远益清，亭亭静植，可远观而不可亵玩焉。予谓菊，花之隐逸者也；牡丹，花之富贵者也；莲，花之君子者也。噫！菊之爱，陶后鲜有闻；莲之爱，同予者何人；牡丹之爱，宜乎众矣。', '', 'indent', 0, '2013-03-14 20:55:41', 5, 10087, '2014-07-23 19:52:42', NULL, NULL),
(10333, '石钟山记', '', '《水经》云：“彭蠡之口有石钟山焉。”郦元以为下临深潭，微风鼓浪，水石相搏，声如洪钟。是说也，人常疑之。今以钟磬置水中，虽大风浪不能鸣也，而况石乎！至唐李渤始访其遗踪，得双石于潭上，扣而聆之，南声函胡，北音清越，桴止响腾，余韵徐歇。自以为得之矣。然是说也，余尤疑之。石之铿然有声音，所在皆是也，而此独以钟名，何哉？\r\n\r\n元丰七年六月丁丑，余自齐安舟行适临汝，而长子迈将赴铙之德兴尉，送之至湖口，因得观所谓石钟者。寺僧使小童持斧，于乱石间，择其一二扣之，箜箜焉。余固笑而不信也。至暮夜月明，独与迈乘小舟，至绝壁下。大石侧立千尺，如猛兽奇鬼，森然欲搏人，而山上栖鹘，闻人声亦惊起，磔磔云霄间；又有若老人咳且笑于山谷中者，或曰：“此鹳鹤也。”余方心动欲还，而大声发于水上，噌洪如钟鼓不绝，舟人大恐。徐而察之，则山下皆石穴罅，不知其浅深，微波焉，涵澹澎湃而为此也。舟回至两山间，将入港口，有大石当中流，可坐百人，空中而多窍，与风水相吞吐，款坎镗嗒之声，与向噌洪者相应，如乐作焉。因笑谓迈曰：“汝识之乎？噌洪者，周景王之无射也；款坎镗嗒者，魏庄子之的、歌钟也。古之人不余欺也。”\r\n\r\n事不目见闻而臆断其有无，可乎？郦元之所见闻殆与余同，而言之不详；士大夫终不肯以小舟夜泊绝壁之下，故莫能知；而渔工水师虽如知而不能言，此世所以不传也。而陋者乃以斧斤考击而求之，自以为得其实，余是以记之，盖叹郦元之简，而笑李渤之陋也。', '', 'indent', 0, '2013-03-14 20:57:00', 5, 10001, '2014-07-23 19:52:42', NULL, NULL),
(10334, '正月十五夜', '', '火树银花合，星桥铁锁开。\r\n\r\n暗尘随马去，明月逐人来。\r\n\r\n游伎皆秾李，行歌尽落梅。\r\n\r\n金吾不禁夜，玉漏莫相催。', '初唐时期，每年元宵节晚上，长安城里都要大放花灯。该诗第一句写灯，把灯比作“火树”和“银花”，表现出灯的辉煌。第二句写观灯的环境，既有美丽壮观的自然景象，又有政治环境，即元宵佳节特许放宽禁区后市民可以信步漫游所带来的喜悦氛围。第三四句总写观灯盛况，抒发骑马逐月的欢乐情怀。第五六句细写游人盛景，歌舞妓们艳丽华美，杂于各色人之间，踏着“梅花落”曲子，唱着愉快的歌，把观灯之乐推向高潮。最后两句用“金吾不禁”和“玉漏莫催”来表达人们让欢乐继续下去的心愿，有力地烘托出太平盛世歌舞升平的初唐繁荣，让人感到兴犹未尽，产生出强烈的艺术效果。', 'center', 1, '2013-03-14 21:02:06', 1, 10088, '2014-08-18 11:00:41', NULL, NULL),
(10346, '山坡羊-潼关怀古', '', '峰峦如聚，波涛如怒，山河表里潼关路。望西都，意踌躇。伤心秦汉经行处，宫阙万间都做了土。兴，百姓苦；亡，百姓苦。', '', 'indent', 0, '2013-03-16 10:26:46', 4, 10090, '2014-07-23 19:52:42', NULL, NULL),
(10347, '天净沙-秋思', '', '枯藤老树昏鸦，小桥流水人家，古道西风瘦马。夕阳西下，断肠人在天涯。', '', 'indent', 0, '2013-03-16 10:30:17', 4, 10091, '2014-07-23 19:52:42', NULL, NULL),
(10348, '易水歌', '', '风萧萧兮易水寒，壮士一去兮不复还。\r\n\r\n探虎穴兮入蛟宫，仰天嘘气兮成白虹。', '', 'center', 0, '2013-03-18 14:57:27', 1, 10092, '2014-07-23 19:52:42', NULL, NULL),
(10349, '终南山', '', '太乙近天都，连山到海隅。\r\n\r\n白云回望合，青霭入看无。\r\n\r\n分野中峰变，阴晴众壑殊。\r\n\r\n欲投人处宿，隔水问樵夫。', '终南山，又名太乙山，西起陕西宝鸡眉县，东至陕西西安蓝田县，千峰叠翠，景色幽美。开元二十九年（741）至天宝三年（744）之间，王维曾隐居于长安附近的终南山，这首诗大概是诗人隐居终南期间的作品。诗旨在咏叹终南山的宏伟壮大，全诗写景、写人、写物，动如脱兔，静若淑女，有声有色，意境清新、宛若一幅山水画。', 'center', 1, '2013-03-18 15:03:55', 1, 10075, '2014-08-18 10:53:03', NULL, NULL),
(10350, '黄鹤楼', '', '昔人已乘黄鹤去，此地空余黄鹤楼。\r\n\r\n黄鹤一去不复返，白云千载空悠悠。\r\n\r\n晴川历历汉阳树，芳草萋萋鹦鹉洲。\r\n\r\n日暮乡关何处是，烟波江上使人愁。', '', 'center', 0, '2013-03-18 15:08:39', 1, 10093, '2014-07-23 19:52:42', NULL, NULL),
(10351, '登鹳雀楼', '', '白日依山尽，黄河入海流。\r\n\r\n欲穷千里目，更上一层楼。', '《登鹳雀楼》是盛唐诗人王之涣的一首五言绝句，前两句写的是自然景色，但开笔就有缩万里于咫尺，使咫尺有万里之势；后两句写意，写的出人意料，把哲理与景物、情势溶化得天衣无缝，成为鹳雀楼上一首不朽的绝唱。此诗虽然只有二十字，却以千均巨椽，绘下北国河山的磅礴气势和壮丽景象，令人襟怀豪放。诗人受大自然震撼的心灵，悟出的是朴素而深刻的哲理，能够催人抛弃固步自封的浅见陋识，登高放眼，不断拓出愈益美好的崭新境界。清代诗评家也认为：“王诗短短二十字，前十字大意已尽，后十字有尺幅千里之势。”这首诗是唐代五言诗的压卷之作，王之涣因这首五言绝句而名垂千古，鹳雀楼也因此诗而名扬中华。', 'center', 1, '2013-03-18 15:11:09', 1, 10094, '2014-08-18 19:23:32', NULL, NULL),
(10352, '凉州词', '', '黄河远上白云间，一片孤城万仞山。\r\n\r\n羌笛何须怨杨柳，春风不度玉门关。', '', 'center', 0, '2013-03-18 15:12:09', 1, 10094, '2014-07-23 19:52:42', NULL, NULL),
(10353, '望月怀远', '', '海上生明月，天涯共此时。\r\n\r\n情人怨遥夜，竟夕起相思。\r\n\r\n灭烛怜光满，披衣觉露滋。\r\n\r\n不堪盈手赠，还寝梦佳期。', '《望月怀远》是唐代诗人张九龄的作品。此诗是望月怀思的名篇。开头紧扣题目，首句写“望月”，次句写“怀远”；接着直抒对远方亲人的思念之情；五、六句承接三、四句，具体描绘了彻夜难眠的情境；结尾两句进一步抒写了对远方亲人的一片深情。全诗语言自然浑成而不露痕迹，情意缠绵而不见感伤，意境幽静秀丽，构思巧妙，情景交融，细腻入微，感人至深。', 'center', 1, '2013-03-18 15:15:16', 1, 10095, '2014-08-18 14:45:27', NULL, NULL),
(10354, '赋得自君之出矣', '', '自君之出矣，不复理残机。\r\n\r\n思君如满月，夜夜减清辉。', '', 'center', 0, '2013-03-18 15:15:56', 1, 10095, '2014-07-23 19:52:42', NULL, NULL),
(10355, '春夜喜雨', '', '好雨知时节，当春乃发生。\r\n\r\n随风潜入夜，润物细无声。\r\n\r\n野径云俱黑，江船火独明。\r\n\r\n晓看红湿处，花重锦官城。', '', 'center', 0, '2013-03-18 15:41:27', 1, 10035, '2014-07-23 19:52:42', NULL, NULL),
(10356, '客至', '', '舍南舍北皆春水，但见群鸥日日来。\r\n\r\n花径不曾缘客扫，蓬门今始为君开。\r\n\r\n盘飧市远无兼味，樽酒家贫只旧醅。\r\n\r\n肯与邻翁相对饮，隔篱呼取尽余杯。', '', 'center', 0, '2013-03-18 15:42:22', 1, 10035, '2014-07-23 19:52:42', NULL, NULL),
(10357, '旅夜书怀', '', '细草微风岸，危樯独夜舟。\r\n\r\n星垂平野阔，月涌大江流。\r\n\r\n名岂文章著，官应老病休。\r\n\r\n飘飘何所似？天地一沙鸥。', '', 'center', 0, '2013-03-18 15:43:57', 1, 10035, '2014-07-23 19:52:42', NULL, NULL),
(10358, '登岳阳楼', '', '昔闻洞庭水，今上岳阳楼。\r\n\r\n吴楚东南坼，乾坤日夜浮。\r\n\r\n亲朋无一字，老病有孤舟。\r\n\r\n戎马关山北，凭轩涕泗流。', '', 'center', 0, '2013-03-18 15:45:18', 1, 10035, '2014-07-23 19:52:42', NULL, NULL),
(10359, '登高', '', '风急天高猿啸哀，渚清沙白鸟飞回。\r\n\r\n无边落木萧萧下，不尽长江滚滚来。\r\n\r\n万里悲秋常作客，百年多病独登台。\r\n\r\n艰难苦恨繁霜鬓，潦倒新停浊酒杯。', '', 'center', 0, '2013-03-18 15:46:27', 1, 10035, '2014-07-23 19:52:42', NULL, NULL),
(10360, '白雪歌送武判官归京', '', '北风卷地白草折，胡天八月即飞雪。\r\n\r\n忽如一夜春风来，千树万树梨花开。\r\n\r\n散入珠帘湿罗幕，狐裘不暖锦衾薄。\r\n\r\n将军角弓不得控，都护铁衣冷难着。\r\n\r\n瀚海阑干百丈冰，愁云惨淡万里凝。\r\n\r\n中军置酒饮归客，胡琴琵琶与羌笛。\r\n\r\n纷纷暮雪下辕门，风掣红旗冻不翻。\r\n\r\n轮台东门送君去，去时雪满天山路。\r\n\r\n山回路转不见君，雪上空留马行处。', '', 'center', 0, '2013-03-18 15:49:42', 1, 10096, '2014-07-23 19:52:42', NULL, NULL),
(10361, '菩萨蛮', '', '平林漠漠烟如织，寒山一带伤心碧。暝色入高楼，有人楼上愁。 %玉阶空伫立，宿鸟归飞急。何处是归程，长亭更短亭。', '', 'indent', 0, '2013-03-18 15:54:24', 2, 10041, '2014-07-23 19:52:42', NULL, NULL),
(10362, '点绛唇-绍兴乙卯登绝顶小亭', '', '缥缈危亭，笑谈独在千峰上。与谁同赏，万里横烟浪。%老去情怀，犹作天涯想。空惆怅，少年豪放，莫学衰翁样。', '', 'indent', 0, '2013-03-18 15:59:35', 2, 10097, '2014-07-23 19:52:42', NULL, NULL),
(10363, '水调歌头-濠州观鱼台作', '', '渺渺楚天阔，秋水去无穷。两淮不辨牛马，轻浪舞回风。独倚高台一笑，圉圉游鱼来往，还戏此波中。危槛对千里，落日照澄空。%子非我，安知我，意真同。鹏飞鲲化何有，沧海漫冲融。堪笑磻溪遗老，白首直钩溪畔，岁晚忽衰翁。功业竟安在，徒自兆非熊。', '', 'indent', 0, '2013-03-18 16:02:12', 2, 10097, '2014-07-23 19:52:42', NULL, NULL),
(10364, '鹤冲天', '', '黄金榜上，偶失龙头望。明代暂遗贤，如何向？未遂风云便，争不恣狂荡。何须论得丧？才子词人，自是白衣卿相。%烟花巷陌，依约丹青屏障。幸有意中人，堪寻访。且恁偎红翠，风流事，平生畅。青春都一饷。忍把浮名，换了浅斟低唱！ ', '', 'indent', 0, '2013-03-18 16:03:28', 2, 10060, '2014-07-23 19:52:42', NULL, NULL),
(10365, '望海潮', '', '东南形胜，三吴都会，钱塘自古繁华。烟柳画桥，风帘翠幕，参差十万人家。云树绕堤沙，怒涛卷霜雪，天堑无涯。市列珠玑，户盈罗绮，竞豪奢。%重湖叠巘清嘉，有三秋桂子，十里荷花。羌管弄晴，菱歌泛夜，嬉嬉钓叟莲娃。千骑拥高牙，乘醉听箫鼓，吟赏烟霞。异日图将好景，归去凤池夸。', '', 'indent', 0, '2013-03-18 16:04:24', 2, 10060, '2014-07-23 19:52:42', NULL, NULL),
(10366, '八声甘州-寄参寥子', '', '有情风，万里卷潮来，无情送潮去。问钱塘江上，西兴浦口，几度斜晖？不用思量今古，俯仰昔人非。谁似东坡老，白首忘机。%记取西湖西畔，正春山好处，空翠烟霏。算诗人相得，如我与君稀。约他年，东还海道，愿谢公、雅志莫相违。西洲路，不应回首，为我沾衣。', '', 'indent', 0, '2013-03-18 16:06:24', 2, 10001, '2014-07-23 19:52:42', NULL, NULL),
(10367, '定风波-次高左藏使君韵', '', '万里黔中一漏天，屋居终日似乘船。及至重阳天也霁，催醉，鬼门关外蜀江前。%莫笑老翁犹气岸，君看，几人黄菊上华颠？戏马台前追两谢，驰射，风流犹拍古人肩。', '', 'indent', 0, '2013-03-18 16:07:21', 2, 10086, '2014-07-23 19:52:42', NULL, NULL),
(10368, '捣练子令', '', '深院静，小庭空，断续寒砧断续风。无奈夜长人不寐，数声和月到帘栊。', '', 'indent', 0, '2013-03-18 16:08:55', 2, 10017, '2014-07-23 19:52:42', NULL, NULL),
(10369, '念奴娇', '', '断虹霁雨，净秋空，山染修眉新绿。桂影扶疏，谁便道，今夕清辉不足？万里青天，姮娥何处，驾此一轮玉。寒光零乱，为谁偏照醽醁？%年少从我追游，晚凉幽径，绕张园森木。共倒金荷，家万里，难得尊前相属。老子平生，江南江北，最爱临风曲。孙郎微笑，坐来声喷霜竹。', '', 'indent', 0, '2013-03-18 16:09:49', 2, 10086, '2014-07-23 19:52:42', NULL, NULL),
(10370, '六州歌头', '', '少年侠气，交结五都雄<少年句：化用李益“侠气五都少”句。五都：泛指北宋的各大城市。>。肝胆洞，毛发耸。立谈中，死生同，一诺千金重。推翘勇，矜豪纵，轻盖拥，联飞鞚，斗城东<斗（dǒu）城：汉长安故城，这里借指汴京。>。轰饮酒垆，春色浮寒瓮，吸海垂虹。闲呼鹰嗾犬，白羽摘雕弓，狡穴俄空。乐匆匆。%似黄梁梦，辞丹凤；明月共，漾孤篷。官冗从<冗（rǒng）从：散职侍从官。>，怀倥偬<倥（kǒng）偬（zǒng）：事多、繁忙。>，落尘笼，簿书丛。鹖弁如云众<鹖（hé）弁（biàn）：本义指武将的官帽，指武官。>，供粗用，忽奇功。笳鼓动<笳鼓：军乐器。>，渔阳弄<渔阳：安禄山起兵叛乱之地。此指侵扰北宋的少数民族发动了战争。>，思悲翁。不请长缨，系取天骄种，剑吼西风。恨登山临水，手寄七弦桐<七弦桐：即七弦琴。桐木是制琴的最佳材料，故以“桐”代“琴”。>，目送归鸿。', '此词上片落笔先从追忆作者在东京度过的六、七年倜傥逸群的侠少生活写起，“侠”、“雄”二字总摄下文，接写豪侠们的“侠”、“雄”品格，勇敢正义，慷慨豪爽，再写豪侠们“侠”、“雄”的具体行藏，驰逐、射猎、豪饮，过着快乐的生活。上片有点有染，虚实相间地向读者展示了一幅弓刀武侠的生动画卷。换头紧承“乐匆匆”三字，用“似黄粱梦”四字转折文意、变换情绪，锋芒直指埋没扼杀人才的封建统治阶级。“笳鼓动”以下六句，是全词的高潮，极写报国无门的悲愤，爱国之情，感人至深。最后三句，变激烈为凄凉，写理想破灭的悲哀。全词风格苍凉悲壮，感情充沛，叙事、议论、抒情结合紧密，抒发了作者报国无门、忧国忧民的情怀。', 'indent', 1, '2013-03-18 16:13:25', 2, 10098, '2014-07-23 19:52:42', NULL, NULL),
(10385, '庐山草堂记', '', '匡庐奇秀，甲天下山，山北峰曰香炉峰，北寺曰遗爱寺。介峰寺间，其境胜绝，又甲庐山。\r\n\r\n元和十一年秋，太原人白乐天见而爱之，若远行客过故乡，恋恋不能去，因面峰腋寺，作为草堂。\r\n\r\n明年春，草堂成。三间两柱，二室四牖，广袤丰杀，一称心力。洞开北户，来阴风，防徂暑也。敞南甍，纳阳日，虞祁寒也。木，斲而已，不加丹。墙，圬而已，不加白。墄阶用石，幂窗用纸，竹帘紵帏，率称是焉。堂中设木榻四，素屏二，漆琴一张，儒道佛书，各两三卷。\r\n\r\n乐天既来为主，仰观山，俯听泉，傍睨竹树云石，自辰至酉，应接不暇。俄而物诱气随，外适内和。一宿体宁，再宿心恬，三宿后颓然嗒然，不知其然而然。\r\n\r\n自问其故。答曰：是居也，前有平地，轮广十丈；中有平台，半平地；台南有方池，倍平台。环池多山竹，野卉。池中生白莲，白鱼。又南抵石涧。夹涧有古松，老杉，大仅十人围，高不知几百尺，修柯嘎云，低枝拂潭；如幢竖，如盖张，如龙蛇走。松下多灌丛，萝茑叶蔓，骈织承翳，日月光不到地。盛夏风气，如八九月时。下铺白石，为出入道。堂北五步，据层崖，积石，嵌空垤块，杂木异草，盖覆其上。绿阴蒙蒙，朱实离离，不识其名，四时一色。又有飞泉，植茗就以烹燀，好事者见，可以永日。堂东有瀑布，水悬三尺，泻阶隅，落石渠，昏晓如练色，夜中如环佩琴筑声。堂西倚北崖右趾，以剖竹架空，引崖上泉，脉分线悬，自檐注砌，累累如贯珠，霏微如雨露，滴沥飘洒，随风远去。其四旁耳目杖屦可及者，春有锦绣谷花，夏有石门涧云，秋有虎溪月，冬有庐峰雪。阴晴显晦，昏旦含吐，千变万状，不可殚纪，覶缕而言，故云甲庐山者。噫！凡人丰一屋，华一箦，而起居其间，尚不免有骄矜之态，今我为是物主，物至致知，各以类至，又安得不外适内和，体宁心恬哉昔永，远，宗，雷辈十八人，同入此山，老死不返，去我千载，我知其心以是哉！\r\n\r\n矧予自思，从幼迨老，若白屋，若朱门，凡所止虽一日二日，辄覆篑土为台，聚拳石为山，环斗水为池，其喜山水病癖如此。一旦蹇剥，来佐江郡，郡守以优容抚我，庐山以灵胜待我，是天与我时，地与我所，卒获所好，又何求焉！尚以冗员所羁，余累未尽，或往或来，未遑宁处。待予异时弟妹婚嫁毕，司马岁秩满，出处行止，得以自遂，则必左手引妻子，右手抱琴书，终老於斯，以成就我平生之志。清泉白石，实闻此言！\r\n\r\n时三月二十七日始居新堂；四月九日与河南元集虚，范阳张允中，南阳张深之，东西二林长老凑，朗，满，晦，坚等凡二十又二人，具斋，施茶果以乐之。因为草堂记。', '', 'indent', 0, '2013-03-18 18:40:42', 5, 10005, '2014-07-23 19:52:42', NULL, NULL),
(10386, '行行重行行', '', '行行重行行，与君生别离。\r\n\r\n相去万余里，各在天一涯；\r\n\r\n道路阻且长，会面安可知？\r\n\r\n胡马依北风，越鸟巢南枝。\r\n\r\n相去日已远，衣带日已缓；\r\n\r\n浮云蔽白日，游子不顾反。\r\n\r\n思君令人老，岁月忽已晚。\r\n\r\n弃捐勿复道，努力加餐饭！', '', 'center', 0, '2013-03-18 19:58:26', 1, 10100, '2014-07-23 19:52:42', NULL, NULL),
(10387, '青青河畔草', '', '青青河畔草，郁郁园中柳。\r\n\r\n盈盈楼上女，皎皎当窗牖。\r\n\r\n娥娥红粉妆，纤纤出素手。\r\n\r\n昔为倡家女，今为荡子妇。\r\n\r\n荡子行不归，空床难独守。', '', 'center', 0, '2013-03-18 20:10:09', 1, 10100, '2014-07-23 19:52:42', NULL, NULL),
(10388, '庭中有奇树', '', '庭中有奇树，绿叶发华滋。\r\n\r\n攀条折其荣，将以遗所思。\r\n\r\n馨香盈怀袖，路远莫致之。\r\n\r\n此物何足贵，但感别经时。', '', 'center', 0, '2013-03-18 20:11:24', 1, 10100, '2014-07-23 19:52:42', NULL, NULL),
(10389, '迢迢牵牛星', '', '迢迢牵牛星，皎皎河汉女。\r\n\r\n纤纤擢素手，札札弄机杼。\r\n\r\n终日不成章，泣涕零如雨。\r\n\r\n河汉清且浅，相去复几许。\r\n\r\n盈盈一水间，脉脉不得语。', '', 'center', 0, '2013-03-18 20:12:00', 1, 10100, '2014-07-23 19:52:42', NULL, NULL),
(10390, '生年不满百', '', '生年不满百，常怀千岁忧。\r\n\r\n昼短苦夜长，何不秉烛游！\r\n\r\n为乐当及时，何能待来兹。\r\n\r\n愚者爱惜费，但为后世嗤。\r\n\r\n仙人王子乔，难可与等期。', '此诗选自《古诗十九首》，是一首东汉的五言诗，作者未知。本诗劝人通达世事，及时行乐，不必为那些毫无益处的事而日夜烦忧，并讽刺了那些贪图富贵者不懂得领悟人生的愚昧无知。', 'center', 1, '2013-03-18 20:13:15', 1, 10100, '2014-08-18 15:39:47', NULL, NULL),
(10391, '木兰诗', '', '唧唧复唧唧，木兰当户织。不闻机杼声，惟闻女叹息。\r\n\r\n问女何所思，问女何所忆。女亦无所思，女亦无所忆。昨夜见军帖，可汗大点兵，军书十二卷，卷卷有爷名。阿爷无大儿，木兰无长兄，愿为市鞍马，从此替爷征。东市买骏马，西市买鞍鞯，南市买辔头，北市买长鞭。旦辞爷娘去，暮宿黄河边，不闻爷娘唤女声，但闻黄河流水鸣溅溅。旦辞黄河去，暮至黑山头，不闻爷娘唤女声，但闻燕山胡骑鸣啾啾。\r\n\r\n万里赴戎机，关山度若飞。朔气传金柝，寒光照铁衣。将军百战死，壮士十年归。归来见天子，天子坐明堂。策勋十二转，赏赐百千强。可汗问所欲，木兰不用尚书郎；愿驰千里足，送儿还故乡。\r\n\r\n爷娘闻女来，出郭相扶将；阿姊闻妹来，当户理红妆；小弟闻姊来，磨刀霍霍向猪羊。开我东阁门，坐我西阁床，脱我战时袍，着我旧时裳，当窗理云鬓，对镜帖花黄。出门看火伴，火伴皆惊惶：同行十二年，不知木兰是女郎。\r\n\r\n雄兔脚扑朔，雌兔眼迷离；双兔傍地走，安能辨我是雄雌？', '《木兰诗》是一首北朝民歌，宋郭茂倩《乐府诗集》归入《横吹曲辞·梁鼓角横吹曲》中。此诗讲述了一个叫木兰的女孩，女扮男装，替父从军，在战场上建立功勋，回朝后不愿作官，只求回家团聚的故事，热情赞扬了这位女子勇敢善良的品质、保家卫国的热情和英勇无畏的精神。全诗以“木兰是女郎”来构思木兰的传奇故事，富有浪漫色彩；详略安排极具匠心，富有生活气息；以铺陈、排比、对偶、互文等手法描述人物情态，刻画人物心理，生动细致，使作品具有强烈的艺术感染力。', 'indent', 1, '2013-03-18 20:20:15', 1, 10101, '2014-08-18 15:35:48', NULL, NULL),
(10392, '孔雀东南飞', '', '汉末建安中，庐江府小吏焦仲卿妻刘氏，为仲卿母所遣，自逝不嫁。其家逼之，乃投水而死。仲卿闻之，亦自缢于庭树。时人伤之，为诗云尔。\r\n\r\n孔雀东南飞，五里一徘徊。\r\n\r\n“十三能织素，十四学裁衣，十五弹箜篌，十六诵诗书。十七为君妇，心中常苦悲。君既为府吏，守节情不移，贱妾留空房，相见常日稀。鸡鸣入机织，夜夜不得息。三日断五匹，大人故嫌迟。非为织作迟，君家妇难为！妾不堪驱使，徒留无所施，便可白公姥，及时相遣归。”\r\n\r\n府吏得闻之，堂上启阿母：“儿已薄禄相，幸复得此妇，结发同枕席，黄泉共为友。共事二三年，始尔未为久，女行无偏斜，何意致不厚？”\r\n\r\n阿母谓府吏：“何乃太区区！此妇无礼节，举动自专由，吾意久怀忿，汝岂得自由！东家有贤女，自名秦罗敷，可怜体无比，阿母为汝求。便可速遣之，遣去慎莫留！”\r\n府吏长跪告：“伏惟启阿母，今若遣此妇，终老不复取！”\r\n\r\n阿母得闻之，槌床便大怒：“小子无所畏，何敢助妇语！吾已失恩义，会不相从许！”\r\n府吏默无声，再拜还入户，举言谓新妇，哽咽不能语：“我自不驱卿，逼迫有阿母。卿但暂还家，吾今且报府。不久当归还，还必相迎取。以此下心意，慎勿违吾语。”\r\n新妇谓府吏：“勿复重纷纭。往昔初阳岁，谢家来贵门。奉事循公姥，进止敢自专？昼夜勤作息。伶俜萦苦辛。谓言无罪过，供养卒大恩；仍更被驱遣，何言复来还！妾有绣腰襦，葳蕤自生光；红罗复斗帐，四角垂香囊；箱帘六七十，绿碧青丝绳，物物各自异，种种在其中。人贱物亦鄙，不足迎后人，留待作遗施，于今无会因。时时为安慰，久久莫相忘！”\r\n\r\n鸡鸣外欲曙，新妇起严妆。著我绣夹裙，事事四五通。足下蹑丝履，头上玳瑁光。腰若流纨路，耳著明月珰。指如削葱根，口如含朱丹。纤纤作细步，精妙世无双。\r\n上堂拜阿母，阿母怒不止。“昔作女儿时，生小出野里，本自无教训，兼愧贵家子。受母钱帛多，不堪母驱使。今日还家去，念母劳家里。”却与小姑别，泪落连珠子。“新妇初来时，小姑始扶床；今日被驱遣，小姑如我长。勤心养公姥，好自相扶将。初七及下九，嬉戏莫相忘。”出门登车去，涕落百余行。\r\n\r\n府吏马在前，新妇车在后，隐隐何甸甸，俱会大道口。下马入车中，低头共耳语：“誓不相隔卿，且暂还家去；吾今且赴府，不久当还归，誓天不相负！”\r\n\r\n新妇谓府吏：“感君区区怀！君既若见录，不久望君来。君当做磐石，妾当做蒲苇，蒲苇纫如丝，磐石无转移。我有亲父兄，性行暴如雷，恐不任我意，逆以煎我怀。”举手长劳劳，二情同依依。\r\n\r\n入门上家堂，进退无颜仪。阿母大拊掌，不图子自归：“十三教汝织，十四能裁衣，十五弹箜篌，十六知礼仪，十七遣汝嫁，谓言无誓违。汝今何罪过，不迎而自归？”兰芝惭阿母：“儿实无罪过。”阿母大悲摧。\r\n\r\n还家十余日，县令遣媒来。云有第三郎，窈窕世无双，年始十八九，便言多令才。\r\n阿母谓阿女：“汝可去应之。”\r\n\r\n阿女含泪答：“兰芝初还时，府吏见丁宁，结誓不别离。今日违情义，恐此事非奇。自可断来信，徐徐更谓之。”\r\n\r\n阿母白媒人：“贫贱有此女，始适还家门。不堪吏人妇，岂合令郎君？幸可广问讯，不得便相许。”媒人去数日，寻遣丞请还，说有兰家女，承籍有宦官。云有第五郎，娇逸未有婚。遣丞为媒人，主薄通语言。直说太守家，有此令郎君，既欲结大义，故遣来贵门。\r\n\r\n阿母谢媒人：“女子先有誓，老姥岂敢言！”\r\n\r\n阿兄得闻之，怅然心中烦，举言谓阿妹：“作计何不量！先嫁得府吏，后嫁得郎君，否泰如天地，足以荣汝身。不嫁义郎体，其往欲何云？”\r\n\r\n兰芝仰头答：“理实如兄言。谢家事夫婿，中道还兄门。处分适兄意，那得自任专！虽与府吏要，渠会永无缘。登即相许和，便可作婚姻。”\r\n\r\n媒人下床去，诺诺复尔尔。还部白府君：“下官奉使命，言谈大有缘。”府君得闻之，心中大欢喜。视历复开书，便利此月内，六合正相应。良吉三十日，今已二十七，卿可去成婚。交语速装束，络绎如浮云。青雀白鹄舫，四角龙子幡，婀娜随风转。金车玉作轮，踯躅青骢马，流苏金镂鞍。赍钱三百万，皆用青丝穿。杂彩三百匹，交广市鲑珍。从人四五百，郁郁登郡门。\r\n\r\n阿母谓阿女：“适得府君书，明日来迎汝。何不作衣裳？莫令事不举！”\r\n\r\n阿女默无声，手巾掩口啼，泪落便如泻。移我琉璃榻，出置前窗下。左手持刀尺，右手执绫罗。朝成绣夹裙，晚成单罗衫。晻晻日欲暝，愁思出门啼。\r\n\r\n府吏闻此变，因求假暂归。未至二三里，摧藏马悲哀。新妇识马声，蹑履向逢迎。怅然遥相望，知是故人来。举手拍马鞍，嗟叹使心伤：“自君别我后，人事不可量。果不如先愿，又非君所详。我有亲父母，逼迫兼弟兄，以我应他人，君还何所望！”\r\n府吏谓新妇：“贺卿得高迁！磐石方且厚，可以卒千年。蒲苇一时韧，便作旦夕间。卿当日胜贵，吾独向黄泉！”\r\n\r\n新妇谓府吏：“何意出此言！同是被逼迫，君尔妾亦然。黄泉下相见，勿违今日言！”执手分道去，各各还家门。生人作死别，恨恨那可论？念与世间辞，千万不复全！\r\n\r\n府吏还家去，上堂拜阿母：“今日大风寒，寒风摧树木，严霜结庭兰。儿今日冥冥，令母在后单。故作不良计，勿复怨鬼神！命如南山石，四体康且直！”\r\n\r\n阿母得闻之，零泪应声落：“汝是大家子，仕宦于台阁，慎勿为妇死，贵贱轻何薄！东家有贤女，窈窕艳城郭，阿母为汝求，便复在旦夕。”\r\n\r\n府吏再拜还，长叹空房中，作计乃尔立。转头向户里，渐见愁煎迫。\r\n\r\n其日牛马嘶，新妇入青庐。奄奄黄昏后，寂寂人定初。“我命绝今日，魂去尸长留！”揽裙脱丝履，举身赴清池。\r\n\r\n府吏闻此事，心知长别离，徘徊庭树下，自挂东南枝。\r\n\r\n两家求合葬，合葬华山傍。东西植松柏，左右种梧桐。枝枝相覆盖，叶叶相交通。中有双飞鸟，自名为鸳鸯，仰头相向鸣，夜夜达五更。行人驻足听，寡妇起彷徨。多谢后世人，戒之慎勿忘！', '', 'indent', 0, '2013-03-18 20:29:05', 5, 10100, '2014-07-23 19:52:42', NULL, NULL),
(10393, '长恨歌', '', '汉皇重色思倾国，御宇多年求不得。\r\n\r\n杨家有女初长成，养在深闺人未识。\r\n\r\n天生丽质难自弃，一朝选在君王侧。\r\n\r\n回眸一笑百媚生，六宫粉黛无颜色。\r\n\r\n春寒赐浴华清池，温泉水滑洗凝脂。\r\n\r\n侍儿扶起娇无力，始是新承恩泽时。\r\n\r\n云鬓花颜金步摇，芙蓉帐暖度春宵。\r\n\r\n春宵苦短日高起，从此君王不早朝。\r\n\r\n承欢侍宴无闲暇，春从春游夜专夜。\r\n\r\n后宫佳丽三千人，三千宠爱在一身。\r\n\r\n金屋妆成娇侍夜，玉楼宴罢醉和春。\r\n\r\n姊妹弟兄皆列土，可怜光彩生门户。\r\n\r\n遂令天下父母心，不重生男重生女。\r\n\r\n骊宫高处入青云，仙乐风飘处处闻。\r\n\r\n缓歌谩舞凝丝竹，尽日君王看不足。\r\n\r\n渔阳鼙鼓动地来，惊破霓裳羽衣曲。\r\n\r\n九重城阙烟尘生，千乘万骑西南行。\r\n\r\n翠华摇摇行复止，西出都门百余里。\r\n\r\n六军不发无奈何，宛转蛾眉马前死。\r\n\r\n花钿委地无人收，翠翘金雀玉搔头。\r\n\r\n君王掩面救不得，回看血泪相和流。\r\n\r\n黄埃散漫风萧索，云栈萦纡登剑阁。\r\n\r\n峨嵋山下少人行，旌旗无光日色薄。\r\n\r\n蜀江水碧蜀山青，圣主朝朝暮暮情。\r\n\r\n行宫见月伤心色，夜雨闻铃肠断声。\r\n\r\n天旋地转回龙驭，到此踌躇不能去。\r\n\r\n马嵬坡下泥土中，不见玉颜空死处。\r\n\r\n君臣相顾尽沾衣，东望都门信马归。\r\n\r\n归来池苑皆依旧，太液芙蓉未央柳。\r\n\r\n芙蓉如面柳如眉，对此如何不泪垂。\r\n\r\n春风桃李花开日，秋雨梧桐叶落时。\r\n\r\n西宫南内多秋草，落叶满阶红不扫。\r\n\r\n梨园弟子白发新，椒房阿监青娥老。\r\n\r\n夕殿萤飞思悄然，孤灯挑尽未成眠。\r\n\r\n迟迟钟鼓初长夜，耿耿星河欲曙天。\r\n\r\n鸳鸯瓦冷霜华重，翡翠衾寒谁与共。\r\n\r\n悠悠生死别经年，魂魄不曾来入梦。\r\n\r\n临邛道士鸿都客，能以精诚致魂魄。\r\n\r\n为感君王辗转思，遂教方士殷勤觅。\r\n\r\n排空驭气奔如电，升天入地求之遍。\r\n\r\n上穷碧落下黄泉，两处茫茫皆不见。\r\n\r\n忽闻海上有仙山，山在虚无缥渺间。\r\n\r\n楼阁玲珑五云起，其中绰约多仙子。\r\n\r\n中有一人字太真，雪肤花貌参差是。\r\n\r\n金阙西厢叩玉扃，转教小玉报双成。\r\n\r\n闻道汉家天子使，九华帐里梦魂惊。\r\n\r\n揽衣推枕起徘徊，珠箔银屏迤逦开。\r\n\r\n云鬓半偏新睡觉，花冠不整下堂来。\r\n\r\n风吹仙袂飘飘举，犹似霓裳羽衣舞。\r\n\r\n玉容寂寞泪阑干，梨花一枝春带雨。\r\n\r\n含情凝睇谢君王，一别音容两渺茫。\r\n\r\n昭阳殿里恩爱绝，蓬莱宫中日月长。\r\n\r\n回头下望人寰处，不见长安见尘雾。\r\n\r\n惟将旧物表深情，钿合金钗寄将去。\r\n\r\n钗留一股合一扇，钗擘黄金合分钿。\r\n\r\n但教心似金钿坚，天上人间会相见。\r\n\r\n临别殷勤重寄词，词中有誓两心知。\r\n\r\n七月七日长生殿，夜半无人私语时。\r\n\r\n在天愿作比翼鸟，在地愿为连理枝。\r\n\r\n天长地久有时尽，此恨绵绵无绝期。', '', 'center', 0, '2013-03-18 20:40:07', 1, 10005, '2014-07-23 19:52:42', NULL, NULL),
(10394, '长歌行', '', '青青园中葵，朝露待日晞。\r\n\r\n阳春布德泽，万物生光辉。\r\n\r\n常恐秋节至，焜黄华叶衰。\r\n\r\n百川东到海，何时复西归？\r\n\r\n少壮不努力，老大徒伤悲。', '', 'center', 0, '2013-03-18 21:16:24', 1, 10100, '2014-07-23 19:52:42', NULL, NULL),
(10395, '赠卫八处士', '', '人生不相见，动如参与商<参（shēn）商，二星名。商星居于东方卯位，参星居于西方酉位，一出一没，永不相见。>。\r\n\r\n今夕复何夕，共此灯烛光。\r\n\r\n少壮能几时，鬓发各已苍。\r\n\r\n访旧半为鬼<访旧句：彼此打听故旧亲友，竟已去世一半。>，惊呼热中肠。\r\n\r\n焉知二十载，重上君子堂。\r\n\r\n昔别君未婚，儿女忽成行<成行（háng），指朋友的儿女众多。>。\r\n\r\n怡然敬父执<父执：父亲的故友。>，问我来何方。\r\n\r\n问答未及已，驱儿罗酒浆。\r\n\r\n夜雨剪春韭，新炊间黄粱<夜雨句：郭林宗自种畦圃，友人范逵夜至，自冒雨剪韭，作汤饼以供之。>。\r\n\r\n主称会面难，一举累十觞。\r\n\r\n十觞亦不醉，感子故意长<故意长，老朋友的情谊深长。>。\r\n\r\n明日隔山岳，世事两茫茫。', '此诗作于诗人被贬华州司功参军之后。诗写偶遇少年知交卫八的情景，人生聚散不定，故友相见格外亲。然而暂聚忽别，却又觉得世事渺茫，无限感慨。全诗平易真切，层次井然。', 'center', 1, '2013-03-22 22:19:42', 1, 10035, '2014-07-23 19:52:42', NULL, NULL),
(10396, '蝶恋花', '', '伫倚危楼风细细，望极春愁，黯黯生天际。草色烟光残照里，无言谁会凭阑意。%拟把疏狂图一醉，对酒当歌，强乐还无味。衣带渐宽终不悔，为伊消得人憔悴。', '', 'indent', 0, '2013-03-23 00:20:26', 2, 10060, '2014-07-23 19:52:42', NULL, NULL),
(10397, '青玉案', '', '凌波不过横塘路，但目送、芳尘去。锦瑟年华谁与度？月桥花院，琐窗朱户，只有春知处。%飞云冉冉蘅皋暮，彩笔新题断肠句。若问闲情都几许？一川烟草，满城风絮，梅子黄时雨。', '', 'indent', 0, '2013-03-23 00:34:38', 2, 10098, '2014-07-23 19:52:42', NULL, NULL),
(10398, '南乡子', '和杨元素，时移守密州', '东武望余，云海天涯两杳茫。何日功成名遂了，还乡，醉笑陪公三万场。%不用诉离觞，痛饮从来别有肠。今夜送归灯火冷，河塘，堕泪羊公却姓杨。', '', 'indent', 0, '2013-03-23 00:37:21', 2, 10001, '2014-07-23 19:52:42', NULL, NULL),
(10399, '梅花引-荆溪阻雪', '', '白鸥问我泊孤舟，是身留，是心留<身留：被雪所阻，被迫不能动身而羁留下来。\r\n心留：自己心里情愿留下。>？心若留时，何事锁眉头？风拍小帘灯晕舞，对闲影，冷清清，忆旧游<旧游：指昔日漫游的伴友与游时的情景。>。%旧游旧游今在否？花外楼，柳下舟。梦也梦也，梦不到，寒水空流。漠漠黄云，湿透木棉裘<漠漠：浓密。黄云：指昏黄的天色。木棉裘：棉衣。>。都道无人愁似我，今夜雪，有梅花，似我愁。', '词人蒋捷的这首《梅花引》，表现了他乘船阻雪于荆溪（在今江苏南部）时的惆怅情怀。词中以悠扬的节奏、活泼的笔调，在冷清的画面上，织进了热烈的回忆和洒脱的情趣；在淡淡的哀愁中，展示了一个清妍潇洒的艺术境界。吟诵起来，给人的感受，如同欣赏一支优美的随想曲，它即兴抒情，旋律自由又富于幻想。', 'indent', 1, '2013-03-23 00:46:30', 2, 10071, '2014-07-23 19:52:42', NULL, NULL),
(10400, '临江仙-夜登小阁忆洛中旧游', '', '忆昔午桥桥上饮，坐中多是豪英。长沟流月去无声。杏花疏影里，吹笛到天明。%二十馀年如一梦，此身虽在堪惊。闲登小阁看新晴。古今多少事，渔唱起三更。', '', 'indent', 0, '2013-03-23 00:52:06', 2, 10102, '2014-07-23 19:52:42', NULL, NULL),
(10401, '桃花庵歌', '', '桃花坞里桃花庵，桃花庵下桃花仙；\r\n\r\n桃花仙人种桃树，又摘桃花换酒钱。\r\n\r\n酒醒只在花前坐，酒醉还来花下眠；\r\n\r\n半醒半醉日复日，花落花开年复年。\r\n\r\n但愿老死花酒间，不愿鞠躬车马前；\r\n\r\n车尘马足富者趣，酒盏花枝贫者缘。\r\n\r\n若将富贵比贫者，一在平地一在天；\r\n\r\n若将贫贱比车马，他得驱驰我得闲。\r\n\r\n别人笑我太疯癫，我笑他人看不穿；\r\n\r\n不见五陵豪杰墓，无花无酒锄作田。', '《桃花庵歌》为明代著名画家、文学家唐寅（伯虎）的经典诗作，是唐寅诗词中最著名的一首，乃是自况、自谴兼以警世之作。全诗画面艳丽清雅，风格秀逸清俊，音律回风舞雪，意蕴醇厚深远。虽然满眼都是花、桃、酒、醉等香艳字眼，却毫无低俗之气，反而笔力直透纸背，让人猛然一醒。', 'center', 1, '2013-03-23 01:00:12', 1, 10103, '2014-07-23 19:52:42', NULL, NULL),
(10402, '湖冻初晴远泛', '', '西湖之水，非严寒不冰，冰亦不坚。冰合初晴，朝阳闪烁，湖面冰澌琼珠，点点浮泛。时操小舟，敲冰浪游，观冰开水路，俨若舟引长蛇，晶莹片片堆叠。家童善击冰丬，举手铿然，声溜百步，恍若星流，或衝激破碎，状飞玉屑，大快寒眼，幽然此兴，恐人所未同。扣舷长歌，把酒豪举，觉我阳春满抱，白雪知音，忘却冰湖雪岸之为寒也。旧闻戒涉春冰，胸中不抱惧心，又何必以涉冰为戒？', '', 'indent', 0, '2013-03-24 17:43:59', 5, 10013, '2014-07-23 19:52:42', NULL, NULL),
(10403, '六和塔夜玩风潮', '', '浙江潮汛，人多从八月昼观，鲜有知夜观者，余昔焚修寺中，燃点塔灯，夜午月色横空，江波静寂，悠悠逝水，吞吐蟾光，自是一段奇景。顷焉风色陡寒，海门潮起，月影银涛，光摇喷雪，云移玉岸，浪卷轰雷，白练风扬，奔飞屈折，势若山岳声腾，使人毛骨欲。古云：“十万军声半夜潮。”信哉！过眼惊心。因忆当年浪游，身共水天飘泊，随潮逐浪，不知几作泛泛中人。此际沉吟，始觉利名误我不浅。遥见浪中数点浮沤，是皆南北去来舟楫。悲夫二字，搬弄人间，千古曾无英雄打破，尽为名利之梦沉酣，风波自不容人唤醒。', '', 'indent', 0, '2013-03-24 17:46:35', 5, 10013, '2014-07-23 19:52:42', NULL, NULL),
(10404, '保俶塔顶观海日', '', '保俶塔游人罕登其颠，能穷七级，四望神爽。初秋时，夜宿僧房，至五鼓起登绝顶，东望海日将起，紫雾氤氲，金霞漂荡，漫天光彩，状若长横匹练，圆走车轮，或肖虎豹超骧，鸾鹤飞舞，五色鲜艳，过目改观，瞬息幻化，变迁万状。顷焉阳谷吐火，千山影赤，金轮浴海，闪烁荧煌，火镜浮空，朣胧辉映，丹焰炯炯弥天，流光赫赫动地。斯时惟启明在东，晶丸灿烂，众星隐隐，不敢为颜矣。长望移时，令我目乱神骇，陡然狂呼，声振天表。忽听筹报鸣鸡，树喧宿乌，大地云开，露华影白。回顾城市嚣尘，万籁滚滚生动，空中新凉逼人，凛乎不可留也。下塔闭息敛神，迷目尚为云霞眩彩。', '', 'indent', 0, '2013-03-24 17:47:55', 5, 10013, '2014-07-23 19:52:42', NULL, NULL),
(10405, '乘舟风雨听芦', '', '秋来风雨怜人，独芦中声最凄黯。余自河桥望芦，过处一碧无际，归枕故丘，每怀拍拍。武林唯独山王江泾百脚村多芦。时乎风雨连朝，能独乘舟卧听，秋声远近，瑟瑟离离，芦苇萧森，苍苍蔌蔌，或雁落哑哑，或鹭飞濯濯，风逢逢而雨沥沥，耳洒洒而心于于，寄兴幽深，放怀闲逸。舟中之中谓非第一出尘阿罗汉耶？避嚣炎而甘寥寂者，当如是降伏其心。', '', 'indent', 0, '2013-03-24 17:48:41', 5, 10013, '2014-07-23 19:52:42', NULL, NULL),
(10406, '飞来洞避暑', '', '灵鹫山下，岩洞玲珑，周回虚敞，指为西域飞来一小岩也。气凉石冷，入径凛然。洞中陡处，高空若堂，窄处方斗若室，俱可人行无碍顶处。三伏熏人，燎肌燔骨，坐此披襟散髮，把酒放歌，俾川呜谷应，清冷洒然，不知人世今为何月。顾我絺綌，不胜秋尽矣。初入体凉，再入心凉，深入毛骨俱凉哉。人间抱暑焦烁，虽啖冰雪不解，而严冬犹然者，勿令知此清凉乐国。', '', 'indent', 0, '2013-03-24 17:52:11', 5, 10013, '2014-07-23 19:52:42', NULL, NULL),
(10407, '苏堤看桃花', '', '六桥桃花，人争艳赏，其幽趣数种，赏或未尽得也。若桃花妙观，其趣有六：其一，在晓烟初破，霞彩影红，微露轻匀，风姿潇洒，若美人初起，娇怯新妆。其二，明月浮花，影笼香雾，色态嫣然，夜容芳润，若美人步月，风致幽闲。其三，夕阳在山，红影花艳，酣春力倦，妩媚不胜，若美人微醉，风度羞涩。其四，细雨湿花，粉容红腻，鲜洁华滋，色更烟润，若美人浴罢，暖艳融酥。其五，高烧庭燎，把酒看花，瓣影红绡，争研弄色，若美人晚妆，容冶波俏。其六，花事将阑，残红零落，辞条未脱，半落半留。兼之封家姨无情，高下陡作，使万点残红，纷纷飘泊，或扑面撩人，或浮樽沾席，意恍萧骚，若美人病怯，铅华销减。六者惟真赏者得之。又若芳草留春，翠裀堆锦，我当醉眠席地，放歌咏怀，使花片历乱满衣，残香隐隐扑鼻，梦与花神携手巫阳，思逐彩云飞动，幽欢流畅，此乐何极。', '', 'indent', 0, '2013-03-24 17:53:47', 5, 10013, '2014-07-23 19:52:42', NULL, NULL),
(10408, '《尚书别解》序', '', '嘉靖辛卯，余自南都下第归。闭门扫轨，朋旧少过。家无闲室，昼居于内，日抱小女儿以嬉。儿欲睡，或乳于母，即读《尚书》。儿亦爱弄书，见书辄以指循行，口作声，若甚解者。故余读常不废，时有所见，用著于录。意到即笔，不得留，昔人所谓兔起鹘落时也。无暇为文章，留之箱筥，以备温故。章分句析，有古之诸家在，不敢以比拟，号曰《别解》。\r\n\r\n余尝谓：观书若画工之有画，耳目口鼻大小肥瘠无不似者，而人见之，不以为似也，其必有得其形而不得其神者矣。余之读书也，不敢谓得其神，乃有意于以神求之云。', '《尚书别解》是归有光读《尚书》的笔记，本文则是为《尚书别解》所作的序文。', 'indent', 0, '2013-03-24 18:11:26', 5, 10004, '2014-07-23 19:52:42', NULL, NULL),
(10409, '半死桐-思越人', '', '重过阊门万事非，同来何事不同归？梧桐半死清霜后，头白鸳鸯失伴飞。%原上草，露初晞，旧栖新垅雨依依。空床卧听南窗雨，谁复挑灯夜补衣！', '此词是北宋词人贺铸为亡妻作的一首悼亡词。词中通过旧地重游抒发感情，追念了作者与亡妻在长期同甘共苦的生活中，培育出来的深厚爱情。全词触景生情，出语沉痛，情真意切，哀怨凄婉，动人肺腑。', 'indent', 1, '2013-03-25 09:41:43', 2, 10098, '2014-08-20 23:25:34', '', ''),
(10410, '江城子', '', '西城杨柳弄春柔。动离忧。泪难收。犹记多情，曾为系归舟。碧野朱桥当日事，人不见，水空流。%韶华不为少年留。恨悠悠。几时休。飞絮落花时节一登楼。便做春江都是泪，流不尽，许多愁。', '', 'indent', 0, '2013-03-25 11:17:13', 2, 10085, '2014-07-23 19:52:42', NULL, NULL),
(10411, '凉州词', '', '葡萄美酒夜光杯，欲饮琵琶马上催。\r\n\r\n醉卧沙场君莫笑，古来征战几人回？', '《凉州词》创作于开元年间，是描绘边塞生活的名曲之一，诗人性情的豪爽在其中表现得淋漓尽致。全诗写出了广袤边塞来之不易的一次盛宴，勾画出了戍边将士尽情畅饮、欢快愉悦的场面，抒发的是反战的哀怨，所揭露的是自有战争以来生还者极少的悲惨事实，却出以豪迈旷达之笔，表现了一种视死如归的悲壮情绪。使人透过这种貌似豪放旷达的胸怀，更加看清了军人们心灵深处的忧伤与幻灭。', 'center', 1, '2013-03-25 11:26:15', 1, 10104, '2014-08-20 14:38:40', '', ''),
(10412, '祭妹文', '', '呜呼！汝生于浙，而葬于斯，离吾乡七百里矣；当时虽觭梦幻想，宁知此为归骨所耶？\r\n\r\n汝以一念之贞，遇人仳离，致孤危托落，虽命之所存，天实为之；然而累汝至此者，未尝非予之过也。予幼从先生授经，汝差肩而坐，爱听古人节义事；一旦长成，遽躬蹈之。呜呼！使汝不识《诗》、《书》，或未必艰贞若是。\r\n\r\n予捉蟋蟀，汝奋臂出其间；岁寒虫僵，同临其穴。今予殓汝葬汝，而当日之情形，憬然赴目。予九岁，憩书斋，汝梳双髻，披单缣来，温《缁衣》一章；适先生奓户入，闻两童子音琅琅然，不觉莞尔，连呼“则则”，此七月望日事也。汝在九原，当分明记之。予弱冠粤行，汝掎裳悲恸。逾三年，予披宫锦还家，汝从东厢扶案出，一家瞠视而笑，不记语从何起，大概说长安登科、函使报信迟早云尔。凡此琐琐，虽为陈迹，然我一日未死，则一日不能忘。旧事填膺，思之凄梗，如影历历，逼取便逝。悔当时不将嫛婗情状，罗缕记存；然而汝已不在人间，则虽年光倒流，儿时可再，而亦无与为证印者矣。\r\n\r\n汝之义绝高氏而归也，堂上阿奶，仗汝扶持；家中文墨，汝办治。尝谓女流中最少明经义、谙雅故者。汝嫂非不婉嫕，而于此微缺然。故自汝归后，虽为汝悲，实为予喜。予又长汝四岁，或人间长者先亡，可将身后托汝；而不谓汝之先予以去也。前年予病，汝终宵刺探，减一分则喜，增一分则忧。后虽小差，犹尚殗殜，无所娱遣；汝来床前，为说稗官野史可喜可愕之事，聊资一欢。呜呼！今而后，吾将再病，教从何处呼汝耶？ \r\n\r\n汝之疾也，予信医言无害，远吊扬州；汝又虑戚吾心，阻人走报；及至绵惙已极，阿奶问：“望兄归否？”强应曰：“诺。”已予先一日梦汝来诀，心知不祥，飞舟渡江，果予以未时还家，而汝以辰时气绝；四支犹温，一目未瞑，盖犹忍死待予也。呜呼痛哉！早知诀汝，则予岂肯远游？即游，亦尚有几许心中言要汝知闻、共汝筹画也。而今已矣！除吾死外，当无见期。吾又不知何日死，可以见汝；而死后之有知无知，与得见不得见，又卒难明也。然则抱此无涯之憾，天乎人乎！而竟已乎！\r\n\r\n汝之诗，吾已付梓；汝之女，吾已代嫁；汝之生平，吾已作传；惟汝之窀穸，尚未谋耳。先茔在杭，江广河深，势难归葬，故请母命而宁汝于斯，便祭扫也。其傍，葬汝女阿印；其下两冢：一为阿爷侍者朱氏，一为阿兄侍者陶氏。羊山旷渺，南望原隰，西望栖霞，风雨晨昏，羁魂有伴，当不孤寂。所怜者，吾自戊寅年读汝哭姪诗后，至今无男；两女牙牙，生汝死后，才周睟耳。予虽亲在未敢言老，而齿危发秃，暗里自知；知在人间，尚复几日？阿品远官河南，亦无子女，九族无可继者。汝死我葬，我死谁埋？汝倘有灵，可能告我？\r\n\r\n呜呼！生前既不可想，身后又不可知；哭汝既不闻汝言，奠汝又不见汝食。纸灰飞扬，朔风野大，阿兄归矣，犹屡屡回头望汝也。呜呼哀哉！呜呼哀哉！', '', 'indent', 0, '2013-03-25 19:49:34', 5, 10099, '2014-09-13 19:18:21', '', ''),
(10413, '陇西行', '', '誓扫匈奴不顾身，五千貂锦丧胡尘。\r\n\r\n可怜无定河边骨，犹是春闺梦里人。', '', 'center', 0, '2013-03-25 19:57:12', 1, 10105, '2014-07-23 19:52:42', NULL, NULL),
(10414, '邶风-凯风', '', '凯风自南，吹彼棘心。棘心夭夭，母氏劬劳。\r\n\r\n凯风自南，吹彼棘薪。母氏圣善，我无令人。\r\n\r\n爰有寒泉？在浚之下。有子七人，母氏劳苦。\r\n\r\n睍睆黄鸟，载好其音。有子七人，莫慰母心。', '', 'center', 0, '2013-03-25 20:00:45', 1, 10077, '2014-07-23 19:52:42', NULL, NULL);
INSERT INTO `work` (`id`, `title`, `foreword`, `content`, `intro`, `layout`, `highlight`, `create_time`, `type_id`, `author_id`, `updated_at`, `mobile_content`, `mobile_title`) VALUES
(10415, '西江月', '', '自幼曾攻经史，长成亦有权谋。恰如猛虎卧荒丘，潜伏爪牙忍受。%不幸刺文双颊，那堪配在江州。他年若得报冤仇，血染浔阳江口。', '宋江是北宋农民起义的领袖。在《全宋词》中，宋江词存二首，一首是感伤、惆怅的《念奴娇》，另一就是这首充满豪情的《西江月》。该词格调高昂激越。写作手法是由低到高、由柔到刚循序渐进地陈述与抒发，虽然语言通俗明白如话，毫无文饰，但难得的是真情实志发自心底，没有丝毫矫揉之气，读其词如见其人。', 'indent', 1, '2013-03-25 20:09:44', 2, 10106, '2014-08-18 15:10:30', NULL, NULL),
(10416, '七绝', '', '心在山东身在吴，飘蓬江海谩嗟吁。\r\n\r\n他时若遂凌云志，敢笑黄巢不丈夫。', '', 'center', 0, '2013-03-25 20:12:24', 1, 10106, '2014-07-23 19:52:42', NULL, NULL),
(10417, '诉衷情', '', '当年万里觅封候，匹马戍梁州。关河梦断何处，尘暗旧貂裘。%胡未灭，鬓先秋，泪空流。此生谁料，心在天山，身老沧州。', '', 'indent', 0, '2013-03-26 10:57:36', 2, 10019, '2014-07-23 19:52:42', NULL, NULL),
(10419, '雁门太守行', '', '黑云压城城欲摧，甲光向日金鳞开。\r\n  \r\n角声满天秋色里，塞上燕脂凝夜紫。\r\n\r\n半卷红旗临易水，霜重鼓寒声不起。\r\n\r\n报君黄金台上意，提携玉龙为君死。', '', 'center', 0, '2013-04-01 11:10:07', 1, 10108, '2014-07-23 19:52:42', NULL, NULL),
(10420, '南园（其五）', '', '男儿何不带吴钩<吴钩：吴地出产的弯形的刀，此处指宝刀。>，收取关山五十州？\r\n\r\n请君暂上凌烟阁<凌烟阁：唐太宗为表彰功臣而建的殿阁，上有秦琼等二十四人的像。>，若个书生万户侯？', '此诗是唐代诗人李贺的组诗作品《南园十三首》的第五首。这首诗由两个设问句组成，顿挫激越，而又直抒胸臆，把家国之痛和身世之悲都淋漓酣畅地表达出来了。', 'center', 1, '2013-04-01 11:10:48', 1, 10108, '2014-08-25 11:14:05', '', ''),
(10421, '李凭箜篌引', '', '吴丝蜀桐张高秋，空山凝云颓不流。\r\n\r\n江娥啼竹素女愁，李凭中国弹箜篌。\r\n\r\n昆山玉碎凤凰叫，芙蓉泣露香兰笑。\r\n\r\n十二门前融冷光，二十三丝动紫皇。\r\n\r\n女娲炼石补天处，石破天惊逗秋雨。\r\n\r\n梦入神山教神妪，老鱼跳波瘦蛟舞。\r\n\r\n吴质不眠倚桂树，露脚斜飞湿寒兔。', '', 'center', 0, '2013-04-01 11:12:03', 1, 10108, '2014-07-23 19:52:42', NULL, NULL),
(10422, '行香子-述怀', '', '清夜无尘，月色如银。酒斟时、须满十分。浮名浮利，虚苦劳神。叹隙中驹，石中火，梦中身<隙中驹：快马驰过缝隙。石中火：凿石发出的火花，均比喻时光飞逝，人生短促。>。%虽抱文章，开口谁亲<“虽抱”二句：虽然能写经邦治国的文章，却无人赏识。>。且陶陶、乐尽天真<淘淘：快乐的样子。天真：未受习俗所染的天然性情。>。几时归去，作个闲人。对一张琴，一壶酒，一溪云。', '此词所作时间不详。从内容上看，表达的是归隐志向，这种志向自作者被贬黄州后逐渐强烈，时不时会从心底冒出。在一个把酒对月的夜晚，已厌倦了官场生活的苏轼，再次表述了这一情怀。', 'indent', 1, '2013-07-16 14:35:04', 2, 10001, '2014-08-24 10:17:49', '', ''),
(10423, '江南逢李龟年', '', '岐王宅里寻常见<岐王：唐玄宗李隆基的弟弟， 名叫李范，以好学爱才著称，雅善音律。寻常：经常。>，崔九堂前几度闻<崔九：崔涤，在兄弟中排行第九，中书令崔湜的弟弟。玄宗时，曾任殿中监，出入禁中，得玄宗宠幸，以此表明李龟年原来受赏识。>。\r\n\r\n正是江南好风景<江南：这里指今湖南省一带。>，落花时节又逢君。', '此诗大概作于公元770年（大历五年）杜甫在长沙的时候。李龟年，唐朝开元、天宝年间的著名乐师，擅长唱歌。因为受到皇帝唐玄宗的宠幸而红极一时。“安史之乱”后，李龟年流落江南，卖艺为生。杜甫漂泊到江南一带，和李龟年重逢，回忆起在岐王和崔九的府第频繁相见和听歌的情景而感慨万千，写下这首诗。\r\n\r\n语言极平易，而含意极深远，包含着非常丰富的社会生活内容，表达了出时世凋零丧乱与人生凄凉飘零之感。那种昔盛今衰，构成了尖锐的对比，使读者感到诗情的深沉与凝重。诗的开首二句是追忆昔日与李龟年的接触，寄寓诗人对开元初年鼎盛的眷怀；后两句是对国事凋零，艺人颠沛流离的感慨。仅仅四句却概括了整个开元时期的时代沧桑，人生巨变吧，表达了作者当时的态度。', 'center', 1, '2013-07-17 10:06:29', 1, 10035, '2014-08-20 14:41:19', '', ''),
(10424, '相见欢', '', '林花谢了春红，太匆匆。无奈朝来寒雨晚来风。%胭脂泪，留人醉，几时重？自是人生长恨水长东。', '这首词当作于公元975年（北宋太祖开宝八年）李煜被俘之后。南唐灭亡，李煜被俘北上，留居汴京（今河南开封）二年多。此词即写于作者身为阶下囚时期。', 'indent', 0, NULL, 2, 10017, '2014-07-23 19:52:42', NULL, NULL),
(10425, '归园田居（其三）', '', '种豆南山下，草盛豆苗稀。\r\n\r\n晨兴理荒秽，带月荷锄归。\r\n\r\n道狭草木长，夕露沾我衣。\r\n\r\n衣沾不足惜，但使愿无违。', '', 'center', 0, NULL, 1, 10011, '2014-07-23 19:52:42', NULL, NULL),
(10426, '和张仆射塞下曲（其三）', '', '月黑雁飞高，单于夜遁逃。\r\n\r\n欲将轻骑逐，大雪满弓刀。', '是卢纶组诗《塞下曲》中的第三首。卢纶曾任幕府中的元帅判官，对行伍生活有体验，描写此类生活的诗比较充实，风格雄劲。这首诗写将军雪夜准备率兵追敌的壮举，气概豪迈。诗句虽然没有直接写激烈的战斗场面，但留给了读者广阔的想象空间，营造了诗歌意蕴悠长的氛围。', 'center', 1, NULL, 1, 10014, '2014-08-18 16:32:31', NULL, NULL),
(10427, '贺新郎-同父见和再用韵答之', '', '老大那堪说。似而今、元龙臭味，孟公瓜葛。我病君来高歌饮，惊散楼头飞雪。笑富贵千钧如发。硬语盘空谁来听？记当时、只有西窗月。重进酒，换鸣瑟。%事无两样人心别。问渠侬：神州毕竟，几番离合？汗血盐车无人顾，千里空收骏骨。正目断关河路绝。我最怜君中宵舞，道“男儿到死心如铁”。看试手，补天裂。', '宋孝宗淳熙十五年冬，陈亮自浙江东阳来江西上饶北郊带湖访问作者。作者和陈亮纵谈天下大事，议论抗金复国，极为投契。陈亮在带湖住了十天，又同游鹅湖。后来，陈亮因朱熹失约未来紫溪，匆匆别去。辛弃疾思念陈亮，曾先写《贺新郎》一首寄给陈亮。陈亮很快就和了一首《贺新郎-寄辛幼安和见怀韵》。辛弃疾见到陈亮的和词以后，再次回忆他们相会时的情景而写下了这首词。 \r\n\r\n此词的突出特点在于，把即事叙景与直抒胸臆巧妙结合起来，用凌云健笔抒写慷慨激昂，奔放郁勃的感情，悲壮沉雄发场奋厉的格调。', 'indent', 1, NULL, 2, 10003, '2014-08-19 15:25:55', '', ''),
(10428, '清明', '', '清明时节雨纷纷，路上行人欲断魂。\r\n\r\n借问酒家何处有？牧童遥指杏花村。', '此诗写清明春雨中所见，色彩清淡，心境凄冷，历来广为传诵。第一句交代情景、环境、气氛；第二句写出了人物，显示了人物的凄迷纷乱的心境；第三句提出了如何摆脱这种心境的办法；第四句写答话带行动，是整篇的精彩所在。全诗运用由低而高、逐步上升、高潮顶点放在最后的手法，余韵邈然，耐人寻味。', 'center', 1, NULL, 1, 10109, '2014-08-18 16:09:11', NULL, NULL),
(10429, '山行', '', '远上寒山石径斜，白云深处有人家。\r\n\r\n停车坐爱枫林晚，霜叶红于二月花。', '《山行》是诗人杜牧的一首描写和赞美深秋山林景色的七言绝句。这首诗描绘的是秋之色，展现出一幅动人的山林秋色图，山路、人家、白云、红叶，构成一幅和谐统一的画面。在这首诗中，杜牧以情驭景，敏捷、准确地捕捉足以体现自然美的形象，并把自己的情感融汇其中，使情感美与自然美水乳交融，情景互为一体。全诗构思新颖，布局精巧，于萧瑟秋风中摄取绚丽秋色，与春光争胜，令人赏心悦目。这首小诗不只是即兴咏景，而且进而咏物言志，是诗人内在精神世界的表露。', 'center', 1, NULL, 1, 10109, '2014-08-18 16:10:56', NULL, NULL),
(10430, '夜雪', '', '已讶衾枕冷，复见窗户明。\r\n\r\n夜深知雪重，时闻折竹声。', '《夜雪》是唐代诗人白居易创作的一首五言绝句。这是一首咏雪诗，诗人描写的是“夜雪”，全用侧面烘托手法。诗人怀着真情实感抒写自己独特的感受，在众多的咏雪诗中，此诗新颖别致，清新淡雅，别具韵味。首句从感觉写起，通过冷不仅点明有雪，而且暗示雪大。次句从视觉的角度进一步写夜雪，夜深却见窗明，正说明雪下得大、积雪深，是积雪的反光给暗夜带来了亮光。三四句是从听觉的角度着笔，深夜传来了积雪压折竹枝的声音，可知雪势的有增无减。“折竹声”于深夜时闻，衬托了冬夜的寂静，也暗示出诗人一夜无眠。这不只是因为“衾枕冷”，也透露出诗人谪居江州的孤寂心情。', 'center', 1, NULL, 1, 10005, '2014-08-18 16:23:14', NULL, NULL);

-- --------------------------------------------------------

--
-- 表的结构 `work_image`
--

CREATE TABLE IF NOT EXISTS `work_image` (
  `id` int(11) NOT NULL AUTO_INCREMENT,
  `filename` varchar(200) DEFAULT NULL,
  `create_time` datetime DEFAULT NULL,
  `work_id` int(11) DEFAULT NULL,
  `user_id` int(11) DEFAULT NULL,
  `from_url` varchar(250) DEFAULT NULL,
  `is_original` tinyint(1) DEFAULT NULL,
  PRIMARY KEY (`id`),
  KEY `work_id` (`work_id`),
  KEY `user_id` (`user_id`)
) ENGINE=InnoDB  DEFAULT CHARSET=utf8 AUTO_INCREMENT=10046 ;

--
-- 转存表中的数据 `work_image`
--

INSERT INTO `work_image` (`id`, `filename`, `create_time`, `work_id`, `user_id`, `from_url`, `is_original`) VALUES
(10029, 'f6725fe0-1476-11e3-8234-359061e587c8.jpg', '2013-09-03 08:12:31', 10188, 45197381, NULL, 1),
(10030, 'b2e41b1e-149a-11e3-8234-31127dfbaa6c.jpg', '2013-09-03 08:13:26', 10258, 45197381, NULL, 1),
(10031, '5c4f7fd8-1476-11e3-8234-f57d7090a628.jpg', '2013-09-03 08:41:25', 10148, 45197381, NULL, 1),
(10032, '88c9b420-148f-11e3-8234-a7c5f18c7646.jpg', '2013-09-03 19:54:06', 10022, 45197381, NULL, 1),
(10033, '1e0adb9c-1493-11e3-8234-a7c5f18c7646.jpg', '2013-09-03 20:19:44', 10277, 45197381, NULL, 1),
(10034, 'a914e050-1495-11e3-8234-eb2c08b6abcb.jpg', '2013-09-03 20:37:57', 10084, 45197381, NULL, 1),
(10035, 'd0ef0744-1833-11e3-8234-33a7e7a8b0bb.jpg', '2013-09-08 11:07:38', 10071, 45197381, NULL, 1),
(10036, 'ae37b0b8-259c-11e3-8234-3d2a158eb0f9.jpg', '2013-09-20 15:29:33', 10029, 45197381, NULL, 1),
(10038, '4ccc47be-2581-11e3-8234-db3dede3cca8.jpg', '2013-09-25 09:25:02', 10347, 45197381, NULL, NULL),
(10039, '45bc588a-2584-11e3-8234-836e37a4b654.jpg', '2013-09-25 09:46:18', 10182, 45197381, NULL, NULL),
(10040, 'e2a174da-259f-11e3-8234-818213016b6c.jpg', '2013-09-25 13:03:58', 10148, 45197381, NULL, NULL),
(10041, 'ba3d19da-25a0-11e3-8234-39bbec024677.jpg', '2013-09-25 13:10:00', 10022, 45197381, NULL, NULL),
(10042, 'b41a1f44-25a5-11e3-8234-99b03d1ce594.jpeg', '2013-09-25 13:45:37', 10081, 45197381, NULL, NULL),
(10043, '7c140f38-25eb-11e3-8234-c79d55fca5ea.jpg', '2013-09-25 22:05:08', 10118, 45197381, NULL, NULL),
(10044, 'bef67020-b791-4980-bb36-7e000baddd03.jpg', '2014-05-24 11:33:07', 10093, 45197381, NULL, NULL),
(10045, '1d592217-e2df-48b3-bf07-cb1e6b865a56.jpg', '2014-07-13 17:23:27', 10048, 45197381, NULL, NULL);

-- --------------------------------------------------------

--
-- 表的结构 `work_review`
--

CREATE TABLE IF NOT EXISTS `work_review` (
  `id` int(11) NOT NULL AUTO_INCREMENT,
  `title` varchar(100) DEFAULT NULL,
  `content` text,
  `is_publish` tinyint(1) DEFAULT NULL,
  `click_num` int(11) DEFAULT NULL,
  `create_time` datetime DEFAULT NULL,
  `work_id` int(11) DEFAULT NULL,
  `user_id` int(11) DEFAULT NULL,
  PRIMARY KEY (`id`),
  KEY `work_id` (`work_id`),
  KEY `user_id` (`user_id`)
) ENGINE=InnoDB  DEFAULT CHARSET=utf8 AUTO_INCREMENT=10005 ;

--
-- 转存表中的数据 `work_review`
--

INSERT INTO `work_review` (`id`, `title`, `content`, `is_publish`, `click_num`, `create_time`, `work_id`, `user_id`) VALUES
(10002, '想起了《搜神记》', '此词是写元宵写得最好的词之一，这一点应该是公认的了~不知怎么的，每次读到上片中的“星如雨”，都让我想起树下野狐的《搜神记》中，第十六卷“瑶池会”的第一章——昨夜星辰：\r\n\r\n“乱流穿梭，泡沫滚滚，湖底五彩斑斓的瑶玉晶石随着激流朝上缤纷倒冲，仿佛无数晶莹的彩色雨线，煞是好看。晶石飞冲漂移，相互折射，绚光迷离，层层叠叠地照耀在翩翩游舞的两人身上。\r\n\r\n拓拔野施展‘鱼息法’，牵着姑射仙子的柔软素手，一面输导清新空气，一面自在地穿过绮丽耀眼的万千晶石、泡沫水波，沉入闪闪发光的湖底，而后又舒展惬意地朝上方游去。\r\n\r\n透过那不住晃荡淡蓝色的水晶般透彻的湖波，他们清晰地看见，那颗巨大的陨石流星拖曳着七彩流光，如一道约丽彩虹横空破舞，发狂似的激撞在湖心黑色巨石上。湖波狂涌，巨石震动，整个章荪山似乎都在急剧摇晃。\r\n\r\n那青黑色的巨石极是坚硬，除了迸溅出千百细小的石屑，竟似巍然无损。倒是那颗流星一撞之下，蓦地崩炸碎裂，四射冲天。\r\n\r\n无数陨石碎块仿佛彩色的飓风朝空中卷舞，与漫漫水珠、炸飞的冰雪山石交错穿梭；迸射出百余丈高后，又纷纷急速冲落，朝那湖心巨石重新撞来。\r\n\r\n星石如雨，黑色的金属碎物缤纷地吸附在巨石上，其他万千碎石晶块撞击巨石，则纷纷弹射抛舞，掉落天湖。气泡串串，彩石漫漫！悠悠地朝下沉落。\r\n\r\n绚光耀射，光怪陆离。人在碧波深处，白衣青裳飘飘飞舞，穿行于这瑰丽如梦的湖底，仰望晃动的夜空星辰，心情说不出的欢悦舒畅，仿佛也随着身旁那韵律跌宕的彩石，一起化作了撞落天湖的星子。”\r\n\r\n才华横溢的狐狸文笔自然不凡，无论哪一个场景到了他的笔下，都会极其壮阔、绮丽非凡，而且这种美会隐隐透漏着一种凄美的意味。长流仙子终究是个可怜人，姑射又何尝不是？第一部姑射仙子与拓拔野的关系“不了了之”，第二部的最后，善良的姑射选择了默默的离开，两人，终究形同陌路。\r\n\r\n蛮荒第三部，应该不会出现仙子姐姐了吧？她和拓跋之间的故事，或许永远就停留在这里了~哎，总之，愿天下有情人终成眷属！', 1, 619, '2013-07-11 22:06:02', 10029, 45197381),
(10003, '苟日新，日日新，又日新', '我是读《瓦尔登湖》才第一次看到这句话。梭罗在每天清晨都要去瓦尔登湖洗澡，于是想到了《盘铭》刻的字：“苟日新，日日新，又日新”。我觉得这句话非常好，查其原出处，发现竟出自《大学》的第三章，完整文字如下：\r\n\r\n汤之《盘铭》曰：“苟日新，日日新，又日新。”《康诰》曰：“作新民。”《诗》曰：“周虽旧邦，其命维新。”是故君子无所不用其极。\r\n\r\n我个人对盘铭的三个短句很喜欢，很有微言大义的感觉。再三考虑之后，决定将其从原文中抽取出来，独立成篇，归到商代商汤王名下，题目就叫“盘铭”。\r\n\r\n每个人看到这句话都有自己不同的理解，而我的理解就是：跳出自己的舒适区，多去尝试新的东西，生活会更加精彩。很多人害怕打破自己的惯例，但其实真正作出改变后才会发现，just so so，一个陡坡从下面看当然会很陡，但是当你走上去后，每一步每一步地走，才会发现其实远没有想象中的恐怖。\r\n\r\n每一次去食堂，可以换一种菜，说不定可以发现一种之前可能没吃过但真的很好吃的菜；每一次打LOL，可以选一个没有玩过的英雄，说不定非常适合你的口味；每一次去一个目的地，不妨换一个新的路线，说不定可以发现更美的风景。有时候作出改变的成本真的很低，只是不去做而已，于是在生活的大大小小的各方面，都有可能错过潜在的精彩。\r\n\r\n苟日新，日日新，又日新。', 1, 626, '2013-07-15 16:52:27', 10235, 45197381),
(10004, '好一个从头越', '这个完全没有开始写啦！', 0, 12, '2013-09-25 14:11:35', 10258, 45197381);

-- --------------------------------------------------------

--
-- 表的结构 `work_review_comment`
--

CREATE TABLE IF NOT EXISTS `work_review_comment` (
  `id` int(11) NOT NULL AUTO_INCREMENT,
  `content` text,
  `create_time` datetime DEFAULT NULL,
  `review_id` int(11) NOT NULL,
  `user_id` int(11) NOT NULL,
  PRIMARY KEY (`id`,`review_id`,`user_id`),
  KEY `review_id` (`review_id`),
  KEY `user_id` (`user_id`)
) ENGINE=InnoDB  DEFAULT CHARSET=utf8 AUTO_INCREMENT=2 ;

--
-- 转存表中的数据 `work_review_comment`
--

INSERT INTO `work_review_comment` (`id`, `content`, `create_time`, `review_id`, `user_id`) VALUES
(1, '好赞的程序员！！可惜没有搜到我最近看到的一首词。。', '2013-11-05 11:26:14', 10003, 46240744);

-- --------------------------------------------------------

--
-- 表的结构 `work_tag`
--

CREATE TABLE IF NOT EXISTS `work_tag` (
  `id` int(11) NOT NULL AUTO_INCREMENT,
  `work_id` int(11) NOT NULL,
  `tag_id` int(11) NOT NULL,
  PRIMARY KEY (`id`,`work_id`,`tag_id`),
  KEY `work_id` (`work_id`),
  KEY `tag_id` (`tag_id`)
) ENGINE=InnoDB  DEFAULT CHARSET=utf8 AUTO_INCREMENT=10002 ;

--
-- 转存表中的数据 `work_tag`
--

INSERT INTO `work_tag` (`id`, `work_id`, `tag_id`) VALUES
(10001, 10023, 10006),
(10000, 10154, 10001);

-- --------------------------------------------------------

--
-- 表的结构 `work_type`
--

CREATE TABLE IF NOT EXISTS `work_type` (
  `id` int(11) NOT NULL AUTO_INCREMENT,
  `en` varchar(50) DEFAULT NULL,
  `cn` varchar(50) DEFAULT NULL,
  PRIMARY KEY (`id`)
) ENGINE=InnoDB  DEFAULT CHARSET=utf8 AUTO_INCREMENT=6 ;

--
-- 转存表中的数据 `work_type`
--

INSERT INTO `work_type` (`id`, `en`, `cn`) VALUES
(1, 'shi', '诗'),
(2, 'ci', '词'),
(3, 'fu', '赋'),
(4, 'qu', '曲'),
(5, 'wen', '文');

--
-- 限制导出的表
--

--
-- 限制表 `author`
--
ALTER TABLE `author`
  ADD CONSTRAINT `author_ibfk_1` FOREIGN KEY (`dynasty_id`) REFERENCES `dynasty` (`id`);

--
-- 限制表 `collect_work`
--
ALTER TABLE `collect_work`
  ADD CONSTRAINT `collect_work_ibfk_1` FOREIGN KEY (`user_id`) REFERENCES `user` (`id`),
  ADD CONSTRAINT `collect_work_ibfk_2` FOREIGN KEY (`work_id`) REFERENCES `work` (`id`);

--
-- 限制表 `collect_work_image`
--
ALTER TABLE `collect_work_image`
  ADD CONSTRAINT `collect_work_image_ibfk_3` FOREIGN KEY (`user_id`) REFERENCES `user` (`id`),
  ADD CONSTRAINT `collect_work_image_ibfk_4` FOREIGN KEY (`work_image_id`) REFERENCES `work_image` (`id`) ON DELETE CASCADE;

--
-- 限制表 `quote`
--
ALTER TABLE `quote`
  ADD CONSTRAINT `quote_ibfk_1` FOREIGN KEY (`author_id`) REFERENCES `author` (`id`),
  ADD CONSTRAINT `quote_ibfk_2` FOREIGN KEY (`work_id`) REFERENCES `work` (`id`);

--
-- 限制表 `topic`
--
ALTER TABLE `topic`
  ADD CONSTRAINT `topic_ibfk_1` FOREIGN KEY (`user_id`) REFERENCES `user` (`id`);

--
-- 限制表 `topic_comment`
--
ALTER TABLE `topic_comment`
  ADD CONSTRAINT `topic_comment_ibfk_1` FOREIGN KEY (`topic_id`) REFERENCES `topic` (`id`),
  ADD CONSTRAINT `topic_comment_ibfk_2` FOREIGN KEY (`user_id`) REFERENCES `user` (`id`);

--
-- 限制表 `work`
--
ALTER TABLE `work`
  ADD CONSTRAINT `work_ibfk_1` FOREIGN KEY (`author_id`) REFERENCES `author` (`id`),
  ADD CONSTRAINT `work_ibfk_3` FOREIGN KEY (`type_id`) REFERENCES `work_type` (`id`);

--
-- 限制表 `work_image`
--
ALTER TABLE `work_image`
  ADD CONSTRAINT `work_image_ibfk_1` FOREIGN KEY (`work_id`) REFERENCES `work` (`id`),
  ADD CONSTRAINT `work_image_ibfk_2` FOREIGN KEY (`user_id`) REFERENCES `user` (`id`);

--
-- 限制表 `work_review`
--
ALTER TABLE `work_review`
  ADD CONSTRAINT `work_review_ibfk_1` FOREIGN KEY (`work_id`) REFERENCES `work` (`id`),
  ADD CONSTRAINT `work_review_ibfk_3` FOREIGN KEY (`user_id`) REFERENCES `user` (`id`);

--
-- 限制表 `work_review_comment`
--
ALTER TABLE `work_review_comment`
  ADD CONSTRAINT `work_review_comment_ibfk_1` FOREIGN KEY (`review_id`) REFERENCES `work_review` (`id`),
  ADD CONSTRAINT `work_review_comment_ibfk_2` FOREIGN KEY (`user_id`) REFERENCES `user` (`id`);

--
-- 限制表 `work_tag`
--
ALTER TABLE `work_tag`
  ADD CONSTRAINT `work_tag_ibfk_1` FOREIGN KEY (`work_id`) REFERENCES `work` (`id`),
  ADD CONSTRAINT `work_tag_ibfk_2` FOREIGN KEY (`tag_id`) REFERENCES `tag` (`id`);

/*!40101 SET CHARACTER_SET_CLIENT=@OLD_CHARACTER_SET_CLIENT */;
/*!40101 SET CHARACTER_SET_RESULTS=@OLD_CHARACTER_SET_RESULTS */;
/*!40101 SET COLLATION_CONNECTION=@OLD_COLLATION_CONNECTION */;
